$ /workspace/arty-frame-studio/scratch/ci-tools/oss-cad-suite/bin/yosys -p 'scratchpad -set abc.exe yosys-abc; read_verilog "/workspace/arty-frame-studio/firmware/rtl/arty_top.v" "/workspace/arty-frame-studio/firmware/rtl/frame_controller.v" "/workspace/arty-frame-studio/firmware/rtl/frame_engine.v" "/workspace/arty-frame-studio/firmware/rtl/packet_rx.v" "/workspace/arty-frame-studio/firmware/rtl/uart_rx.v" "/workspace/arty-frame-studio/firmware/rtl/uart_tx.v"; synth_xilinx -family xc7 -flatten -nodram -abc9 -top arty_top; write_json "/workspace/arty-frame-studio/build/runs/461cbd33135942a5bf11e9cc76c90e68/arty_frame.json"'

 /----------------------------------------------------------------------------\
 |  yosys -- Yosys Open SYnthesis Suite                                       |
 |  Copyright (C) 2012 - 2026  Claire Xenia Wolf <claire@yosyshq.com>         |
 |  Distributed under an ISC-like license, type "license" to see terms        |
 \----------------------------------------------------------------------------/
 Yosys 0.63+173 (git sha1 66306a8ca, clang++ 18.1.8 -fPIC -O3)

-- Running command `scratchpad -set abc.exe yosys-abc; read_verilog "/workspace/arty-frame-studio/firmware/rtl/arty_top.v" "/workspace/arty-frame-studio/firmware/rtl/frame_controller.v" "/workspace/arty-frame-studio/firmware/rtl/frame_engine.v" "/workspace/arty-frame-studio/firmware/rtl/packet_rx.v" "/workspace/arty-frame-studio/firmware/rtl/uart_rx.v" "/workspace/arty-frame-studio/firmware/rtl/uart_tx.v"; synth_xilinx -family xc7 -flatten -nodram -abc9 -top arty_top; write_json "/workspace/arty-frame-studio/build/runs/461cbd33135942a5bf11e9cc76c90e68/arty_frame.json"' --

1. Executing Verilog-2005 frontend: /workspace/arty-frame-studio/firmware/rtl/arty_top.v
Parsing Verilog input from `/workspace/arty-frame-studio/firmware/rtl/arty_top.v' to AST representation.
Generating RTLIL representation for module `\arty_top'.
/workspace/arty-frame-studio/firmware/rtl/arty_top.v:24: Warning: Replacing floating point parameter pll.CLKIN1_PERIOD = 10.000000 with string.
Successfully finished Verilog frontend.

2. Executing Verilog-2005 frontend: /workspace/arty-frame-studio/firmware/rtl/frame_controller.v
Parsing Verilog input from `/workspace/arty-frame-studio/firmware/rtl/frame_controller.v' to AST representation.
Generating RTLIL representation for module `\frame_controller'.
Successfully finished Verilog frontend.

3. Executing Verilog-2005 frontend: /workspace/arty-frame-studio/firmware/rtl/frame_engine.v
Parsing Verilog input from `/workspace/arty-frame-studio/firmware/rtl/frame_engine.v' to AST representation.
Generating RTLIL representation for module `\frame_engine'.
Successfully finished Verilog frontend.

4. Executing Verilog-2005 frontend: /workspace/arty-frame-studio/firmware/rtl/packet_rx.v
Parsing Verilog input from `/workspace/arty-frame-studio/firmware/rtl/packet_rx.v' to AST representation.
Generating RTLIL representation for module `\packet_rx'.
Successfully finished Verilog frontend.

5. Executing Verilog-2005 frontend: /workspace/arty-frame-studio/firmware/rtl/uart_rx.v
Parsing Verilog input from `/workspace/arty-frame-studio/firmware/rtl/uart_rx.v' to AST representation.
Generating RTLIL representation for module `\uart_rx'.
Successfully finished Verilog frontend.

6. Executing Verilog-2005 frontend: /workspace/arty-frame-studio/firmware/rtl/uart_tx.v
Parsing Verilog input from `/workspace/arty-frame-studio/firmware/rtl/uart_tx.v' to AST representation.
Generating RTLIL representation for module `\uart_tx'.
Successfully finished Verilog frontend.

7. Executing SYNTH_XILINX pass.

7.1. Executing Verilog-2005 frontend: /workspace/arty-frame-studio/scratch/ci-tools/oss-cad-suite/lib/../share/yosys/xilinx/cells_sim.v
Parsing Verilog input from `/workspace/arty-frame-studio/scratch/ci-tools/oss-cad-suite/lib/../share/yosys/xilinx/cells_sim.v' to AST representation.
Generating RTLIL representation for module `\VCC'.
Generating RTLIL representation for module `\GND'.
Generating RTLIL representation for module `\IBUF'.
Generating RTLIL representation for module `\IBUFG'.
Generating RTLIL representation for module `\OBUF'.
Generating RTLIL representation for module `\IOBUF'.
Generating RTLIL representation for module `\OBUFT'.
Generating RTLIL representation for module `\BUFG'.
Generating RTLIL representation for module `\BUFGCTRL'.
Generating RTLIL representation for module `\BUFHCE'.
Generating RTLIL representation for module `\INV'.
Generating RTLIL representation for module `\LUT1'.
Generating RTLIL representation for module `\LUT2'.
Generating RTLIL representation for module `\LUT3'.
Generating RTLIL representation for module `\LUT4'.
Generating RTLIL representation for module `\LUT5'.
Generating RTLIL representation for module `\LUT6'.
Generating RTLIL representation for module `\LUT6_2'.
Generating RTLIL representation for module `\$__ABC9_LUT7'.
Generating RTLIL representation for module `\$__ABC9_LUT8'.
Generating RTLIL representation for module `\MUXCY'.
Generating RTLIL representation for module `\MUXF5'.
Generating RTLIL representation for module `\MUXF6'.
Generating RTLIL representation for module `\MUXF7'.
Generating RTLIL representation for module `\MUXF8'.
Generating RTLIL representation for module `\MUXF9'.
Generating RTLIL representation for module `\XORCY'.
Generating RTLIL representation for module `\CARRY4'.
Generating RTLIL representation for module `\CARRY8'.
Generating RTLIL representation for module `\ORCY'.
Generating RTLIL representation for module `\MULT_AND'.
Generating RTLIL representation for module `\FDRE'.
Generating RTLIL representation for module `\FDRE_1'.
Generating RTLIL representation for module `\FDSE'.
Generating RTLIL representation for module `\FDSE_1'.
Generating RTLIL representation for module `\FDRSE'.
Generating RTLIL representation for module `\FDRSE_1'.
Generating RTLIL representation for module `\FDCE'.
Generating RTLIL representation for module `\FDCE_1'.
Generating RTLIL representation for module `\FDPE'.
Generating RTLIL representation for module `\FDPE_1'.
Generating RTLIL representation for module `\FDCPE'.
Generating RTLIL representation for module `\FDCPE_1'.
Generating RTLIL representation for module `\LDCE'.
Generating RTLIL representation for module `\LDPE'.
Generating RTLIL representation for module `\LDCPE'.
Generating RTLIL representation for module `\AND2B1L'.
Generating RTLIL representation for module `\OR2L'.
Generating RTLIL representation for module `\RAM16X1S'.
Generating RTLIL representation for module `\RAM16X1S_1'.
Generating RTLIL representation for module `\RAM32X1S'.
Generating RTLIL representation for module `\RAM32X1S_1'.
Generating RTLIL representation for module `\RAM64X1S'.
Generating RTLIL representation for module `\RAM64X1S_1'.
Generating RTLIL representation for module `\RAM128X1S'.
Generating RTLIL representation for module `\RAM128X1S_1'.
Generating RTLIL representation for module `\RAM256X1S'.
Generating RTLIL representation for module `\RAM512X1S'.
Generating RTLIL representation for module `\RAM16X2S'.
Generating RTLIL representation for module `\RAM32X2S'.
Generating RTLIL representation for module `\RAM64X2S'.
Generating RTLIL representation for module `\RAM16X4S'.
Generating RTLIL representation for module `\RAM32X4S'.
Generating RTLIL representation for module `\RAM16X8S'.
Generating RTLIL representation for module `\RAM32X8S'.
Generating RTLIL representation for module `\RAM16X1D'.
Generating RTLIL representation for module `\RAM16X1D_1'.
Generating RTLIL representation for module `\RAM32X1D'.
Generating RTLIL representation for module `\RAM32X1D_1'.
Generating RTLIL representation for module `\RAM64X1D'.
Generating RTLIL representation for module `\RAM64X1D_1'.
Generating RTLIL representation for module `\RAM128X1D'.
Generating RTLIL representation for module `\RAM256X1D'.
Generating RTLIL representation for module `\RAM32M'.
Generating RTLIL representation for module `\RAM32M16'.
Generating RTLIL representation for module `\RAM64M'.
Generating RTLIL representation for module `\RAM64M8'.
Generating RTLIL representation for module `\RAM32X16DR8'.
Generating RTLIL representation for module `\RAM64X8SW'.
Generating RTLIL representation for module `\ROM16X1'.
Generating RTLIL representation for module `\ROM32X1'.
Generating RTLIL representation for module `\ROM64X1'.
Generating RTLIL representation for module `\ROM128X1'.
Generating RTLIL representation for module `\ROM256X1'.
Generating RTLIL representation for module `\SRL16'.
Generating RTLIL representation for module `\SRL16E'.
Generating RTLIL representation for module `\SRLC16'.
Generating RTLIL representation for module `\SRLC16E'.
Generating RTLIL representation for module `\SRLC32E'.
Generating RTLIL representation for module `\CFGLUT5'.
Generating RTLIL representation for module `\MULT18X18'.
Generating RTLIL representation for module `\MULT18X18S'.
Generating RTLIL representation for module `\MULT18X18SIO'.
Generating RTLIL representation for module `\DSP48A'.
Generating RTLIL representation for module `\DSP48A1'.
Generating RTLIL representation for module `\DSP48'.
Generating RTLIL representation for module `\DSP48E1'.
Generating RTLIL representation for module `\RAMB18E1'.
Generating RTLIL representation for module `\RAMB36E1'.
Successfully finished Verilog frontend.

7.2. Executing Verilog-2005 frontend: /workspace/arty-frame-studio/scratch/ci-tools/oss-cad-suite/lib/../share/yosys/xilinx/cells_xtra.v
Parsing Verilog input from `/workspace/arty-frame-studio/scratch/ci-tools/oss-cad-suite/lib/../share/yosys/xilinx/cells_xtra.v' to AST representation.
Generating RTLIL representation for module `\RAMB4_S1'.
Generating RTLIL representation for module `\RAMB4_S2'.
Generating RTLIL representation for module `\RAMB4_S4'.
Generating RTLIL representation for module `\RAMB4_S8'.
Generating RTLIL representation for module `\RAMB4_S16'.
Generating RTLIL representation for module `\RAMB4_S1_S1'.
Generating RTLIL representation for module `\RAMB4_S1_S2'.
Generating RTLIL representation for module `\RAMB4_S1_S4'.
Generating RTLIL representation for module `\RAMB4_S1_S8'.
Generating RTLIL representation for module `\RAMB4_S1_S16'.
Generating RTLIL representation for module `\RAMB4_S2_S2'.
Generating RTLIL representation for module `\RAMB4_S2_S4'.
Generating RTLIL representation for module `\RAMB4_S2_S8'.
Generating RTLIL representation for module `\RAMB4_S2_S16'.
Generating RTLIL representation for module `\RAMB4_S4_S4'.
Generating RTLIL representation for module `\RAMB4_S4_S8'.
Generating RTLIL representation for module `\RAMB4_S4_S16'.
Generating RTLIL representation for module `\RAMB4_S8_S8'.
Generating RTLIL representation for module `\RAMB4_S8_S16'.
Generating RTLIL representation for module `\RAMB4_S16_S16'.
Generating RTLIL representation for module `\RAMB16_S1'.
Generating RTLIL representation for module `\RAMB16_S2'.
Generating RTLIL representation for module `\RAMB16_S4'.
Generating RTLIL representation for module `\RAMB16_S9'.
Generating RTLIL representation for module `\RAMB16_S18'.
Generating RTLIL representation for module `\RAMB16_S36'.
Generating RTLIL representation for module `\RAMB16_S1_S1'.
Generating RTLIL representation for module `\RAMB16_S1_S2'.
Generating RTLIL representation for module `\RAMB16_S1_S4'.
Generating RTLIL representation for module `\RAMB16_S1_S9'.
Generating RTLIL representation for module `\RAMB16_S1_S18'.
Generating RTLIL representation for module `\RAMB16_S1_S36'.
Generating RTLIL representation for module `\RAMB16_S2_S2'.
Generating RTLIL representation for module `\RAMB16_S2_S4'.
Generating RTLIL representation for module `\RAMB16_S2_S9'.
Generating RTLIL representation for module `\RAMB16_S2_S18'.
Generating RTLIL representation for module `\RAMB16_S2_S36'.
Generating RTLIL representation for module `\RAMB16_S4_S4'.
Generating RTLIL representation for module `\RAMB16_S4_S9'.
Generating RTLIL representation for module `\RAMB16_S4_S18'.
Generating RTLIL representation for module `\RAMB16_S4_S36'.
Generating RTLIL representation for module `\RAMB16_S9_S9'.
Generating RTLIL representation for module `\RAMB16_S9_S18'.
Generating RTLIL representation for module `\RAMB16_S9_S36'.
Generating RTLIL representation for module `\RAMB16_S18_S18'.
Generating RTLIL representation for module `\RAMB16_S18_S36'.
Generating RTLIL representation for module `\RAMB16_S36_S36'.
Generating RTLIL representation for module `\RAMB16BWE_S18'.
Generating RTLIL representation for module `\RAMB16BWE_S36'.
Generating RTLIL representation for module `\RAMB16BWE_S18_S9'.
Generating RTLIL representation for module `\RAMB16BWE_S18_S18'.
Generating RTLIL representation for module `\RAMB16BWE_S36_S9'.
Generating RTLIL representation for module `\RAMB16BWE_S36_S18'.
Generating RTLIL representation for module `\RAMB16BWE_S36_S36'.
Generating RTLIL representation for module `\RAMB16BWER'.
Generating RTLIL representation for module `\RAMB8BWER'.
Generating RTLIL representation for module `\FIFO16'.
Generating RTLIL representation for module `\RAMB16'.
Generating RTLIL representation for module `\RAMB32_S64_ECC'.
Generating RTLIL representation for module `\FIFO18'.
Generating RTLIL representation for module `\FIFO18_36'.
Generating RTLIL representation for module `\FIFO36'.
Generating RTLIL representation for module `\FIFO36_72'.
Generating RTLIL representation for module `\RAMB18'.
Generating RTLIL representation for module `\RAMB36'.
Generating RTLIL representation for module `\RAMB18SDP'.
Generating RTLIL representation for module `\RAMB36SDP'.
Generating RTLIL representation for module `\FIFO18E1'.
Generating RTLIL representation for module `\FIFO36E1'.
Generating RTLIL representation for module `\FIFO18E2'.
Generating RTLIL representation for module `\FIFO36E2'.
Generating RTLIL representation for module `\RAMB18E2'.
Generating RTLIL representation for module `\RAMB36E2'.
Generating RTLIL representation for module `\URAM288'.
Generating RTLIL representation for module `\URAM288_BASE'.
Generating RTLIL representation for module `\DSP48E'.
Generating RTLIL representation for module `\DSP48E2'.
Generating RTLIL representation for module `\FDDRCPE'.
Generating RTLIL representation for module `\FDDRRSE'.
Generating RTLIL representation for module `\IFDDRCPE'.
Generating RTLIL representation for module `\IFDDRRSE'.
Generating RTLIL representation for module `\OFDDRCPE'.
Generating RTLIL representation for module `\OFDDRRSE'.
Generating RTLIL representation for module `\OFDDRTCPE'.
Generating RTLIL representation for module `\OFDDRTRSE'.
Generating RTLIL representation for module `\IDDR2'.
Generating RTLIL representation for module `\ODDR2'.
Generating RTLIL representation for module `\IDDR'.
Generating RTLIL representation for module `\IDDR_2CLK'.
Generating RTLIL representation for module `\ODDR'.
Generating RTLIL representation for module `\IDELAYCTRL'.
Generating RTLIL representation for module `\IDELAY'.
Generating RTLIL representation for module `\ISERDES'.
Generating RTLIL representation for module `\OSERDES'.
Generating RTLIL representation for module `\IODELAY'.
Generating RTLIL representation for module `\ISERDES_NODELAY'.
Generating RTLIL representation for module `\IODELAYE1'.
Generating RTLIL representation for module `\ISERDESE1'.
Generating RTLIL representation for module `\OSERDESE1'.
Generating RTLIL representation for module `\IDELAYE2'.
Generating RTLIL representation for module `\ODELAYE2'.
Generating RTLIL representation for module `\ISERDESE2'.
Generating RTLIL representation for module `\OSERDESE2'.
Generating RTLIL representation for module `\PHASER_IN'.
Generating RTLIL representation for module `\PHASER_IN_PHY'.
Generating RTLIL representation for module `\PHASER_OUT'.
Generating RTLIL representation for module `\PHASER_OUT_PHY'.
Generating RTLIL representation for module `\PHASER_REF'.
Generating RTLIL representation for module `\PHY_CONTROL'.
Generating RTLIL representation for module `\IDDRE1'.
Generating RTLIL representation for module `\ODDRE1'.
Generating RTLIL representation for module `\IDELAYE3'.
Generating RTLIL representation for module `\ODELAYE3'.
Generating RTLIL representation for module `\ISERDESE3'.
Generating RTLIL representation for module `\OSERDESE3'.
Generating RTLIL representation for module `\BITSLICE_CONTROL'.
Generating RTLIL representation for module `\RIU_OR'.
Generating RTLIL representation for module `\RX_BITSLICE'.
Generating RTLIL representation for module `\RXTX_BITSLICE'.
Generating RTLIL representation for module `\TX_BITSLICE'.
Generating RTLIL representation for module `\TX_BITSLICE_TRI'.
Generating RTLIL representation for module `\IODELAY2'.
Generating RTLIL representation for module `\IODRP2'.
Generating RTLIL representation for module `\IODRP2_MCB'.
Generating RTLIL representation for module `\ISERDES2'.
Generating RTLIL representation for module `\OSERDES2'.
Generating RTLIL representation for module `\IBUF_DLY_ADJ'.
Generating RTLIL representation for module `\IBUF_IBUFDISABLE'.
Generating RTLIL representation for module `\IBUF_INTERMDISABLE'.
Generating RTLIL representation for module `\IBUF_ANALOG'.
Generating RTLIL representation for module `\IBUFE3'.
Generating RTLIL representation for module `\IBUFDS'.
Generating RTLIL representation for module `\IBUFDS_DLY_ADJ'.
Generating RTLIL representation for module `\IBUFDS_IBUFDISABLE'.
Generating RTLIL representation for module `\IBUFDS_INTERMDISABLE'.
Generating RTLIL representation for module `\IBUFDS_DIFF_OUT'.
Generating RTLIL representation for module `\IBUFDS_DIFF_OUT_IBUFDISABLE'.
Generating RTLIL representation for module `\IBUFDS_DIFF_OUT_INTERMDISABLE'.
Generating RTLIL representation for module `\IBUFDSE3'.
Generating RTLIL representation for module `\IBUFDS_DPHY'.
Generating RTLIL representation for module `\IBUFGDS'.
Generating RTLIL representation for module `\IBUFGDS_DIFF_OUT'.
Generating RTLIL representation for module `\IOBUF_DCIEN'.
Generating RTLIL representation for module `\IOBUF_INTERMDISABLE'.
Generating RTLIL representation for module `\IOBUFE3'.
Generating RTLIL representation for module `\IOBUFDS'.
Generating RTLIL representation for module `\IOBUFDS_DCIEN'.
Generating RTLIL representation for module `\IOBUFDS_INTERMDISABLE'.
Generating RTLIL representation for module `\IOBUFDS_DIFF_OUT'.
Generating RTLIL representation for module `\IOBUFDS_DIFF_OUT_DCIEN'.
Generating RTLIL representation for module `\IOBUFDS_DIFF_OUT_INTERMDISABLE'.
Generating RTLIL representation for module `\IOBUFDSE3'.
Generating RTLIL representation for module `\OBUFDS'.
Generating RTLIL representation for module `\OBUFDS_DPHY'.
Generating RTLIL representation for module `\OBUFTDS'.
Generating RTLIL representation for module `\KEEPER'.
Generating RTLIL representation for module `\PULLDOWN'.
Generating RTLIL representation for module `\PULLUP'.
Generating RTLIL representation for module `\DCIRESET'.
Generating RTLIL representation for module `\HPIO_VREF'.
Generating RTLIL representation for module `\BUFGCE'.
Generating RTLIL representation for module `\BUFGCE_1'.
Generating RTLIL representation for module `\BUFGMUX'.
Generating RTLIL representation for module `\BUFGMUX_1'.
Generating RTLIL representation for module `\BUFGMUX_CTRL'.
Generating RTLIL representation for module `\BUFGMUX_VIRTEX4'.
Generating RTLIL representation for module `\BUFG_GT'.
Generating RTLIL representation for module `\BUFG_GT_SYNC'.
Generating RTLIL representation for module `\BUFG_PS'.
Generating RTLIL representation for module `\BUFGCE_DIV'.
Generating RTLIL representation for module `\BUFH'.
Generating RTLIL representation for module `\BUFIO2'.
Generating RTLIL representation for module `\BUFIO2_2CLK'.
Generating RTLIL representation for module `\BUFIO2FB'.
Generating RTLIL representation for module `\BUFPLL'.
Generating RTLIL representation for module `\BUFPLL_MCB'.
Generating RTLIL representation for module `\BUFIO'.
Generating RTLIL representation for module `\BUFIODQS'.
Generating RTLIL representation for module `\BUFR'.
Generating RTLIL representation for module `\BUFMR'.
Generating RTLIL representation for module `\BUFMRCE'.
Generating RTLIL representation for module `\DCM'.
Generating RTLIL representation for module `\DCM_SP'.
Generating RTLIL representation for module `\DCM_CLKGEN'.
Generating RTLIL representation for module `\DCM_ADV'.
Generating RTLIL representation for module `\DCM_BASE'.
Generating RTLIL representation for module `\DCM_PS'.
Generating RTLIL representation for module `\PMCD'.
Generating RTLIL representation for module `\PLL_ADV'.
Generating RTLIL representation for module `\PLL_BASE'.
Generating RTLIL representation for module `\MMCM_ADV'.
Generating RTLIL representation for module `\MMCM_BASE'.
Generating RTLIL representation for module `\MMCME2_ADV'.
Generating RTLIL representation for module `\MMCME2_BASE'.
Generating RTLIL representation for module `\PLLE2_ADV'.
Generating RTLIL representation for module `\PLLE2_BASE'.
Generating RTLIL representation for module `\MMCME3_ADV'.
Generating RTLIL representation for module `\MMCME3_BASE'.
Generating RTLIL representation for module `\PLLE3_ADV'.
Generating RTLIL representation for module `\PLLE3_BASE'.
Generating RTLIL representation for module `\MMCME4_ADV'.
Generating RTLIL representation for module `\MMCME4_BASE'.
Generating RTLIL representation for module `\PLLE4_ADV'.
Generating RTLIL representation for module `\PLLE4_BASE'.
Generating RTLIL representation for module `\BUFT'.
Generating RTLIL representation for module `\IN_FIFO'.
Generating RTLIL representation for module `\OUT_FIFO'.
Generating RTLIL representation for module `\HARD_SYNC'.
Generating RTLIL representation for module `\STARTUP_SPARTAN3'.
Generating RTLIL representation for module `\STARTUP_SPARTAN3E'.
Generating RTLIL representation for module `\STARTUP_SPARTAN3A'.
Generating RTLIL representation for module `\STARTUP_SPARTAN6'.
Generating RTLIL representation for module `\STARTUP_VIRTEX4'.
Generating RTLIL representation for module `\STARTUP_VIRTEX5'.
Generating RTLIL representation for module `\STARTUP_VIRTEX6'.
Generating RTLIL representation for module `\STARTUPE2'.
Generating RTLIL representation for module `\STARTUPE3'.
Generating RTLIL representation for module `\CAPTURE_SPARTAN3'.
Generating RTLIL representation for module `\CAPTURE_SPARTAN3A'.
Generating RTLIL representation for module `\CAPTURE_VIRTEX4'.
Generating RTLIL representation for module `\CAPTURE_VIRTEX5'.
Generating RTLIL representation for module `\CAPTURE_VIRTEX6'.
Generating RTLIL representation for module `\CAPTUREE2'.
Generating RTLIL representation for module `\ICAP_SPARTAN3A'.
Generating RTLIL representation for module `\ICAP_SPARTAN6'.
Generating RTLIL representation for module `\ICAP_VIRTEX4'.
Generating RTLIL representation for module `\ICAP_VIRTEX5'.
Generating RTLIL representation for module `\ICAP_VIRTEX6'.
Generating RTLIL representation for module `\ICAPE2'.
Generating RTLIL representation for module `\ICAPE3'.
Generating RTLIL representation for module `\BSCAN_SPARTAN3'.
Generating RTLIL representation for module `\BSCAN_SPARTAN3A'.
Generating RTLIL representation for module `\BSCAN_SPARTAN6'.
Generating RTLIL representation for module `\BSCAN_VIRTEX4'.
Generating RTLIL representation for module `\BSCAN_VIRTEX5'.
Generating RTLIL representation for module `\BSCAN_VIRTEX6'.
Generating RTLIL representation for module `\BSCANE2'.
Generating RTLIL representation for module `\DNA_PORT'.
Generating RTLIL representation for module `\DNA_PORTE2'.
Generating RTLIL representation for module `\FRAME_ECC_VIRTEX4'.
Generating RTLIL representation for module `\FRAME_ECC_VIRTEX5'.
Generating RTLIL representation for module `\FRAME_ECC_VIRTEX6'.
Generating RTLIL representation for module `\FRAME_ECCE2'.
Generating RTLIL representation for module `\FRAME_ECCE3'.
Generating RTLIL representation for module `\FRAME_ECCE4'.
Generating RTLIL representation for module `\USR_ACCESS_VIRTEX4'.
Generating RTLIL representation for module `\USR_ACCESS_VIRTEX5'.
Generating RTLIL representation for module `\USR_ACCESS_VIRTEX6'.
Generating RTLIL representation for module `\USR_ACCESSE2'.
Generating RTLIL representation for module `\POST_CRC_INTERNAL'.
Generating RTLIL representation for module `\SUSPEND_SYNC'.
Generating RTLIL representation for module `\KEY_CLEAR'.
Generating RTLIL representation for module `\MASTER_JTAG'.
Generating RTLIL representation for module `\SPI_ACCESS'.
Generating RTLIL representation for module `\EFUSE_USR'.
Generating RTLIL representation for module `\SYSMON'.
Generating RTLIL representation for module `\XADC'.
Generating RTLIL representation for module `\SYSMONE1'.
Generating RTLIL representation for module `\SYSMONE4'.
Generating RTLIL representation for module `\GTPA1_DUAL'.
Generating RTLIL representation for module `\GT11_CUSTOM'.
Generating RTLIL representation for module `\GT11_DUAL'.
Generating RTLIL representation for module `\GT11CLK'.
Generating RTLIL representation for module `\GT11CLK_MGT'.
Generating RTLIL representation for module `\GTP_DUAL'.
Generating RTLIL representation for module `\GTX_DUAL'.
Generating RTLIL representation for module `\CRC32'.
Generating RTLIL representation for module `\CRC64'.
Generating RTLIL representation for module `\GTHE1_QUAD'.
Generating RTLIL representation for module `\GTXE1'.
Generating RTLIL representation for module `\IBUFDS_GTXE1'.
Generating RTLIL representation for module `\IBUFDS_GTHE1'.
Generating RTLIL representation for module `\GTHE2_CHANNEL'.
Generating RTLIL representation for module `\GTHE2_COMMON'.
Generating RTLIL representation for module `\GTPE2_CHANNEL'.
Generating RTLIL representation for module `\GTPE2_COMMON'.
Generating RTLIL representation for module `\GTXE2_CHANNEL'.
Generating RTLIL representation for module `\GTXE2_COMMON'.
Generating RTLIL representation for module `\IBUFDS_GTE2'.
Generating RTLIL representation for module `\GTHE3_CHANNEL'.
Generating RTLIL representation for module `\GTHE3_COMMON'.
Generating RTLIL representation for module `\GTYE3_CHANNEL'.
Generating RTLIL representation for module `\GTYE3_COMMON'.
Generating RTLIL representation for module `\IBUFDS_GTE3'.
Generating RTLIL representation for module `\OBUFDS_GTE3'.
Generating RTLIL representation for module `\OBUFDS_GTE3_ADV'.
Generating RTLIL representation for module `\GTHE4_CHANNEL'.
Generating RTLIL representation for module `\GTHE4_COMMON'.
Generating RTLIL representation for module `\GTYE4_CHANNEL'.
Generating RTLIL representation for module `\GTYE4_COMMON'.
Generating RTLIL representation for module `\IBUFDS_GTE4'.
Generating RTLIL representation for module `\OBUFDS_GTE4'.
Generating RTLIL representation for module `\OBUFDS_GTE4_ADV'.
Generating RTLIL representation for module `\GTM_DUAL'.
Generating RTLIL representation for module `\IBUFDS_GTM'.
Generating RTLIL representation for module `\OBUFDS_GTM'.
Generating RTLIL representation for module `\OBUFDS_GTM_ADV'.
Generating RTLIL representation for module `\HSDAC'.
Generating RTLIL representation for module `\HSADC'.
Generating RTLIL representation for module `\RFDAC'.
Generating RTLIL representation for module `\RFADC'.
Generating RTLIL representation for module `\PCIE_A1'.
Generating RTLIL representation for module `\PCIE_EP'.
Generating RTLIL representation for module `\PCIE_2_0'.
Generating RTLIL representation for module `\PCIE_2_1'.
Generating RTLIL representation for module `\PCIE_3_0'.
Generating RTLIL representation for module `\PCIE_3_1'.
Generating RTLIL representation for module `\PCIE40E4'.
Generating RTLIL representation for module `\PCIE4CE4'.
Generating RTLIL representation for module `\EMAC'.
Generating RTLIL representation for module `\TEMAC'.
Generating RTLIL representation for module `\TEMAC_SINGLE'.
Generating RTLIL representation for module `\CMAC'.
Generating RTLIL representation for module `\CMACE4'.
Generating RTLIL representation for module `\MCB'.
Generating RTLIL representation for module `\HBM_REF_CLK'.
Generating RTLIL representation for module `\HBM_SNGLBLI_INTF_APB'.
Generating RTLIL representation for module `\HBM_SNGLBLI_INTF_AXI'.
Generating RTLIL representation for module `\HBM_ONE_STACK_INTF'.
Generating RTLIL representation for module `\HBM_TWO_STACK_INTF'.
Generating RTLIL representation for module `\PPC405_ADV'.
Generating RTLIL representation for module `\PPC440'.
Generating RTLIL representation for module `\PS7'.
Generating RTLIL representation for module `\PS8'.
Generating RTLIL representation for module `\ILKN'.
Generating RTLIL representation for module `\ILKNE4'.
Generating RTLIL representation for module `\VCU'.
Generating RTLIL representation for module `\FE'.
Successfully finished Verilog frontend.

7.3. Executing HIERARCHY pass (managing design hierarchy).

7.3.1. Analyzing design hierarchy..
Top module:  \arty_top
Used module:     \frame_controller
Used module:         \frame_engine
Used module:         \packet_rx
Used module:     \uart_tx
Used module:     \uart_rx
Parameter \CLOCK_HZ = 200000000
Parameter \BAUD = 115200

7.3.2. Executing AST frontend in derive mode using pre-parsed AST for module `\uart_tx'.
Parameter \CLOCK_HZ = 200000000
Parameter \BAUD = 115200
Generating RTLIL representation for module `$paramod$8ddaca4dfa922c26058b963a6222ff239c76ca16\uart_tx'.
Parameter \CLOCK_HZ = 200000000
Parameter \BAUD = 115200

7.3.3. Executing AST frontend in derive mode using pre-parsed AST for module `\uart_rx'.
Parameter \CLOCK_HZ = 200000000
Parameter \BAUD = 115200
Generating RTLIL representation for module `$paramod$8ddaca4dfa922c26058b963a6222ff239c76ca16\uart_rx'.
Parameter \WORD_PREALIGNED = 1

7.3.4. Executing AST frontend in derive mode using pre-parsed AST for module `\frame_engine'.
Parameter \WORD_PREALIGNED = 1
Generating RTLIL representation for module `$paramod\frame_engine\WORD_PREALIGNED=s32'00000000000000000000000000000001'.
Parameter \TIMEOUT_CYCLES = 40000000

7.3.5. Executing AST frontend in derive mode using pre-parsed AST for module `\packet_rx'.
Parameter \TIMEOUT_CYCLES = 40000000
Generating RTLIL representation for module `$paramod\packet_rx\TIMEOUT_CYCLES=s32'00000010011000100101101000000000'.

7.3.6. Analyzing design hierarchy..
Top module:  \arty_top
Used module:     \frame_controller
Used module:         $paramod\frame_engine\WORD_PREALIGNED=s32'00000000000000000000000000000001
Used module:         $paramod\packet_rx\TIMEOUT_CYCLES=s32'00000010011000100101101000000000
Used module:     $paramod$8ddaca4dfa922c26058b963a6222ff239c76ca16\uart_tx
Used module:     $paramod$8ddaca4dfa922c26058b963a6222ff239c76ca16\uart_rx

7.3.7. Analyzing design hierarchy..
Top module:  \arty_top
Used module:     \frame_controller
Used module:         $paramod\frame_engine\WORD_PREALIGNED=s32'00000000000000000000000000000001
Used module:         $paramod\packet_rx\TIMEOUT_CYCLES=s32'00000010011000100101101000000000
Used module:     $paramod$8ddaca4dfa922c26058b963a6222ff239c76ca16\uart_tx
Used module:     $paramod$8ddaca4dfa922c26058b963a6222ff239c76ca16\uart_rx
Removing unused module `\uart_tx'.
Removing unused module `\uart_rx'.
Removing unused module `\packet_rx'.
Removing unused module `\frame_engine'.
Removed 4 unused modules.

7.4. Executing PROC pass (convert processes to netlists).

7.4.1. Executing PROC_CLEAN pass (remove empty switches from decision trees).
Cleaned up 0 empty switches.

7.4.2. Executing PROC_RMDEAD pass (remove dead branches from decision trees).
Marked 5 switch rules as full_case in process $proc$/workspace/arty-frame-studio/firmware/rtl/packet_rx.v:39$2066 in module $paramod\packet_rx\TIMEOUT_CYCLES=s32'00000010011000100101101000000000.
Marked 8 switch rules as full_case in process $proc$/workspace/arty-frame-studio/firmware/rtl/frame_engine.v:189$2028 in module $paramod\frame_engine\WORD_PREALIGNED=s32'00000000000000000000000000000001.
Marked 16 switch rules as full_case in process $proc$/workspace/arty-frame-studio/firmware/rtl/frame_engine.v:58$1926 in module $paramod\frame_engine\WORD_PREALIGNED=s32'00000000000000000000000000000001.
Removed 1 dead cases from process $proc$/workspace/arty-frame-studio/firmware/rtl/uart_rx.v:18$1888 in module $paramod$8ddaca4dfa922c26058b963a6222ff239c76ca16\uart_rx.
Marked 7 switch rules as full_case in process $proc$/workspace/arty-frame-studio/firmware/rtl/uart_rx.v:18$1888 in module $paramod$8ddaca4dfa922c26058b963a6222ff239c76ca16\uart_rx.
Marked 3 switch rules as full_case in process $proc$/workspace/arty-frame-studio/firmware/rtl/uart_tx.v:19$1882 in module $paramod$8ddaca4dfa922c26058b963a6222ff239c76ca16\uart_tx.
Marked 7 switch rules as full_case in process $proc$/workspace/arty-frame-studio/firmware/rtl/frame_controller.v:205$71 in module frame_controller.
Marked 3 switch rules as full_case in process $proc$/workspace/arty-frame-studio/firmware/rtl/frame_controller.v:146$66 in module frame_controller.
Marked 1 switch rules as full_case in process $proc$/workspace/arty-frame-studio/firmware/rtl/frame_controller.v:63$19 in module frame_controller.
Marked 4 switch rules as full_case in process $proc$/workspace/arty-frame-studio/firmware/rtl/frame_controller.v:51$13 in module frame_controller.
Marked 1 switch rules as full_case in process $proc$/workspace/arty-frame-studio/firmware/rtl/arty_top.v:40$5 in module arty_top.
Removed a total of 1 dead cases.

7.4.3. Executing PROC_PRUNE pass (remove redundant assignments in processes).
Removed 30 redundant assignments.
Promoted 74 assignments to connections.

7.4.4. Executing PROC_INIT pass (extract init attributes).
Found init rule in `$paramod$8ddaca4dfa922c26058b963a6222ff239c76ca16\uart_rx.$proc$/workspace/arty-frame-studio/firmware/rtl/uart_rx.v:13$1915'.
  Set init value: \rx_sync = 1'1
Found init rule in `$paramod$8ddaca4dfa922c26058b963a6222ff239c76ca16\uart_rx.$proc$/workspace/arty-frame-studio/firmware/rtl/uart_rx.v:13$1914'.
  Set init value: \rx_meta = 1'1
Found init rule in `\arty_top.$proc$/workspace/arty-frame-studio/firmware/rtl/arty_top.v:39$7'.
  Set init value: \reset_pipe = 4'1111

7.4.5. Executing PROC_ARST pass (detect async resets in processes).
Found async reset \reset_async in `\arty_top.$proc$/workspace/arty-frame-studio/firmware/rtl/arty_top.v:40$5'.

7.4.6. Executing PROC_ROM pass (convert switches to ROMs).
Converted 0 switches.
<suppressed ~96 debug messages>

7.4.7. Executing PROC_MUX pass (convert decision trees to multiplexers).
Creating decoders for process `$paramod\packet_rx\TIMEOUT_CYCLES=s32'00000010011000100101101000000000.$proc$/workspace/arty-frame-studio/firmware/rtl/packet_rx.v:39$2066'.
     1/123: $0\payload[255:0] [255:248]
     2/123: $0\payload[255:0] [247:240]
     3/123: $0\payload[255:0] [239:232]
     4/123: $0\payload[255:0] [231:224]
     5/123: $0\payload[255:0] [223:216]
     6/123: $0\payload[255:0] [215:208]
     7/123: $0\payload[255:0] [207:200]
     8/123: $0\payload[255:0] [199:192]
     9/123: $0\payload[255:0] [191:184]
    10/123: $0\payload[255:0] [183:176]
    11/123: $0\payload[255:0] [175:168]
    12/123: $0\payload[255:0] [167:160]
    13/123: $0\payload[255:0] [159:152]
    14/123: $0\payload[255:0] [151:144]
    15/123: $0\payload[255:0] [143:136]
    16/123: $0\payload[255:0] [135:128]
    17/123: $0\payload[255:0] [127:120]
    18/123: $0\payload[255:0] [119:112]
    19/123: $0\payload[255:0] [111:104]
    20/123: $0\payload[255:0] [103:96]
    21/123: $0\payload[255:0] [95:88]
    22/123: $0\payload[255:0] [87:80]
    23/123: $0\payload[255:0] [79:72]
    24/123: $0\payload[255:0] [71:64]
    25/123: $0\payload[255:0] [63:56]
    26/123: $0\payload[255:0] [55:48]
    27/123: $0\payload[255:0] [47:40]
    28/123: $0\payload[255:0] [39:32]
    29/123: $0\payload[255:0] [31:24]
    30/123: $0\payload[255:0] [23:16]
    31/123: $0\payload[255:0] [15:8]
    32/123: $0\payload[255:0] [7:0]
    33/123: $3\crc_byte$func$/workspace/arty-frame-studio/firmware/rtl/packet_rx.v:96$2065.bit_index[31:0]$2161
    34/123: $3\crc_byte$func$/workspace/arty-frame-studio/firmware/rtl/packet_rx.v:96$2065.value[7:0]$2160
    35/123: $3\crc_byte$func$/workspace/arty-frame-studio/firmware/rtl/packet_rx.v:96$2065.previous[15:0]$2159
    36/123: $3\crc_byte$func$/workspace/arty-frame-studio/firmware/rtl/packet_rx.v:96$2065.$result[15:0]$2158
    37/123: $3\crc_byte$func$/workspace/arty-frame-studio/firmware/rtl/packet_rx.v:86$2064.current[15:0]$2157
    38/123: $3\crc_byte$func$/workspace/arty-frame-studio/firmware/rtl/packet_rx.v:86$2064.bit_index[31:0]$2156
    39/123: $3\crc_byte$func$/workspace/arty-frame-studio/firmware/rtl/packet_rx.v:86$2064.value[7:0]$2155
    40/123: $3\crc_byte$func$/workspace/arty-frame-studio/firmware/rtl/packet_rx.v:86$2064.previous[15:0]$2154
    41/123: $3\crc_byte$func$/workspace/arty-frame-studio/firmware/rtl/packet_rx.v:86$2064.$result[15:0]$2153
    42/123: $3\crc_byte$func$/workspace/arty-frame-studio/firmware/rtl/packet_rx.v:78$2063.current[15:0]$2152
    43/123: $3\crc_byte$func$/workspace/arty-frame-studio/firmware/rtl/packet_rx.v:78$2063.bit_index[31:0]$2151
    44/123: $3\crc_byte$func$/workspace/arty-frame-studio/firmware/rtl/packet_rx.v:78$2063.value[7:0]$2150
    45/123: $3\crc_byte$func$/workspace/arty-frame-studio/firmware/rtl/packet_rx.v:78$2063.previous[15:0]$2149
    46/123: $3\crc_byte$func$/workspace/arty-frame-studio/firmware/rtl/packet_rx.v:78$2063.$result[15:0]$2148
    47/123: $3\crc_byte$func$/workspace/arty-frame-studio/firmware/rtl/packet_rx.v:73$2062.current[15:0]$2147
    48/123: $3\crc_byte$func$/workspace/arty-frame-studio/firmware/rtl/packet_rx.v:73$2062.bit_index[31:0]$2146
    49/123: $3\crc_byte$func$/workspace/arty-frame-studio/firmware/rtl/packet_rx.v:73$2062.value[7:0]$2145
    50/123: $3\crc_byte$func$/workspace/arty-frame-studio/firmware/rtl/packet_rx.v:73$2062.previous[15:0]$2144
    51/123: $3\crc_byte$func$/workspace/arty-frame-studio/firmware/rtl/packet_rx.v:73$2062.$result[15:0]$2143
    52/123: $3\crc_byte$func$/workspace/arty-frame-studio/firmware/rtl/packet_rx.v:68$2061.current[15:0]$2142
    53/123: $3\crc_byte$func$/workspace/arty-frame-studio/firmware/rtl/packet_rx.v:68$2061.bit_index[31:0]$2141
    54/123: $3\crc_byte$func$/workspace/arty-frame-studio/firmware/rtl/packet_rx.v:68$2061.value[7:0]$2140
    55/123: $3\crc_byte$func$/workspace/arty-frame-studio/firmware/rtl/packet_rx.v:68$2061.$result[15:0]$2139
    56/123: $3\payload_byte[31:0]
    57/123: $2\crc_byte$func$/workspace/arty-frame-studio/firmware/rtl/packet_rx.v:96$2065.current[15:0]$2138
    58/123: $2\crc_byte$func$/workspace/arty-frame-studio/firmware/rtl/packet_rx.v:96$2065.bit_index[31:0]$2137
    59/123: $2\crc_byte$func$/workspace/arty-frame-studio/firmware/rtl/packet_rx.v:96$2065.value[7:0]$2136
    60/123: $2\crc_byte$func$/workspace/arty-frame-studio/firmware/rtl/packet_rx.v:96$2065.previous[15:0]$2135
    61/123: $2\crc_byte$func$/workspace/arty-frame-studio/firmware/rtl/packet_rx.v:96$2065.$result[15:0]$2134
    62/123: $2\crc_byte$func$/workspace/arty-frame-studio/firmware/rtl/packet_rx.v:86$2064.current[15:0]$2133
    63/123: $2\crc_byte$func$/workspace/arty-frame-studio/firmware/rtl/packet_rx.v:86$2064.bit_index[31:0]$2132
    64/123: $2\crc_byte$func$/workspace/arty-frame-studio/firmware/rtl/packet_rx.v:86$2064.value[7:0]$2131
    65/123: $2\crc_byte$func$/workspace/arty-frame-studio/firmware/rtl/packet_rx.v:86$2064.previous[15:0]$2130
    66/123: $2\crc_byte$func$/workspace/arty-frame-studio/firmware/rtl/packet_rx.v:86$2064.$result[15:0]$2129
    67/123: $2\crc_byte$func$/workspace/arty-frame-studio/firmware/rtl/packet_rx.v:78$2063.current[15:0]$2128
    68/123: $2\crc_byte$func$/workspace/arty-frame-studio/firmware/rtl/packet_rx.v:78$2063.bit_index[31:0]$2127
    69/123: $2\crc_byte$func$/workspace/arty-frame-studio/firmware/rtl/packet_rx.v:78$2063.value[7:0]$2126
    70/123: $2\crc_byte$func$/workspace/arty-frame-studio/firmware/rtl/packet_rx.v:78$2063.previous[15:0]$2125
    71/123: $2\crc_byte$func$/workspace/arty-frame-studio/firmware/rtl/packet_rx.v:78$2063.$result[15:0]$2124
    72/123: $2\crc_byte$func$/workspace/arty-frame-studio/firmware/rtl/packet_rx.v:73$2062.current[15:0]$2123
    73/123: $2\crc_byte$func$/workspace/arty-frame-studio/firmware/rtl/packet_rx.v:73$2062.bit_index[31:0]$2122
    74/123: $2\crc_byte$func$/workspace/arty-frame-studio/firmware/rtl/packet_rx.v:73$2062.value[7:0]$2121
    75/123: $2\crc_byte$func$/workspace/arty-frame-studio/firmware/rtl/packet_rx.v:73$2062.previous[15:0]$2120
    76/123: $2\crc_byte$func$/workspace/arty-frame-studio/firmware/rtl/packet_rx.v:73$2062.$result[15:0]$2119
    77/123: $2\crc_byte$func$/workspace/arty-frame-studio/firmware/rtl/packet_rx.v:68$2061.current[15:0]$2118
    78/123: $2\crc_byte$func$/workspace/arty-frame-studio/firmware/rtl/packet_rx.v:68$2061.bit_index[31:0]$2117
    79/123: $2\crc_byte$func$/workspace/arty-frame-studio/firmware/rtl/packet_rx.v:68$2061.value[7:0]$2116
    80/123: $2\crc_byte$func$/workspace/arty-frame-studio/firmware/rtl/packet_rx.v:68$2061.$result[15:0]$2115
    81/123: $2\payload_byte[31:0]
    82/123: $0\request_valid[0:0]
    83/123: $1\crc_byte$func$/workspace/arty-frame-studio/firmware/rtl/packet_rx.v:96$2065.current[15:0]$2114
    84/123: $1\crc_byte$func$/workspace/arty-frame-studio/firmware/rtl/packet_rx.v:96$2065.bit_index[31:0]$2113
    85/123: $1\crc_byte$func$/workspace/arty-frame-studio/firmware/rtl/packet_rx.v:96$2065.value[7:0]$2112
    86/123: $1\crc_byte$func$/workspace/arty-frame-studio/firmware/rtl/packet_rx.v:96$2065.previous[15:0]$2111
    87/123: $1\crc_byte$func$/workspace/arty-frame-studio/firmware/rtl/packet_rx.v:96$2065.$result[15:0]$2110
    88/123: $1\crc_byte$func$/workspace/arty-frame-studio/firmware/rtl/packet_rx.v:86$2064.current[15:0]$2109
    89/123: $1\crc_byte$func$/workspace/arty-frame-studio/firmware/rtl/packet_rx.v:86$2064.bit_index[31:0]$2108
    90/123: $1\crc_byte$func$/workspace/arty-frame-studio/firmware/rtl/packet_rx.v:86$2064.value[7:0]$2107
    91/123: $1\crc_byte$func$/workspace/arty-frame-studio/firmware/rtl/packet_rx.v:86$2064.previous[15:0]$2106
    92/123: $1\crc_byte$func$/workspace/arty-frame-studio/firmware/rtl/packet_rx.v:86$2064.$result[15:0]$2105
    93/123: $1\crc_byte$func$/workspace/arty-frame-studio/firmware/rtl/packet_rx.v:78$2063.current[15:0]$2104
    94/123: $1\crc_byte$func$/workspace/arty-frame-studio/firmware/rtl/packet_rx.v:78$2063.bit_index[31:0]$2103
    95/123: $1\crc_byte$func$/workspace/arty-frame-studio/firmware/rtl/packet_rx.v:78$2063.value[7:0]$2102
    96/123: $1\crc_byte$func$/workspace/arty-frame-studio/firmware/rtl/packet_rx.v:78$2063.previous[15:0]$2101
    97/123: $1\crc_byte$func$/workspace/arty-frame-studio/firmware/rtl/packet_rx.v:78$2063.$result[15:0]$2100
    98/123: $1\crc_byte$func$/workspace/arty-frame-studio/firmware/rtl/packet_rx.v:73$2062.current[15:0]$2099
    99/123: $1\crc_byte$func$/workspace/arty-frame-studio/firmware/rtl/packet_rx.v:73$2062.bit_index[31:0]$2098
   100/123: $1\crc_byte$func$/workspace/arty-frame-studio/firmware/rtl/packet_rx.v:73$2062.value[7:0]$2097
   101/123: $1\crc_byte$func$/workspace/arty-frame-studio/firmware/rtl/packet_rx.v:73$2062.previous[15:0]$2096
   102/123: $1\crc_byte$func$/workspace/arty-frame-studio/firmware/rtl/packet_rx.v:73$2062.$result[15:0]$2095
   103/123: $1\crc_byte$func$/workspace/arty-frame-studio/firmware/rtl/packet_rx.v:68$2061.current[15:0]$2094
   104/123: $1\crc_byte$func$/workspace/arty-frame-studio/firmware/rtl/packet_rx.v:68$2061.bit_index[31:0]$2093
   105/123: $1\crc_byte$func$/workspace/arty-frame-studio/firmware/rtl/packet_rx.v:68$2061.value[7:0]$2092
   106/123: $1\crc_byte$func$/workspace/arty-frame-studio/firmware/rtl/packet_rx.v:68$2061.$result[15:0]$2091
   107/123: $1\payload_byte[31:0]
   108/123: $0\timeout_count[25:0]
   109/123: $0\crc[15:0]
   110/123: $0\last_payload_index[7:0]
   111/123: $0\crc_low[7:0]
   112/123: $0\payload_index[7:0]
   113/123: $0\version[7:0]
   114/123: $0\state[3:0]
   115/123: $0\request_payload[255:0]
   116/123: $0\request_status[7:0]
   117/123: $0\request_length[7:0]
   118/123: $0\request_seq[7:0]
   119/123: $0\request_op[7:0]
   120/123: $3\crc_byte$func$/workspace/arty-frame-studio/firmware/rtl/packet_rx.v:96$2065.current[15:0]$2162
   121/123: $0\length[7:0]
   122/123: $0\seq[7:0]
   123/123: $0\op[7:0]
Creating decoders for process `$paramod\frame_engine\WORD_PREALIGNED=s32'00000000000000000000000000000001.$proc$/workspace/arty-frame-studio/firmware/rtl/frame_engine.v:189$2028'.
     1/31: $0\latch_level[0:0]
     2/31: $0\clock_level[0:0]
     3/31: $0\data_level[0:0]
     4/31: $0\ticks_two[0:0]
     5/31: $0\ticks_one[0:0]
     6/31: $0\phase[5:0]
     7/31: $0\gap_three[0:0]
     8/31: $0\gap_two[0:0]
     9/31: $0\gap_one[0:0]
    10/31: $0\gap_zero[0:0]
    11/31: $0\latch_three[0:0]
    12/31: $0\latch_two[0:0]
    13/31: $0\latch_one[0:0]
    14/31: $0\divider_three[0:0]
    15/31: $0\divider_two[0:0]
    16/31: $0\divider_one[0:0]
    17/31: $0\initial_data[0:0]
    18/31: $0\flags[1:0]
    19/31: $0\gap_minus_one[15:0]
    20/31: $0\latch_minus_one[15:0]
    21/31: $0\divider_minus_one[15:0]
    22/31: $0\ticks[15:0]
    23/31: $0\remaining[15:0]
    24/31: $0\gap_ticks[15:0]
    25/31: $0\latch_ticks[15:0]
    26/31: $0\divider[15:0]
    27/31: $0\bits_left[4:0]
    28/31: $0\bit_count[4:0]
    29/31: $0\shift_word[25:0]
    30/31: $0\word_config[25:0]
    31/31: $0\completed[15:0]
Creating decoders for process `$paramod\frame_engine\WORD_PREALIGNED=s32'00000000000000000000000000000001.$proc$/workspace/arty-frame-studio/firmware/rtl/frame_engine.v:58$1926'.
     1/74: $13\reload_minus_one[0:0]
     2/74: $10\next_clock[0:0]
     3/74: $12\reload_minus_one[0:0]
     4/74: $9\next_clock[0:0]
     5/74: $6\clock_fall[0:0]
     6/74: $5\data_fall[0:0]
     7/74: $11\reload_minus_one[0:0]
     8/74: $8\next_clock[0:0]
     9/74: $5\clock_fall[0:0]
    10/74: $4\data_fall[0:0]
    11/74: $6\reload_divider[0:0]
    12/74: $5\next_data[0:0]
    13/74: $10\reload_minus_one[0:0]
    14/74: $7\reload_gap[0:0]
    15/74: $9\reload_minus_one[0:0]
    16/74: $6\reload_gap[0:0]
    17/74: $4\latch_fall[0:0]
    18/74: $5\reload_gap[0:0]
    19/74: $4\reload_gap[0:0]
    20/74: $8\reload_minus_one[0:0]
    21/74: $7\reload_latch[0:0]
    22/74: $7\next_latch[0:0]
    23/74: $7\reload_minus_one[0:0]
    24/74: $3\reload_gap[0:0]
    25/74: $6\reload_latch[0:0]
    26/74: $6\next_latch[0:0]
    27/74: $3\latch_fall[0:0]
    28/74: $5\reload_latch[0:0]
    29/74: $5\reload_divider[0:0]
    30/74: $5\next_latch[0:0]
    31/74: $7\next_clock[0:0]
    32/74: $4\reload_latch[0:0]
    33/74: $4\reload_divider[0:0]
    34/74: $4\next_latch[0:0]
    35/74: $6\next_clock[0:0]
    36/74: $6\reload_minus_one[0:0]
    37/74: $5\reload_minus_one[0:0]
    38/74: $3\reload_latch[0:0]
    39/74: $3\reload_divider[0:0]
    40/74: $3\next_latch[0:0]
    41/74: $5\next_clock[0:0]
    42/74: $3\data_fall[0:0]
    43/74: $4\clock_fall[0:0]
    44/74: $4\reload_minus_one[0:0]
    45/74: $4\shift_data[0:0]
    46/74: $4\next_data[0:0]
    47/74: $4\next_clock[0:0]
    48/74: $3\shift_data[0:0]
    49/74: $3\reload_minus_one[0:0]
    50/74: $3\next_clock[0:0]
    51/74: $3\next_data[0:0]
    52/74: $3\clock_fall[0:0]
    53/74: $2\shift_data[0:0]
    54/74: $2\reload_minus_one[0:0]
    55/74: $2\next_clock[0:0]
    56/74: $2\next_data[0:0]
    57/74: $2\clock_fall[0:0]
    58/74: $2\reload_divider[0:0]
    59/74: $2\reload_gap[0:0]
    60/74: $2\reload_latch[0:0]
    61/74: $2\next_latch[0:0]
    62/74: $2\latch_fall[0:0]
    63/74: $2\data_fall[0:0]
    64/74: $1\reload_minus_one[0:0]
    65/74: $1\reload_divider[0:0]
    66/74: $1\next_clock[0:0]
    67/74: $1\next_data[0:0]
    68/74: $1\clock_fall[0:0]
    69/74: $1\data_fall[0:0]
    70/74: $1\shift_data[0:0]
    71/74: $1\reload_gap[0:0]
    72/74: $1\reload_latch[0:0]
    73/74: $1\next_latch[0:0]
    74/74: $1\latch_fall[0:0]
Creating decoders for process `$paramod$8ddaca4dfa922c26058b963a6222ff239c76ca16\uart_rx.$proc$/workspace/arty-frame-studio/firmware/rtl/uart_rx.v:13$1915'.
Creating decoders for process `$paramod$8ddaca4dfa922c26058b963a6222ff239c76ca16\uart_rx.$proc$/workspace/arty-frame-studio/firmware/rtl/uart_rx.v:13$1914'.
Creating decoders for process `$paramod$8ddaca4dfa922c26058b963a6222ff239c76ca16\uart_rx.$proc$/workspace/arty-frame-studio/firmware/rtl/uart_rx.v:18$1888'.
     1/11: $3$lookahead\shift$1887[7:0]$1901
     2/11: $3$bitselwrite$pos$/workspace/arty-frame-studio/firmware/rtl/uart_rx.v:43$1886[2:0]$1900
     3/11: $2$lookahead\shift$1887[7:0]$1894
     4/11: $2$bitselwrite$pos$/workspace/arty-frame-studio/firmware/rtl/uart_rx.v:43$1886[2:0]$1893
     5/11: $0\valid[0:0]
     6/11: $1$lookahead\shift$1887[7:0]$1892
     7/11: $1$bitselwrite$pos$/workspace/arty-frame-studio/firmware/rtl/uart_rx.v:43$1886[2:0]$1891
     8/11: $0\index[2:0]
     9/11: $0\count[10:0]
    10/11: $0\state[1:0]
    11/11: $0\data[7:0]
Creating decoders for process `$paramod$8ddaca4dfa922c26058b963a6222ff239c76ca16\uart_tx.$proc$/workspace/arty-frame-studio/firmware/rtl/uart_tx.v:19$1882'.
     1/3: $0\shift[9:0]
     2/3: $0\count[10:0]
     3/3: $0\bits_left[3:0]
Creating decoders for process `\frame_controller.$proc$/workspace/arty-frame-studio/firmware/rtl/frame_controller.v:205$71'.
     1/67: $0\tx_packet[95:0] [95:80]
     2/67: $0\tx_packet[95:0] [79:0]
     3/67: $4\crc_byte$func$/workspace/arty-frame-studio/firmware/rtl/frame_controller.v:249$11.bit_index[31:0]$176
     4/67: $4\crc_byte$func$/workspace/arty-frame-studio/firmware/rtl/frame_controller.v:249$11.current[15:0]$177
     5/67: $4\crc_byte$func$/workspace/arty-frame-studio/firmware/rtl/frame_controller.v:249$11.value[7:0]$175
     6/67: $4\crc_byte$func$/workspace/arty-frame-studio/firmware/rtl/frame_controller.v:249$11.previous[15:0]$174
     7/67: $3\crc_byte$func$/workspace/arty-frame-studio/firmware/rtl/frame_controller.v:249$11.current[15:0]$135
     8/67: $3\crc_byte$func$/workspace/arty-frame-studio/firmware/rtl/frame_controller.v:249$11.bit_index[31:0]$134
     9/67: $3\crc_byte$func$/workspace/arty-frame-studio/firmware/rtl/frame_controller.v:249$11.value[7:0]$133
    10/67: $3\crc_byte$func$/workspace/arty-frame-studio/firmware/rtl/frame_controller.v:249$11.previous[15:0]$132
    11/67: $3\crc_byte$func$/workspace/arty-frame-studio/firmware/rtl/frame_controller.v:249$11.$result[15:0]$131
    12/67: $3\crc_byte$func$/workspace/arty-frame-studio/firmware/rtl/frame_controller.v:247$10.$result[15:0]$126
    13/67: $3\crc_byte$func$/workspace/arty-frame-studio/firmware/rtl/frame_controller.v:247$10.bit_index[31:0]$129
    14/67: $3\crc_byte$func$/workspace/arty-frame-studio/firmware/rtl/frame_controller.v:247$10.current[15:0]$130
    15/67: $3\crc_byte$func$/workspace/arty-frame-studio/firmware/rtl/frame_controller.v:247$10.value[7:0]$128
    16/67: $3\crc_byte$func$/workspace/arty-frame-studio/firmware/rtl/frame_controller.v:247$10.previous[15:0]$127
    17/67: $2\response_packet$func$/workspace/arty-frame-studio/firmware/rtl/frame_controller.v:238$9.packet[95:0]$113 [95:80]
    18/67: $2\response_packet$func$/workspace/arty-frame-studio/firmware/rtl/frame_controller.v:238$9.packet[95:0]$113 [47:40]
    19/67: $2\response_packet$func$/workspace/arty-frame-studio/firmware/rtl/frame_controller.v:238$9.packet[95:0]$113 [39:32]
    20/67: $2\response_packet$func$/workspace/arty-frame-studio/firmware/rtl/frame_controller.v:238$9.packet[95:0]$113 [31:24]
    21/67: $2\response_packet$func$/workspace/arty-frame-studio/firmware/rtl/frame_controller.v:238$9.packet[95:0]$113 [23:16]
    22/67: $2\response_packet$func$/workspace/arty-frame-studio/firmware/rtl/frame_controller.v:238$9.packet[95:0]$113 [15:8]
    23/67: $2\response_packet$func$/workspace/arty-frame-studio/firmware/rtl/frame_controller.v:238$9.packet[95:0]$113 [7:0]
    24/67: $2\response_packet$func$/workspace/arty-frame-studio/firmware/rtl/frame_controller.v:238$9.$result[95:0]$111
    25/67: $2\response_packet$func$/workspace/arty-frame-studio/firmware/rtl/frame_controller.v:238$9.packet[95:0]$113 [79:48]
    26/67: $2\response_packet$func$/workspace/arty-frame-studio/firmware/rtl/frame_controller.v:238$9.reply[47:0]$112
    27/67: $2\crc_byte$func$/workspace/arty-frame-studio/firmware/rtl/frame_controller.v:249$11.current[15:0]$123
    28/67: $2\crc_byte$func$/workspace/arty-frame-studio/firmware/rtl/frame_controller.v:249$11.bit_index[31:0]$122
    29/67: $2\crc_byte$func$/workspace/arty-frame-studio/firmware/rtl/frame_controller.v:249$11.value[7:0]$121
    30/67: $2\crc_byte$func$/workspace/arty-frame-studio/firmware/rtl/frame_controller.v:249$11.previous[15:0]$120
    31/67: $2\crc_byte$func$/workspace/arty-frame-studio/firmware/rtl/frame_controller.v:249$11.$result[15:0]$119
    32/67: $2\crc_byte$func$/workspace/arty-frame-studio/firmware/rtl/frame_controller.v:247$10.current[15:0]$118
    33/67: $2\crc_byte$func$/workspace/arty-frame-studio/firmware/rtl/frame_controller.v:247$10.bit_index[31:0]$117
    34/67: $2\crc_byte$func$/workspace/arty-frame-studio/firmware/rtl/frame_controller.v:247$10.value[7:0]$116
    35/67: $2\crc_byte$func$/workspace/arty-frame-studio/firmware/rtl/frame_controller.v:247$10.previous[15:0]$115
    36/67: $2\crc_byte$func$/workspace/arty-frame-studio/firmware/rtl/frame_controller.v:247$10.$result[15:0]$114
    37/67: $2$memwr$\replies$/workspace/arty-frame-studio/firmware/rtl/frame_controller.v:233$12_EN[47:0]$109
    38/67: $2$memwr$\replies$/workspace/arty-frame-studio/firmware/rtl/frame_controller.v:233$12_DATA[47:0]$108
    39/67: $2$memwr$\replies$/workspace/arty-frame-studio/firmware/rtl/frame_controller.v:233$12_ADDR[1:0]$107
    40/67: $0\pending_reply[47:0]
    41/67: $0\pending_address[1:0]
    42/67: $0\write_pending[0:0]
    43/67: $0\reply_count[2:0]
    44/67: $1$memwr$\replies$/workspace/arty-frame-studio/firmware/rtl/frame_controller.v:233$12_EN[47:0]$103
    45/67: $1$memwr$\replies$/workspace/arty-frame-studio/firmware/rtl/frame_controller.v:233$12_DATA[47:0]$102
    46/67: $1$memwr$\replies$/workspace/arty-frame-studio/firmware/rtl/frame_controller.v:233$12_ADDR[1:0]$101
    47/67: $1\crc_byte$func$/workspace/arty-frame-studio/firmware/rtl/frame_controller.v:249$11.current[15:0]$100
    48/67: $1\crc_byte$func$/workspace/arty-frame-studio/firmware/rtl/frame_controller.v:249$11.bit_index[31:0]$99
    49/67: $1\crc_byte$func$/workspace/arty-frame-studio/firmware/rtl/frame_controller.v:249$11.value[7:0]$98
    50/67: $1\crc_byte$func$/workspace/arty-frame-studio/firmware/rtl/frame_controller.v:249$11.previous[15:0]$97
    51/67: $1\crc_byte$func$/workspace/arty-frame-studio/firmware/rtl/frame_controller.v:249$11.$result[15:0]$96
    52/67: $1\crc_byte$func$/workspace/arty-frame-studio/firmware/rtl/frame_controller.v:247$10.current[15:0]$95
    53/67: $1\crc_byte$func$/workspace/arty-frame-studio/firmware/rtl/frame_controller.v:247$10.bit_index[31:0]$94
    54/67: $1\crc_byte$func$/workspace/arty-frame-studio/firmware/rtl/frame_controller.v:247$10.value[7:0]$93
    55/67: $1\crc_byte$func$/workspace/arty-frame-studio/firmware/rtl/frame_controller.v:247$10.previous[15:0]$92
    56/67: $1\crc_byte$func$/workspace/arty-frame-studio/firmware/rtl/frame_controller.v:247$10.$result[15:0]$91
    57/67: $1\response_packet$func$/workspace/arty-frame-studio/firmware/rtl/frame_controller.v:238$9.packet[95:0]$90
    58/67: $1\response_packet$func$/workspace/arty-frame-studio/firmware/rtl/frame_controller.v:238$9.reply[47:0]$89
    59/67: $1\response_packet$func$/workspace/arty-frame-studio/firmware/rtl/frame_controller.v:238$9.$result[95:0]$88
    60/67: $4\crc_byte$func$/workspace/arty-frame-studio/firmware/rtl/frame_controller.v:249$11.$result[15:0]$173
    61/67: $0\response_crc[15:0]
    62/67: $0\crc_index[3:0]
    63/67: $0\tx_index[3:0]
    64/67: $0\preparing[0:0]
    65/67: $0\sending[0:0]
    66/67: $0\write_pointer[1:0]
    67/67: $0\read_pointer[1:0]
Creating decoders for process `\frame_controller.$proc$/workspace/arty-frame-studio/firmware/rtl/frame_controller.v:146$66'.
     1/4: $2\reply_busy[7:0]
     2/4: $1\reply_completed[15:0]
     3/4: $1\reply_busy[7:0]
     4/4: $1\status[7:0]
Creating decoders for process `\frame_controller.$proc$/workspace/arty-frame-studio/firmware/rtl/frame_controller.v:63$19'.
     1/17: $0\validated_aligned_word[25:0]
     2/17: $0\validated_payload[111:0]
     3/17: $0\validated_status[7:0]
     4/17: $0\validated_seq[7:0]
     5/17: $0\validated_op[7:0]
     6/17: $0\stop_eligible[0:0]
     7/17: $0\send_eligible[0:0]
     8/17: $0\validated_valid[0:0]
     9/17: $0\captured_word_overflow[31:0]
    10/17: $0\captured_shift_amount[4:0]
    11/17: $0\captured_payload[111:0]
    12/17: $0\captured_parser_status[7:0]
    13/17: $0\captured_seq[7:0]
    14/17: $0\captured_op[7:0]
    15/17: $0\captured_send_shape[0:0]
    16/17: $0\captured_empty[0:0]
    17/17: $0\captured_valid[0:0]
Creating decoders for process `\frame_controller.$proc$/workspace/arty-frame-studio/firmware/rtl/frame_controller.v:51$13'.
     1/4: $4\next_static_status[7:0]
     2/4: $3\next_static_status[7:0]
     3/4: $2\next_static_status[7:0]
     4/4: $1\next_static_status[7:0]
Creating decoders for process `\arty_top.$proc$/workspace/arty-frame-studio/firmware/rtl/arty_top.v:39$7'.
Creating decoders for process `\arty_top.$proc$/workspace/arty-frame-studio/firmware/rtl/arty_top.v:40$5'.
     1/1: $0\reset_pipe[3:0]

7.4.8. Executing PROC_DLATCH pass (convert process syncs to latches).
No latch inferred for signal `$paramod\frame_engine\WORD_PREALIGNED=s32'00000000000000000000000000000001.\data_rise' from process `$paramod\frame_engine\WORD_PREALIGNED=s32'00000000000000000000000000000001.$proc$/workspace/arty-frame-studio/firmware/rtl/frame_engine.v:58$1926'.
No latch inferred for signal `$paramod\frame_engine\WORD_PREALIGNED=s32'00000000000000000000000000000001.\data_fall' from process `$paramod\frame_engine\WORD_PREALIGNED=s32'00000000000000000000000000000001.$proc$/workspace/arty-frame-studio/firmware/rtl/frame_engine.v:58$1926'.
No latch inferred for signal `$paramod\frame_engine\WORD_PREALIGNED=s32'00000000000000000000000000000001.\clock_rise' from process `$paramod\frame_engine\WORD_PREALIGNED=s32'00000000000000000000000000000001.$proc$/workspace/arty-frame-studio/firmware/rtl/frame_engine.v:58$1926'.
No latch inferred for signal `$paramod\frame_engine\WORD_PREALIGNED=s32'00000000000000000000000000000001.\clock_fall' from process `$paramod\frame_engine\WORD_PREALIGNED=s32'00000000000000000000000000000001.$proc$/workspace/arty-frame-studio/firmware/rtl/frame_engine.v:58$1926'.
No latch inferred for signal `$paramod\frame_engine\WORD_PREALIGNED=s32'00000000000000000000000000000001.\latch_rise' from process `$paramod\frame_engine\WORD_PREALIGNED=s32'00000000000000000000000000000001.$proc$/workspace/arty-frame-studio/firmware/rtl/frame_engine.v:58$1926'.
No latch inferred for signal `$paramod\frame_engine\WORD_PREALIGNED=s32'00000000000000000000000000000001.\latch_fall' from process `$paramod\frame_engine\WORD_PREALIGNED=s32'00000000000000000000000000000001.$proc$/workspace/arty-frame-studio/firmware/rtl/frame_engine.v:58$1926'.
No latch inferred for signal `$paramod\frame_engine\WORD_PREALIGNED=s32'00000000000000000000000000000001.\next_phase' from process `$paramod\frame_engine\WORD_PREALIGNED=s32'00000000000000000000000000000001.$proc$/workspace/arty-frame-studio/firmware/rtl/frame_engine.v:58$1926'.
No latch inferred for signal `$paramod\frame_engine\WORD_PREALIGNED=s32'00000000000000000000000000000001.\next_data' from process `$paramod\frame_engine\WORD_PREALIGNED=s32'00000000000000000000000000000001.$proc$/workspace/arty-frame-studio/firmware/rtl/frame_engine.v:58$1926'.
No latch inferred for signal `$paramod\frame_engine\WORD_PREALIGNED=s32'00000000000000000000000000000001.\next_clock' from process `$paramod\frame_engine\WORD_PREALIGNED=s32'00000000000000000000000000000001.$proc$/workspace/arty-frame-studio/firmware/rtl/frame_engine.v:58$1926'.
No latch inferred for signal `$paramod\frame_engine\WORD_PREALIGNED=s32'00000000000000000000000000000001.\next_latch' from process `$paramod\frame_engine\WORD_PREALIGNED=s32'00000000000000000000000000000001.$proc$/workspace/arty-frame-studio/firmware/rtl/frame_engine.v:58$1926'.
No latch inferred for signal `$paramod\frame_engine\WORD_PREALIGNED=s32'00000000000000000000000000000001.\reload_divider' from process `$paramod\frame_engine\WORD_PREALIGNED=s32'00000000000000000000000000000001.$proc$/workspace/arty-frame-studio/firmware/rtl/frame_engine.v:58$1926'.
No latch inferred for signal `$paramod\frame_engine\WORD_PREALIGNED=s32'00000000000000000000000000000001.\reload_latch' from process `$paramod\frame_engine\WORD_PREALIGNED=s32'00000000000000000000000000000001.$proc$/workspace/arty-frame-studio/firmware/rtl/frame_engine.v:58$1926'.
No latch inferred for signal `$paramod\frame_engine\WORD_PREALIGNED=s32'00000000000000000000000000000001.\reload_gap' from process `$paramod\frame_engine\WORD_PREALIGNED=s32'00000000000000000000000000000001.$proc$/workspace/arty-frame-studio/firmware/rtl/frame_engine.v:58$1926'.
No latch inferred for signal `$paramod\frame_engine\WORD_PREALIGNED=s32'00000000000000000000000000000001.\reload_minus_one' from process `$paramod\frame_engine\WORD_PREALIGNED=s32'00000000000000000000000000000001.$proc$/workspace/arty-frame-studio/firmware/rtl/frame_engine.v:58$1926'.
No latch inferred for signal `$paramod\frame_engine\WORD_PREALIGNED=s32'00000000000000000000000000000001.\shift_data' from process `$paramod\frame_engine\WORD_PREALIGNED=s32'00000000000000000000000000000001.$proc$/workspace/arty-frame-studio/firmware/rtl/frame_engine.v:58$1926'.
No latch inferred for signal `$paramod\frame_engine\WORD_PREALIGNED=s32'00000000000000000000000000000001.\finish' from process `$paramod\frame_engine\WORD_PREALIGNED=s32'00000000000000000000000000000001.$proc$/workspace/arty-frame-studio/firmware/rtl/frame_engine.v:58$1926'.
No latch inferred for signal `\frame_controller.\status' from process `\frame_controller.$proc$/workspace/arty-frame-studio/firmware/rtl/frame_controller.v:146$66'.
No latch inferred for signal `\frame_controller.\reply_busy' from process `\frame_controller.$proc$/workspace/arty-frame-studio/firmware/rtl/frame_controller.v:146$66'.
No latch inferred for signal `\frame_controller.\reply_completed' from process `\frame_controller.$proc$/workspace/arty-frame-studio/firmware/rtl/frame_controller.v:146$66'.
No latch inferred for signal `\frame_controller.\next_static_status' from process `\frame_controller.$proc$/workspace/arty-frame-studio/firmware/rtl/frame_controller.v:51$13'.

7.4.9. Executing PROC_DFF pass (convert process syncs to FFs).
Creating register for signal `$paramod\packet_rx\TIMEOUT_CYCLES=s32'00000010011000100101101000000000.\request_valid' using process `$paramod\packet_rx\TIMEOUT_CYCLES=s32'00000010011000100101101000000000.$proc$/workspace/arty-frame-studio/firmware/rtl/packet_rx.v:39$2066'.
  created $dff cell `$procdff$5325' with positive edge clock.
Creating register for signal `$paramod\packet_rx\TIMEOUT_CYCLES=s32'00000010011000100101101000000000.\op' using process `$paramod\packet_rx\TIMEOUT_CYCLES=s32'00000010011000100101101000000000.$proc$/workspace/arty-frame-studio/firmware/rtl/packet_rx.v:39$2066'.
  created $dff cell `$procdff$5326' with positive edge clock.
Creating register for signal `$paramod\packet_rx\TIMEOUT_CYCLES=s32'00000010011000100101101000000000.\seq' using process `$paramod\packet_rx\TIMEOUT_CYCLES=s32'00000010011000100101101000000000.$proc$/workspace/arty-frame-studio/firmware/rtl/packet_rx.v:39$2066'.
  created $dff cell `$procdff$5327' with positive edge clock.
Creating register for signal `$paramod\packet_rx\TIMEOUT_CYCLES=s32'00000010011000100101101000000000.\length' using process `$paramod\packet_rx\TIMEOUT_CYCLES=s32'00000010011000100101101000000000.$proc$/workspace/arty-frame-studio/firmware/rtl/packet_rx.v:39$2066'.
  created $dff cell `$procdff$5328' with positive edge clock.
Creating register for signal `$paramod\packet_rx\TIMEOUT_CYCLES=s32'00000010011000100101101000000000.\payload' using process `$paramod\packet_rx\TIMEOUT_CYCLES=s32'00000010011000100101101000000000.$proc$/workspace/arty-frame-studio/firmware/rtl/packet_rx.v:39$2066'.
  created $dff cell `$procdff$5329' with positive edge clock.
Creating register for signal `$paramod\packet_rx\TIMEOUT_CYCLES=s32'00000010011000100101101000000000.\request_op' using process `$paramod\packet_rx\TIMEOUT_CYCLES=s32'00000010011000100101101000000000.$proc$/workspace/arty-frame-studio/firmware/rtl/packet_rx.v:39$2066'.
  created $dff cell `$procdff$5330' with positive edge clock.
Creating register for signal `$paramod\packet_rx\TIMEOUT_CYCLES=s32'00000010011000100101101000000000.\request_seq' using process `$paramod\packet_rx\TIMEOUT_CYCLES=s32'00000010011000100101101000000000.$proc$/workspace/arty-frame-studio/firmware/rtl/packet_rx.v:39$2066'.
  created $dff cell `$procdff$5331' with positive edge clock.
Creating register for signal `$paramod\packet_rx\TIMEOUT_CYCLES=s32'00000010011000100101101000000000.\request_length' using process `$paramod\packet_rx\TIMEOUT_CYCLES=s32'00000010011000100101101000000000.$proc$/workspace/arty-frame-studio/firmware/rtl/packet_rx.v:39$2066'.
  created $dff cell `$procdff$5332' with positive edge clock.
Creating register for signal `$paramod\packet_rx\TIMEOUT_CYCLES=s32'00000010011000100101101000000000.\request_status' using process `$paramod\packet_rx\TIMEOUT_CYCLES=s32'00000010011000100101101000000000.$proc$/workspace/arty-frame-studio/firmware/rtl/packet_rx.v:39$2066'.
  created $dff cell `$procdff$5333' with positive edge clock.
Creating register for signal `$paramod\packet_rx\TIMEOUT_CYCLES=s32'00000010011000100101101000000000.\request_payload' using process `$paramod\packet_rx\TIMEOUT_CYCLES=s32'00000010011000100101101000000000.$proc$/workspace/arty-frame-studio/firmware/rtl/packet_rx.v:39$2066'.
  created $dff cell `$procdff$5334' with positive edge clock.
Creating register for signal `$paramod\packet_rx\TIMEOUT_CYCLES=s32'00000010011000100101101000000000.\state' using process `$paramod\packet_rx\TIMEOUT_CYCLES=s32'00000010011000100101101000000000.$proc$/workspace/arty-frame-studio/firmware/rtl/packet_rx.v:39$2066'.
  created $dff cell `$procdff$5335' with positive edge clock.
Creating register for signal `$paramod\packet_rx\TIMEOUT_CYCLES=s32'00000010011000100101101000000000.\version' using process `$paramod\packet_rx\TIMEOUT_CYCLES=s32'00000010011000100101101000000000.$proc$/workspace/arty-frame-studio/firmware/rtl/packet_rx.v:39$2066'.
  created $dff cell `$procdff$5336' with positive edge clock.
Creating register for signal `$paramod\packet_rx\TIMEOUT_CYCLES=s32'00000010011000100101101000000000.\payload_index' using process `$paramod\packet_rx\TIMEOUT_CYCLES=s32'00000010011000100101101000000000.$proc$/workspace/arty-frame-studio/firmware/rtl/packet_rx.v:39$2066'.
  created $dff cell `$procdff$5337' with positive edge clock.
Creating register for signal `$paramod\packet_rx\TIMEOUT_CYCLES=s32'00000010011000100101101000000000.\crc_low' using process `$paramod\packet_rx\TIMEOUT_CYCLES=s32'00000010011000100101101000000000.$proc$/workspace/arty-frame-studio/firmware/rtl/packet_rx.v:39$2066'.
  created $dff cell `$procdff$5338' with positive edge clock.
Creating register for signal `$paramod\packet_rx\TIMEOUT_CYCLES=s32'00000010011000100101101000000000.\last_payload_index' using process `$paramod\packet_rx\TIMEOUT_CYCLES=s32'00000010011000100101101000000000.$proc$/workspace/arty-frame-studio/firmware/rtl/packet_rx.v:39$2066'.
  created $dff cell `$procdff$5339' with positive edge clock.
Creating register for signal `$paramod\packet_rx\TIMEOUT_CYCLES=s32'00000010011000100101101000000000.\crc' using process `$paramod\packet_rx\TIMEOUT_CYCLES=s32'00000010011000100101101000000000.$proc$/workspace/arty-frame-studio/firmware/rtl/packet_rx.v:39$2066'.
  created $dff cell `$procdff$5340' with positive edge clock.
Creating register for signal `$paramod\packet_rx\TIMEOUT_CYCLES=s32'00000010011000100101101000000000.\timeout_count' using process `$paramod\packet_rx\TIMEOUT_CYCLES=s32'00000010011000100101101000000000.$proc$/workspace/arty-frame-studio/firmware/rtl/packet_rx.v:39$2066'.
  created $dff cell `$procdff$5341' with positive edge clock.
Creating register for signal `$paramod\packet_rx\TIMEOUT_CYCLES=s32'00000010011000100101101000000000.\payload_byte' using process `$paramod\packet_rx\TIMEOUT_CYCLES=s32'00000010011000100101101000000000.$proc$/workspace/arty-frame-studio/firmware/rtl/packet_rx.v:39$2066'.
  created $dff cell `$procdff$5342' with positive edge clock.
Creating register for signal `$paramod\frame_engine\WORD_PREALIGNED=s32'00000000000000000000000000000001.\completed' using process `$paramod\frame_engine\WORD_PREALIGNED=s32'00000000000000000000000000000001.$proc$/workspace/arty-frame-studio/firmware/rtl/frame_engine.v:189$2028'.
  created $dff cell `$procdff$5343' with positive edge clock.
Creating register for signal `$paramod\frame_engine\WORD_PREALIGNED=s32'00000000000000000000000000000001.\phase' using process `$paramod\frame_engine\WORD_PREALIGNED=s32'00000000000000000000000000000001.$proc$/workspace/arty-frame-studio/firmware/rtl/frame_engine.v:189$2028'.
  created $dff cell `$procdff$5344' with positive edge clock.
Creating register for signal `$paramod\frame_engine\WORD_PREALIGNED=s32'00000000000000000000000000000001.\word_config' using process `$paramod\frame_engine\WORD_PREALIGNED=s32'00000000000000000000000000000001.$proc$/workspace/arty-frame-studio/firmware/rtl/frame_engine.v:189$2028'.
  created $dff cell `$procdff$5345' with positive edge clock.
Creating register for signal `$paramod\frame_engine\WORD_PREALIGNED=s32'00000000000000000000000000000001.\shift_word' using process `$paramod\frame_engine\WORD_PREALIGNED=s32'00000000000000000000000000000001.$proc$/workspace/arty-frame-studio/firmware/rtl/frame_engine.v:189$2028'.
  created $dff cell `$procdff$5346' with positive edge clock.
Creating register for signal `$paramod\frame_engine\WORD_PREALIGNED=s32'00000000000000000000000000000001.\bit_count' using process `$paramod\frame_engine\WORD_PREALIGNED=s32'00000000000000000000000000000001.$proc$/workspace/arty-frame-studio/firmware/rtl/frame_engine.v:189$2028'.
  created $dff cell `$procdff$5347' with positive edge clock.
Creating register for signal `$paramod\frame_engine\WORD_PREALIGNED=s32'00000000000000000000000000000001.\bits_left' using process `$paramod\frame_engine\WORD_PREALIGNED=s32'00000000000000000000000000000001.$proc$/workspace/arty-frame-studio/firmware/rtl/frame_engine.v:189$2028'.
  created $dff cell `$procdff$5348' with positive edge clock.
Creating register for signal `$paramod\frame_engine\WORD_PREALIGNED=s32'00000000000000000000000000000001.\divider' using process `$paramod\frame_engine\WORD_PREALIGNED=s32'00000000000000000000000000000001.$proc$/workspace/arty-frame-studio/firmware/rtl/frame_engine.v:189$2028'.
  created $dff cell `$procdff$5349' with positive edge clock.
Creating register for signal `$paramod\frame_engine\WORD_PREALIGNED=s32'00000000000000000000000000000001.\latch_ticks' using process `$paramod\frame_engine\WORD_PREALIGNED=s32'00000000000000000000000000000001.$proc$/workspace/arty-frame-studio/firmware/rtl/frame_engine.v:189$2028'.
  created $dff cell `$procdff$5350' with positive edge clock.
Creating register for signal `$paramod\frame_engine\WORD_PREALIGNED=s32'00000000000000000000000000000001.\gap_ticks' using process `$paramod\frame_engine\WORD_PREALIGNED=s32'00000000000000000000000000000001.$proc$/workspace/arty-frame-studio/firmware/rtl/frame_engine.v:189$2028'.
  created $dff cell `$procdff$5351' with positive edge clock.
Creating register for signal `$paramod\frame_engine\WORD_PREALIGNED=s32'00000000000000000000000000000001.\remaining' using process `$paramod\frame_engine\WORD_PREALIGNED=s32'00000000000000000000000000000001.$proc$/workspace/arty-frame-studio/firmware/rtl/frame_engine.v:189$2028'.
  created $dff cell `$procdff$5352' with positive edge clock.
Creating register for signal `$paramod\frame_engine\WORD_PREALIGNED=s32'00000000000000000000000000000001.\ticks' using process `$paramod\frame_engine\WORD_PREALIGNED=s32'00000000000000000000000000000001.$proc$/workspace/arty-frame-studio/firmware/rtl/frame_engine.v:189$2028'.
  created $dff cell `$procdff$5353' with positive edge clock.
Creating register for signal `$paramod\frame_engine\WORD_PREALIGNED=s32'00000000000000000000000000000001.\divider_minus_one' using process `$paramod\frame_engine\WORD_PREALIGNED=s32'00000000000000000000000000000001.$proc$/workspace/arty-frame-studio/firmware/rtl/frame_engine.v:189$2028'.
  created $dff cell `$procdff$5354' with positive edge clock.
Creating register for signal `$paramod\frame_engine\WORD_PREALIGNED=s32'00000000000000000000000000000001.\latch_minus_one' using process `$paramod\frame_engine\WORD_PREALIGNED=s32'00000000000000000000000000000001.$proc$/workspace/arty-frame-studio/firmware/rtl/frame_engine.v:189$2028'.
  created $dff cell `$procdff$5355' with positive edge clock.
Creating register for signal `$paramod\frame_engine\WORD_PREALIGNED=s32'00000000000000000000000000000001.\gap_minus_one' using process `$paramod\frame_engine\WORD_PREALIGNED=s32'00000000000000000000000000000001.$proc$/workspace/arty-frame-studio/firmware/rtl/frame_engine.v:189$2028'.
  created $dff cell `$procdff$5356' with positive edge clock.
Creating register for signal `$paramod\frame_engine\WORD_PREALIGNED=s32'00000000000000000000000000000001.\flags' using process `$paramod\frame_engine\WORD_PREALIGNED=s32'00000000000000000000000000000001.$proc$/workspace/arty-frame-studio/firmware/rtl/frame_engine.v:189$2028'.
  created $dff cell `$procdff$5357' with positive edge clock.
Creating register for signal `$paramod\frame_engine\WORD_PREALIGNED=s32'00000000000000000000000000000001.\initial_data' using process `$paramod\frame_engine\WORD_PREALIGNED=s32'00000000000000000000000000000001.$proc$/workspace/arty-frame-studio/firmware/rtl/frame_engine.v:189$2028'.
  created $dff cell `$procdff$5358' with positive edge clock.
Creating register for signal `$paramod\frame_engine\WORD_PREALIGNED=s32'00000000000000000000000000000001.\data_level' using process `$paramod\frame_engine\WORD_PREALIGNED=s32'00000000000000000000000000000001.$proc$/workspace/arty-frame-studio/firmware/rtl/frame_engine.v:189$2028'.
  created $dff cell `$procdff$5359' with positive edge clock.
Creating register for signal `$paramod\frame_engine\WORD_PREALIGNED=s32'00000000000000000000000000000001.\clock_level' using process `$paramod\frame_engine\WORD_PREALIGNED=s32'00000000000000000000000000000001.$proc$/workspace/arty-frame-studio/firmware/rtl/frame_engine.v:189$2028'.
  created $dff cell `$procdff$5360' with positive edge clock.
Creating register for signal `$paramod\frame_engine\WORD_PREALIGNED=s32'00000000000000000000000000000001.\latch_level' using process `$paramod\frame_engine\WORD_PREALIGNED=s32'00000000000000000000000000000001.$proc$/workspace/arty-frame-studio/firmware/rtl/frame_engine.v:189$2028'.
  created $dff cell `$procdff$5361' with positive edge clock.
Creating register for signal `$paramod\frame_engine\WORD_PREALIGNED=s32'00000000000000000000000000000001.\ticks_one' using process `$paramod\frame_engine\WORD_PREALIGNED=s32'00000000000000000000000000000001.$proc$/workspace/arty-frame-studio/firmware/rtl/frame_engine.v:189$2028'.
  created $dff cell `$procdff$5362' with positive edge clock.
Creating register for signal `$paramod\frame_engine\WORD_PREALIGNED=s32'00000000000000000000000000000001.\ticks_two' using process `$paramod\frame_engine\WORD_PREALIGNED=s32'00000000000000000000000000000001.$proc$/workspace/arty-frame-studio/firmware/rtl/frame_engine.v:189$2028'.
  created $dff cell `$procdff$5363' with positive edge clock.
Creating register for signal `$paramod\frame_engine\WORD_PREALIGNED=s32'00000000000000000000000000000001.\divider_one' using process `$paramod\frame_engine\WORD_PREALIGNED=s32'00000000000000000000000000000001.$proc$/workspace/arty-frame-studio/firmware/rtl/frame_engine.v:189$2028'.
  created $dff cell `$procdff$5364' with positive edge clock.
Creating register for signal `$paramod\frame_engine\WORD_PREALIGNED=s32'00000000000000000000000000000001.\divider_two' using process `$paramod\frame_engine\WORD_PREALIGNED=s32'00000000000000000000000000000001.$proc$/workspace/arty-frame-studio/firmware/rtl/frame_engine.v:189$2028'.
  created $dff cell `$procdff$5365' with positive edge clock.
Creating register for signal `$paramod\frame_engine\WORD_PREALIGNED=s32'00000000000000000000000000000001.\divider_three' using process `$paramod\frame_engine\WORD_PREALIGNED=s32'00000000000000000000000000000001.$proc$/workspace/arty-frame-studio/firmware/rtl/frame_engine.v:189$2028'.
  created $dff cell `$procdff$5366' with positive edge clock.
Creating register for signal `$paramod\frame_engine\WORD_PREALIGNED=s32'00000000000000000000000000000001.\latch_one' using process `$paramod\frame_engine\WORD_PREALIGNED=s32'00000000000000000000000000000001.$proc$/workspace/arty-frame-studio/firmware/rtl/frame_engine.v:189$2028'.
  created $dff cell `$procdff$5367' with positive edge clock.
Creating register for signal `$paramod\frame_engine\WORD_PREALIGNED=s32'00000000000000000000000000000001.\latch_two' using process `$paramod\frame_engine\WORD_PREALIGNED=s32'00000000000000000000000000000001.$proc$/workspace/arty-frame-studio/firmware/rtl/frame_engine.v:189$2028'.
  created $dff cell `$procdff$5368' with positive edge clock.
Creating register for signal `$paramod\frame_engine\WORD_PREALIGNED=s32'00000000000000000000000000000001.\latch_three' using process `$paramod\frame_engine\WORD_PREALIGNED=s32'00000000000000000000000000000001.$proc$/workspace/arty-frame-studio/firmware/rtl/frame_engine.v:189$2028'.
  created $dff cell `$procdff$5369' with positive edge clock.
Creating register for signal `$paramod\frame_engine\WORD_PREALIGNED=s32'00000000000000000000000000000001.\gap_zero' using process `$paramod\frame_engine\WORD_PREALIGNED=s32'00000000000000000000000000000001.$proc$/workspace/arty-frame-studio/firmware/rtl/frame_engine.v:189$2028'.
  created $dff cell `$procdff$5370' with positive edge clock.
Creating register for signal `$paramod\frame_engine\WORD_PREALIGNED=s32'00000000000000000000000000000001.\gap_one' using process `$paramod\frame_engine\WORD_PREALIGNED=s32'00000000000000000000000000000001.$proc$/workspace/arty-frame-studio/firmware/rtl/frame_engine.v:189$2028'.
  created $dff cell `$procdff$5371' with positive edge clock.
Creating register for signal `$paramod\frame_engine\WORD_PREALIGNED=s32'00000000000000000000000000000001.\gap_two' using process `$paramod\frame_engine\WORD_PREALIGNED=s32'00000000000000000000000000000001.$proc$/workspace/arty-frame-studio/firmware/rtl/frame_engine.v:189$2028'.
  created $dff cell `$procdff$5372' with positive edge clock.
Creating register for signal `$paramod\frame_engine\WORD_PREALIGNED=s32'00000000000000000000000000000001.\gap_three' using process `$paramod\frame_engine\WORD_PREALIGNED=s32'00000000000000000000000000000001.$proc$/workspace/arty-frame-studio/firmware/rtl/frame_engine.v:189$2028'.
  created $dff cell `$procdff$5373' with positive edge clock.
Creating register for signal `$paramod$8ddaca4dfa922c26058b963a6222ff239c76ca16\uart_rx.\data' using process `$paramod$8ddaca4dfa922c26058b963a6222ff239c76ca16\uart_rx.$proc$/workspace/arty-frame-studio/firmware/rtl/uart_rx.v:18$1888'.
  created $dff cell `$procdff$5374' with positive edge clock.
Creating register for signal `$paramod$8ddaca4dfa922c26058b963a6222ff239c76ca16\uart_rx.\valid' using process `$paramod$8ddaca4dfa922c26058b963a6222ff239c76ca16\uart_rx.$proc$/workspace/arty-frame-studio/firmware/rtl/uart_rx.v:18$1888'.
  created $dff cell `$procdff$5375' with positive edge clock.
Creating register for signal `$paramod$8ddaca4dfa922c26058b963a6222ff239c76ca16\uart_rx.\state' using process `$paramod$8ddaca4dfa922c26058b963a6222ff239c76ca16\uart_rx.$proc$/workspace/arty-frame-studio/firmware/rtl/uart_rx.v:18$1888'.
  created $dff cell `$procdff$5376' with positive edge clock.
Creating register for signal `$paramod$8ddaca4dfa922c26058b963a6222ff239c76ca16\uart_rx.\rx_meta' using process `$paramod$8ddaca4dfa922c26058b963a6222ff239c76ca16\uart_rx.$proc$/workspace/arty-frame-studio/firmware/rtl/uart_rx.v:18$1888'.
  created $dff cell `$procdff$5377' with positive edge clock.
Creating register for signal `$paramod$8ddaca4dfa922c26058b963a6222ff239c76ca16\uart_rx.\rx_sync' using process `$paramod$8ddaca4dfa922c26058b963a6222ff239c76ca16\uart_rx.$proc$/workspace/arty-frame-studio/firmware/rtl/uart_rx.v:18$1888'.
  created $dff cell `$procdff$5378' with positive edge clock.
Creating register for signal `$paramod$8ddaca4dfa922c26058b963a6222ff239c76ca16\uart_rx.\count' using process `$paramod$8ddaca4dfa922c26058b963a6222ff239c76ca16\uart_rx.$proc$/workspace/arty-frame-studio/firmware/rtl/uart_rx.v:18$1888'.
  created $dff cell `$procdff$5379' with positive edge clock.
Creating register for signal `$paramod$8ddaca4dfa922c26058b963a6222ff239c76ca16\uart_rx.\index' using process `$paramod$8ddaca4dfa922c26058b963a6222ff239c76ca16\uart_rx.$proc$/workspace/arty-frame-studio/firmware/rtl/uart_rx.v:18$1888'.
  created $dff cell `$procdff$5380' with positive edge clock.
Creating register for signal `$paramod$8ddaca4dfa922c26058b963a6222ff239c76ca16\uart_rx.\shift' using process `$paramod$8ddaca4dfa922c26058b963a6222ff239c76ca16\uart_rx.$proc$/workspace/arty-frame-studio/firmware/rtl/uart_rx.v:18$1888'.
  created $dff cell `$procdff$5381' with positive edge clock.
Creating register for signal `$paramod$8ddaca4dfa922c26058b963a6222ff239c76ca16\uart_tx.\bits_left' using process `$paramod$8ddaca4dfa922c26058b963a6222ff239c76ca16\uart_tx.$proc$/workspace/arty-frame-studio/firmware/rtl/uart_tx.v:19$1882'.
  created $dff cell `$procdff$5382' with positive edge clock.
Creating register for signal `$paramod$8ddaca4dfa922c26058b963a6222ff239c76ca16\uart_tx.\count' using process `$paramod$8ddaca4dfa922c26058b963a6222ff239c76ca16\uart_tx.$proc$/workspace/arty-frame-studio/firmware/rtl/uart_tx.v:19$1882'.
  created $dff cell `$procdff$5383' with positive edge clock.
Creating register for signal `$paramod$8ddaca4dfa922c26058b963a6222ff239c76ca16\uart_tx.\shift' using process `$paramod$8ddaca4dfa922c26058b963a6222ff239c76ca16\uart_tx.$proc$/workspace/arty-frame-studio/firmware/rtl/uart_tx.v:19$1882'.
  created $dff cell `$procdff$5384' with positive edge clock.
Creating register for signal `\frame_controller.\read_pointer' using process `\frame_controller.$proc$/workspace/arty-frame-studio/firmware/rtl/frame_controller.v:205$71'.
  created $dff cell `$procdff$5385' with positive edge clock.
Creating register for signal `\frame_controller.\write_pointer' using process `\frame_controller.$proc$/workspace/arty-frame-studio/firmware/rtl/frame_controller.v:205$71'.
  created $dff cell `$procdff$5386' with positive edge clock.
Creating register for signal `\frame_controller.\reply_count' using process `\frame_controller.$proc$/workspace/arty-frame-studio/firmware/rtl/frame_controller.v:205$71'.
  created $dff cell `$procdff$5387' with positive edge clock.
Creating register for signal `\frame_controller.\write_pending' using process `\frame_controller.$proc$/workspace/arty-frame-studio/firmware/rtl/frame_controller.v:205$71'.
  created $dff cell `$procdff$5388' with positive edge clock.
Creating register for signal `\frame_controller.\pending_address' using process `\frame_controller.$proc$/workspace/arty-frame-studio/firmware/rtl/frame_controller.v:205$71'.
  created $dff cell `$procdff$5389' with positive edge clock.
Creating register for signal `\frame_controller.\pending_reply' using process `\frame_controller.$proc$/workspace/arty-frame-studio/firmware/rtl/frame_controller.v:205$71'.
  created $dff cell `$procdff$5390' with positive edge clock.
Creating register for signal `\frame_controller.\sending' using process `\frame_controller.$proc$/workspace/arty-frame-studio/firmware/rtl/frame_controller.v:205$71'.
  created $dff cell `$procdff$5391' with positive edge clock.
Creating register for signal `\frame_controller.\preparing' using process `\frame_controller.$proc$/workspace/arty-frame-studio/firmware/rtl/frame_controller.v:205$71'.
  created $dff cell `$procdff$5392' with positive edge clock.
Creating register for signal `\frame_controller.\tx_index' using process `\frame_controller.$proc$/workspace/arty-frame-studio/firmware/rtl/frame_controller.v:205$71'.
  created $dff cell `$procdff$5393' with positive edge clock.
Creating register for signal `\frame_controller.\crc_index' using process `\frame_controller.$proc$/workspace/arty-frame-studio/firmware/rtl/frame_controller.v:205$71'.
  created $dff cell `$procdff$5394' with positive edge clock.
Creating register for signal `\frame_controller.\response_crc' using process `\frame_controller.$proc$/workspace/arty-frame-studio/firmware/rtl/frame_controller.v:205$71'.
  created $dff cell `$procdff$5395' with positive edge clock.
Creating register for signal `\frame_controller.\tx_packet' using process `\frame_controller.$proc$/workspace/arty-frame-studio/firmware/rtl/frame_controller.v:205$71'.
  created $dff cell `$procdff$5396' with positive edge clock.
Creating register for signal `\frame_controller.$memwr$\replies$/workspace/arty-frame-studio/firmware/rtl/frame_controller.v:233$12_ADDR' using process `\frame_controller.$proc$/workspace/arty-frame-studio/firmware/rtl/frame_controller.v:205$71'.
  created $dff cell `$procdff$5397' with positive edge clock.
Creating register for signal `\frame_controller.$memwr$\replies$/workspace/arty-frame-studio/firmware/rtl/frame_controller.v:233$12_DATA' using process `\frame_controller.$proc$/workspace/arty-frame-studio/firmware/rtl/frame_controller.v:205$71'.
  created $dff cell `$procdff$5398' with positive edge clock.
Creating register for signal `\frame_controller.$memwr$\replies$/workspace/arty-frame-studio/firmware/rtl/frame_controller.v:233$12_EN' using process `\frame_controller.$proc$/workspace/arty-frame-studio/firmware/rtl/frame_controller.v:205$71'.
  created $dff cell `$procdff$5399' with positive edge clock.
Creating register for signal `\frame_controller.\captured_valid' using process `\frame_controller.$proc$/workspace/arty-frame-studio/firmware/rtl/frame_controller.v:63$19'.
  created $dff cell `$procdff$5400' with positive edge clock.
Creating register for signal `\frame_controller.\captured_empty' using process `\frame_controller.$proc$/workspace/arty-frame-studio/firmware/rtl/frame_controller.v:63$19'.
  created $dff cell `$procdff$5401' with positive edge clock.
Creating register for signal `\frame_controller.\captured_send_shape' using process `\frame_controller.$proc$/workspace/arty-frame-studio/firmware/rtl/frame_controller.v:63$19'.
  created $dff cell `$procdff$5402' with positive edge clock.
Creating register for signal `\frame_controller.\captured_op' using process `\frame_controller.$proc$/workspace/arty-frame-studio/firmware/rtl/frame_controller.v:63$19'.
  created $dff cell `$procdff$5403' with positive edge clock.
Creating register for signal `\frame_controller.\captured_seq' using process `\frame_controller.$proc$/workspace/arty-frame-studio/firmware/rtl/frame_controller.v:63$19'.
  created $dff cell `$procdff$5404' with positive edge clock.
Creating register for signal `\frame_controller.\captured_parser_status' using process `\frame_controller.$proc$/workspace/arty-frame-studio/firmware/rtl/frame_controller.v:63$19'.
  created $dff cell `$procdff$5405' with positive edge clock.
Creating register for signal `\frame_controller.\captured_payload' using process `\frame_controller.$proc$/workspace/arty-frame-studio/firmware/rtl/frame_controller.v:63$19'.
  created $dff cell `$procdff$5406' with positive edge clock.
Creating register for signal `\frame_controller.\captured_shift_amount' using process `\frame_controller.$proc$/workspace/arty-frame-studio/firmware/rtl/frame_controller.v:63$19'.
  created $dff cell `$procdff$5407' with positive edge clock.
Creating register for signal `\frame_controller.\captured_word_overflow' using process `\frame_controller.$proc$/workspace/arty-frame-studio/firmware/rtl/frame_controller.v:63$19'.
  created $dff cell `$procdff$5408' with positive edge clock.
Creating register for signal `\frame_controller.\validated_valid' using process `\frame_controller.$proc$/workspace/arty-frame-studio/firmware/rtl/frame_controller.v:63$19'.
  created $dff cell `$procdff$5409' with positive edge clock.
Creating register for signal `\frame_controller.\send_eligible' using process `\frame_controller.$proc$/workspace/arty-frame-studio/firmware/rtl/frame_controller.v:63$19'.
  created $dff cell `$procdff$5410' with positive edge clock.
Creating register for signal `\frame_controller.\stop_eligible' using process `\frame_controller.$proc$/workspace/arty-frame-studio/firmware/rtl/frame_controller.v:63$19'.
  created $dff cell `$procdff$5411' with positive edge clock.
Creating register for signal `\frame_controller.\validated_op' using process `\frame_controller.$proc$/workspace/arty-frame-studio/firmware/rtl/frame_controller.v:63$19'.
  created $dff cell `$procdff$5412' with positive edge clock.
Creating register for signal `\frame_controller.\validated_seq' using process `\frame_controller.$proc$/workspace/arty-frame-studio/firmware/rtl/frame_controller.v:63$19'.
  created $dff cell `$procdff$5413' with positive edge clock.
Creating register for signal `\frame_controller.\validated_status' using process `\frame_controller.$proc$/workspace/arty-frame-studio/firmware/rtl/frame_controller.v:63$19'.
  created $dff cell `$procdff$5414' with positive edge clock.
Creating register for signal `\frame_controller.\validated_payload' using process `\frame_controller.$proc$/workspace/arty-frame-studio/firmware/rtl/frame_controller.v:63$19'.
  created $dff cell `$procdff$5415' with positive edge clock.
Creating register for signal `\frame_controller.\validated_aligned_word' using process `\frame_controller.$proc$/workspace/arty-frame-studio/firmware/rtl/frame_controller.v:63$19'.
  created $dff cell `$procdff$5416' with positive edge clock.
Creating register for signal `\arty_top.\reset_pipe' using process `\arty_top.$proc$/workspace/arty-frame-studio/firmware/rtl/arty_top.v:40$5'.
  created $adff cell `$procdff$5419' with positive edge clock and positive level reset.

7.4.10. Executing PROC_MEMWR pass (convert process memory writes to cells).

7.4.11. Executing PROC_CLEAN pass (remove empty switches from decision trees).
Found and cleaned up 41 empty switches in `$paramod\packet_rx\TIMEOUT_CYCLES=s32'00000010011000100101101000000000.$proc$/workspace/arty-frame-studio/firmware/rtl/packet_rx.v:39$2066'.
Removing empty process `$paramod\packet_rx\TIMEOUT_CYCLES=s32'00000010011000100101101000000000.$proc$/workspace/arty-frame-studio/firmware/rtl/packet_rx.v:39$2066'.
Found and cleaned up 9 empty switches in `$paramod\frame_engine\WORD_PREALIGNED=s32'00000000000000000000000000000001.$proc$/workspace/arty-frame-studio/firmware/rtl/frame_engine.v:189$2028'.
Removing empty process `$paramod\frame_engine\WORD_PREALIGNED=s32'00000000000000000000000000000001.$proc$/workspace/arty-frame-studio/firmware/rtl/frame_engine.v:189$2028'.
Found and cleaned up 16 empty switches in `$paramod\frame_engine\WORD_PREALIGNED=s32'00000000000000000000000000000001.$proc$/workspace/arty-frame-studio/firmware/rtl/frame_engine.v:58$1926'.
Removing empty process `$paramod\frame_engine\WORD_PREALIGNED=s32'00000000000000000000000000000001.$proc$/workspace/arty-frame-studio/firmware/rtl/frame_engine.v:58$1926'.
Removing empty process `$paramod$8ddaca4dfa922c26058b963a6222ff239c76ca16\uart_rx.$proc$/workspace/arty-frame-studio/firmware/rtl/uart_rx.v:13$1915'.
Removing empty process `$paramod$8ddaca4dfa922c26058b963a6222ff239c76ca16\uart_rx.$proc$/workspace/arty-frame-studio/firmware/rtl/uart_rx.v:13$1914'.
Found and cleaned up 9 empty switches in `$paramod$8ddaca4dfa922c26058b963a6222ff239c76ca16\uart_rx.$proc$/workspace/arty-frame-studio/firmware/rtl/uart_rx.v:18$1888'.
Removing empty process `$paramod$8ddaca4dfa922c26058b963a6222ff239c76ca16\uart_rx.$proc$/workspace/arty-frame-studio/firmware/rtl/uart_rx.v:18$1888'.
Found and cleaned up 4 empty switches in `$paramod$8ddaca4dfa922c26058b963a6222ff239c76ca16\uart_tx.$proc$/workspace/arty-frame-studio/firmware/rtl/uart_tx.v:19$1882'.
Removing empty process `$paramod$8ddaca4dfa922c26058b963a6222ff239c76ca16\uart_tx.$proc$/workspace/arty-frame-studio/firmware/rtl/uart_tx.v:19$1882'.
Found and cleaned up 9 empty switches in `\frame_controller.$proc$/workspace/arty-frame-studio/firmware/rtl/frame_controller.v:205$71'.
Removing empty process `frame_controller.$proc$/workspace/arty-frame-studio/firmware/rtl/frame_controller.v:205$71'.
Found and cleaned up 3 empty switches in `\frame_controller.$proc$/workspace/arty-frame-studio/firmware/rtl/frame_controller.v:146$66'.
Removing empty process `frame_controller.$proc$/workspace/arty-frame-studio/firmware/rtl/frame_controller.v:146$66'.
Found and cleaned up 1 empty switch in `\frame_controller.$proc$/workspace/arty-frame-studio/firmware/rtl/frame_controller.v:63$19'.
Removing empty process `frame_controller.$proc$/workspace/arty-frame-studio/firmware/rtl/frame_controller.v:63$19'.
Found and cleaned up 4 empty switches in `\frame_controller.$proc$/workspace/arty-frame-studio/firmware/rtl/frame_controller.v:51$13'.
Removing empty process `frame_controller.$proc$/workspace/arty-frame-studio/firmware/rtl/frame_controller.v:51$13'.
Removing empty process `arty_top.$proc$/workspace/arty-frame-studio/firmware/rtl/arty_top.v:39$7'.
Removing empty process `arty_top.$proc$/workspace/arty-frame-studio/firmware/rtl/arty_top.v:40$5'.
Cleaned up 96 empty switches.

7.4.12. Executing OPT_EXPR pass (perform const folding).
Optimizing module $paramod\packet_rx\TIMEOUT_CYCLES=s32'00000010011000100101101000000000.
<suppressed ~125 debug messages>
Optimizing module $paramod\frame_engine\WORD_PREALIGNED=s32'00000000000000000000000000000001.
<suppressed ~74 debug messages>
Optimizing module $paramod$8ddaca4dfa922c26058b963a6222ff239c76ca16\uart_rx.
<suppressed ~12 debug messages>
Optimizing module $paramod$8ddaca4dfa922c26058b963a6222ff239c76ca16\uart_tx.
<suppressed ~2 debug messages>
Optimizing module frame_controller.
<suppressed ~58 debug messages>
Optimizing module arty_top.
<suppressed ~2 debug messages>

7.5. Executing FLATTEN pass (flatten design).
Deleting now unused module $paramod\packet_rx\TIMEOUT_CYCLES=s32'00000010011000100101101000000000.
Deleting now unused module $paramod\frame_engine\WORD_PREALIGNED=s32'00000000000000000000000000000001.
Deleting now unused module $paramod$8ddaca4dfa922c26058b963a6222ff239c76ca16\uart_rx.
Deleting now unused module $paramod$8ddaca4dfa922c26058b963a6222ff239c76ca16\uart_tx.
Deleting now unused module frame_controller.
<suppressed ~5 debug messages>

7.6. Executing TRIBUF pass.

7.7. Executing DEMINOUT pass (demote inout ports to input or output).

7.8. Executing OPT_EXPR pass (perform const folding).
Optimizing module arty_top.
<suppressed ~10 debug messages>

7.9. Executing OPT_CLEAN pass (remove unused cells and wires).
Finding unused cells or wires in module \arty_top..
Removed 298 unused cells and 1745 unused wires.
<suppressed ~332 debug messages>

7.10. Executing CHECK pass (checking for obvious problems).
Checking module arty_top...
Found and reported 0 problems.

7.11. Executing OPT pass (performing simple optimizations).

7.11.1. Executing OPT_EXPR pass (perform const folding).
Optimizing module arty_top.

7.11.2. Executing OPT_MERGE pass (detect identical cells).
Finding identical cells in module `\arty_top'.
Computing hashes of 1310 cells of `\arty_top'.
Finding duplicate cells in `\arty_top'.
Computing hashes of 1171 cells of `\arty_top'.
Finding duplicate cells in `\arty_top'.
Computing hashes of 1159 cells of `\arty_top'.
Finding duplicate cells in `\arty_top'.
Computing hashes of 1158 cells of `\arty_top'.
Finding duplicate cells in `\arty_top'.
<suppressed ~456 debug messages>
Removed a total of 152 cells.

7.11.3. Executing OPT_MUXTREE pass (detect dead branches in mux trees).
Running muxtree optimizer on module \arty_top..
  Creating internal representation of mux trees.
  Evaluating internal representation of mux trees.
      Replacing known input bits on port A of cell $flatten\controller.$procmux$5194: \controller.preparing -> 1'0
      Replacing known input bits on port A of cell $flatten\controller.$procmux$5192: \controller.preparing -> 1'1
      Replacing known input bits on port A of cell $flatten\controller.\engine.$procmux$4120: \controller.engine.ticks_one -> 1'0
      Replacing known input bits on port A of cell $flatten\controller.\engine.$procmux$4082: \controller.engine.ticks_one -> 1'1
      Replacing known input bits on port A of cell $flatten\controller.\engine.$procmux$4309: \controller.engine.ticks_one -> 1'0
      Replacing known input bits on port A of cell $flatten\controller.\engine.$procmux$4296: \controller.engine.ticks_one -> 1'1
      Replacing known input bits on port A of cell $flatten\controller.\engine.$procmux$4459: \controller.engine.ticks_one -> 1'0
      Replacing known input bits on port A of cell $flatten\controller.\engine.$procmux$4388: \controller.engine.ticks_one -> 1'1
  Analyzing evaluation results.
    dead port 1/2 on $mux $flatten\controller.$procmux$5077.
    dead port 1/2 on $mux $flatten\controller.$procmux$5065.
    dead port 1/2 on $mux $flatten\controller.$procmux$5071.
    dead port 1/2 on $mux $flatten\controller.$procmux$5234.
    dead port 2/2 on $mux $flatten\controller.$procmux$5301.
    dead port 2/2 on $mux $flatten\controller.$procmux$5303.
    dead port 2/2 on $mux $flatten\controller.$procmux$5311.
    dead port 2/2 on $mux $flatten\controller.$procmux$5313.
    dead port 2/2 on $mux $flatten\controller.$procmux$5320.
    dead port 2/2 on $mux $flatten\controller.\engine.$procmux$4576.
    dead port 2/2 on $mux $flatten\controller.\engine.$procmux$4544.
    dead port 2/2 on $mux $flatten\controller.\engine.$procmux$4560.
    dead port 2/2 on $mux $flatten\controller.\engine.$procmux$4535.
    dead port 2/2 on $mux $flatten\controller.\engine.$procmux$4526.
    dead port 2/2 on $mux $flatten\controller.\engine.$procmux$4517.
    dead port 2/2 on $mux $flatten\controller.\engine.$procmux$4508.
    dead port 2/2 on $mux $flatten\controller.\engine.$procmux$4568.
    dead port 2/2 on $mux $flatten\controller.\engine.$procmux$4499.
    dead port 2/2 on $mux $flatten\controller.\engine.$procmux$4497.
    dead port 2/2 on $mux $flatten\controller.\engine.$procmux$4487.
    dead port 2/2 on $mux $flatten\controller.\engine.$procmux$4485.
    dead port 2/2 on $mux $flatten\controller.\engine.$procmux$4475.
    dead port 2/2 on $mux $flatten\controller.\engine.$procmux$4473.
    dead port 2/2 on $mux $flatten\controller.\engine.$procmux$4463.
    dead port 2/2 on $mux $flatten\controller.\engine.$procmux$4461.
    dead port 2/2 on $mux $flatten\controller.\engine.$procmux$4451.
    dead port 2/2 on $mux $flatten\controller.\engine.$procmux$4449.
    dead port 2/2 on $mux $flatten\controller.\engine.$procmux$4439.
    dead port 2/2 on $mux $flatten\controller.\engine.$procmux$4437.
    dead port 2/2 on $mux $flatten\controller.\engine.$procmux$4435.
    dead port 2/2 on $mux $flatten\controller.\engine.$procmux$4424.
    dead port 2/2 on $mux $flatten\controller.\engine.$procmux$4422.
    dead port 2/2 on $mux $flatten\controller.\engine.$procmux$4420.
    dead port 2/2 on $mux $flatten\controller.\engine.$procmux$4409.
    dead port 2/2 on $mux $flatten\controller.\engine.$procmux$4407.
    dead port 2/2 on $mux $flatten\controller.\engine.$procmux$4405.
    dead port 2/2 on $mux $flatten\controller.\engine.$procmux$4394.
    dead port 2/2 on $mux $flatten\controller.\engine.$procmux$4392.
    dead port 2/2 on $mux $flatten\controller.\engine.$procmux$4390.
    dead port 2/2 on $mux $flatten\controller.\engine.$procmux$4379.
    dead port 2/2 on $mux $flatten\controller.\engine.$procmux$4377.
    dead port 2/2 on $mux $flatten\controller.\engine.$procmux$4583.
    dead port 2/2 on $mux $flatten\controller.\engine.$procmux$4368.
    dead port 2/2 on $mux $flatten\controller.\engine.$procmux$4366.
    dead port 2/2 on $mux $flatten\controller.\engine.$procmux$4357.
    dead port 2/2 on $mux $flatten\controller.\engine.$procmux$4355.
    dead port 2/2 on $mux $flatten\controller.\engine.$procmux$4346.
    dead port 2/2 on $mux $flatten\controller.\engine.$procmux$4344.
    dead port 2/2 on $mux $flatten\controller.\engine.$procmux$4335.
    dead port 2/2 on $mux $flatten\controller.\engine.$procmux$4333.
    dead port 2/2 on $mux $flatten\controller.\engine.$procmux$4324.
    dead port 2/2 on $mux $flatten\controller.\engine.$procmux$4322.
    dead port 2/2 on $mux $flatten\controller.\engine.$procmux$4313.
    dead port 2/2 on $mux $flatten\controller.\engine.$procmux$4311.
    dead port 2/2 on $mux $flatten\controller.\engine.$procmux$4302.
    dead port 2/2 on $mux $flatten\controller.\engine.$procmux$4300.
    dead port 2/2 on $mux $flatten\controller.\engine.$procmux$4298.
    dead port 2/2 on $mux $flatten\controller.\engine.$procmux$4288.
    dead port 2/2 on $mux $flatten\controller.\engine.$procmux$4286.
    dead port 2/2 on $mux $flatten\controller.\engine.$procmux$4284.
    dead port 2/2 on $mux $flatten\controller.\engine.$procmux$4274.
    dead port 2/2 on $mux $flatten\controller.\engine.$procmux$4272.
    dead port 2/2 on $mux $flatten\controller.\engine.$procmux$4270.
    dead port 2/2 on $mux $flatten\controller.\engine.$procmux$4260.
    dead port 2/2 on $mux $flatten\controller.\engine.$procmux$4258.
    dead port 2/2 on $mux $flatten\controller.\engine.$procmux$4256.
    dead port 2/2 on $mux $flatten\controller.\engine.$procmux$4246.
    dead port 2/2 on $mux $flatten\controller.\engine.$procmux$4244.
    dead port 2/2 on $mux $flatten\controller.\engine.$procmux$4591.
    dead port 2/2 on $mux $flatten\controller.\engine.$procmux$4242.
    dead port 2/2 on $mux $flatten\controller.\engine.$procmux$4232.
    dead port 2/2 on $mux $flatten\controller.\engine.$procmux$4230.
    dead port 2/2 on $mux $flatten\controller.\engine.$procmux$4228.
    dead port 2/2 on $mux $flatten\controller.\engine.$procmux$4226.
    dead port 2/2 on $mux $flatten\controller.\engine.$procmux$4215.
    dead port 2/2 on $mux $flatten\controller.\engine.$procmux$4213.
    dead port 2/2 on $mux $flatten\controller.\engine.$procmux$4211.
    dead port 2/2 on $mux $flatten\controller.\engine.$procmux$4209.
    dead port 2/2 on $mux $flatten\controller.\engine.$procmux$4198.
    dead port 2/2 on $mux $flatten\controller.\engine.$procmux$4196.
    dead port 2/2 on $mux $flatten\controller.\engine.$procmux$4194.
    dead port 2/2 on $mux $flatten\controller.\engine.$procmux$4192.
    dead port 2/2 on $mux $flatten\controller.\engine.$procmux$4181.
    dead port 2/2 on $mux $flatten\controller.\engine.$procmux$4179.
    dead port 2/2 on $mux $flatten\controller.\engine.$procmux$4177.
    dead port 2/2 on $mux $flatten\controller.\engine.$procmux$4175.
    dead port 2/2 on $mux $flatten\controller.\engine.$procmux$4164.
    dead port 2/2 on $mux $flatten\controller.\engine.$procmux$4162.
    dead port 2/2 on $mux $flatten\controller.\engine.$procmux$4553.
    dead port 2/2 on $mux $flatten\controller.\engine.$procmux$4154.
    dead port 2/2 on $mux $flatten\controller.\engine.$procmux$4152.
    dead port 2/2 on $mux $flatten\controller.\engine.$procmux$4144.
    dead port 2/2 on $mux $flatten\controller.\engine.$procmux$4142.
    dead port 2/2 on $mux $flatten\controller.\engine.$procmux$4134.
    dead port 2/2 on $mux $flatten\controller.\engine.$procmux$4132.
    dead port 2/2 on $mux $flatten\controller.\engine.$procmux$4124.
    dead port 2/2 on $mux $flatten\controller.\engine.$procmux$4122.
    dead port 2/2 on $mux $flatten\controller.\engine.$procmux$4114.
    dead port 2/2 on $mux $flatten\controller.\engine.$procmux$4112.
    dead port 2/2 on $mux $flatten\controller.\engine.$procmux$4110.
    dead port 2/2 on $mux $flatten\controller.\engine.$procmux$4101.
    dead port 2/2 on $mux $flatten\controller.\engine.$procmux$4099.
    dead port 2/2 on $mux $flatten\controller.\engine.$procmux$4097.
    dead port 2/2 on $mux $flatten\controller.\engine.$procmux$4088.
    dead port 2/2 on $mux $flatten\controller.\engine.$procmux$4086.
    dead port 2/2 on $mux $flatten\controller.\engine.$procmux$4084.
    dead port 2/2 on $mux $flatten\controller.\engine.$procmux$4075.
    dead port 2/2 on $mux $flatten\controller.\engine.$procmux$4073.
    dead port 2/2 on $mux $flatten\controller.\engine.$procmux$4071.
    dead port 2/2 on $mux $flatten\controller.\engine.$procmux$4062.
    dead port 2/2 on $mux $flatten\controller.\engine.$procmux$4060.
    dead port 2/2 on $mux $flatten\controller.\engine.$procmux$4058.
    dead port 2/2 on $mux $flatten\controller.\engine.$procmux$4056.
    dead port 2/2 on $mux $flatten\controller.\engine.$procmux$4046.
    dead port 2/2 on $mux $flatten\controller.\engine.$procmux$4044.
    dead port 2/2 on $mux $flatten\controller.\engine.$procmux$4037.
    dead port 2/2 on $mux $flatten\controller.\engine.$procmux$4035.
    dead port 2/2 on $mux $flatten\controller.\engine.$procmux$4028.
    dead port 2/2 on $mux $flatten\controller.\engine.$procmux$4026.
    dead port 2/2 on $mux $flatten\controller.\engine.$procmux$4019.
    dead port 2/2 on $mux $flatten\controller.\engine.$procmux$4017.
    dead port 1/2 on $mux $flatten\controller.\engine.$procmux$4015.
    dead port 2/2 on $mux $flatten\controller.\engine.$procmux$4007.
    dead port 2/2 on $mux $flatten\controller.\engine.$procmux$4005.
    dead port 1/2 on $mux $flatten\controller.\engine.$procmux$4003.
    dead port 2/2 on $mux $flatten\controller.\engine.$procmux$3995.
    dead port 2/2 on $mux $flatten\controller.\engine.$procmux$3989.
    dead port 2/2 on $mux $flatten\controller.\engine.$procmux$3983.
    dead port 2/2 on $mux $flatten\controller.\engine.$procmux$3977.
    dead port 2/2 on $mux $flatten\controller.\engine.$procmux$3971.
    dead port 2/2 on $mux $flatten\controller.\engine.$procmux$3965.
    dead port 2/2 on $mux $flatten\controller.\engine.$procmux$3959.
    dead port 2/2 on $mux $flatten\controller.\engine.$procmux$3957.
    dead port 2/2 on $mux $flatten\controller.\engine.$procmux$3950.
    dead port 2/2 on $mux $flatten\controller.\engine.$procmux$3948.
    dead port 2/2 on $mux $flatten\controller.\engine.$procmux$3941.
    dead port 2/2 on $mux $flatten\controller.\engine.$procmux$3939.
    dead port 2/2 on $mux $flatten\controller.\engine.$procmux$3932.
    dead port 2/2 on $mux $flatten\controller.\engine.$procmux$3930.
    dead port 2/2 on $mux $flatten\controller.\engine.$procmux$3923.
    dead port 2/2 on $mux $flatten\controller.\engine.$procmux$3921.
    dead port 2/2 on $mux $flatten\controller.\engine.$procmux$3919.
    dead port 2/2 on $mux $flatten\controller.\engine.$procmux$3911.
    dead port 2/2 on $mux $flatten\controller.\engine.$procmux$3909.
    dead port 2/2 on $mux $flatten\controller.\engine.$procmux$3907.
    dead port 2/2 on $mux $flatten\receiver.$procmux$4630.
    dead port 1/2 on $mux $flatten\receiver.$procmux$4633.
    dead port 1/2 on $mux $flatten\receiver.$procmux$4650.
Removed 148 multiplexer ports.
<suppressed ~991 debug messages>

7.11.4. Executing OPT_REDUCE pass (consolidate $*mux and $reduce_* inputs).
  Optimizing cells in module \arty_top.
    Consolidated identical input bits for $mux cell $flatten\controller.$procmux$5062:
      Old ports: A=48'000000000000000000000000000000000000000000000000, B=48'111111111111111111111111111111111111111111111111, Y=$flatten\controller.$procmux$5062_Y
      New ports: A=1'0, B=1'1, Y=$flatten\controller.$procmux$5062_Y [0]
      New connections: $flatten\controller.$procmux$5062_Y [47:1] = { $flatten\controller.$procmux$5062_Y [0] $flatten\controller.$procmux$5062_Y [0] $flatten\controller.$procmux$5062_Y [0] $flatten\controller.$procmux$5062_Y [0] $flatten\controller.$procmux$5062_Y [0] $flatten\controller.$procmux$5062_Y [0] $flatten\controller.$procmux$5062_Y [0] $flatten\controller.$procmux$5062_Y [0] $flatten\controller.$procmux$5062_Y [0] $flatten\controller.$procmux$5062_Y [0] $flatten\controller.$procmux$5062_Y [0] $flatten\controller.$procmux$5062_Y [0] $flatten\controller.$procmux$5062_Y [0] $flatten\controller.$procmux$5062_Y [0] $flatten\controller.$procmux$5062_Y [0] $flatten\controller.$procmux$5062_Y [0] $flatten\controller.$procmux$5062_Y [0] $flatten\controller.$procmux$5062_Y [0] $flatten\controller.$procmux$5062_Y [0] $flatten\controller.$procmux$5062_Y [0] $flatten\controller.$procmux$5062_Y [0] $flatten\controller.$procmux$5062_Y [0] $flatten\controller.$procmux$5062_Y [0] $flatten\controller.$procmux$5062_Y [0] $flatten\controller.$procmux$5062_Y [0] $flatten\controller.$procmux$5062_Y [0] $flatten\controller.$procmux$5062_Y [0] $flatten\controller.$procmux$5062_Y [0] $flatten\controller.$procmux$5062_Y [0] $flatten\controller.$procmux$5062_Y [0] $flatten\controller.$procmux$5062_Y [0] $flatten\controller.$procmux$5062_Y [0] $flatten\controller.$procmux$5062_Y [0] $flatten\controller.$procmux$5062_Y [0] $flatten\controller.$procmux$5062_Y [0] $flatten\controller.$procmux$5062_Y [0] $flatten\controller.$procmux$5062_Y [0] $flatten\controller.$procmux$5062_Y [0] $flatten\controller.$procmux$5062_Y [0] $flatten\controller.$procmux$5062_Y [0] $flatten\controller.$procmux$5062_Y [0] $flatten\controller.$procmux$5062_Y [0] $flatten\controller.$procmux$5062_Y [0] $flatten\controller.$procmux$5062_Y [0] $flatten\controller.$procmux$5062_Y [0] $flatten\controller.$procmux$5062_Y [0] $flatten\controller.$procmux$5062_Y [0] }
    New ctrl vector for $pmux cell $flatten\receiver.$procmux$4644: { $flatten\receiver.$procmux$4631_CMP $auto$opt_reduce.cc:137:opt_pmux$5541 }
  Optimizing cells in module \arty_top.
    Consolidated identical input bits for $mux cell $flatten\controller.$procmux$5096:
      Old ports: A=$flatten\controller.$2$memwr$\replies$/workspace/arty-frame-studio/firmware/rtl/frame_controller.v:233$12_EN[47:0]$109, B=48'000000000000000000000000000000000000000000000000, Y=$flatten\controller.$0$memwr$\replies$/workspace/arty-frame-studio/firmware/rtl/frame_controller.v:233$12_EN[47:0]$87
      New ports: A=$flatten\controller.$procmux$5062_Y [0], B=1'0, Y=$flatten\controller.$0$memwr$\replies$/workspace/arty-frame-studio/firmware/rtl/frame_controller.v:233$12_EN[47:0]$87 [0]
      New connections: $flatten\controller.$0$memwr$\replies$/workspace/arty-frame-studio/firmware/rtl/frame_controller.v:233$12_EN[47:0]$87 [47:1] = { $flatten\controller.$0$memwr$\replies$/workspace/arty-frame-studio/firmware/rtl/frame_controller.v:233$12_EN[47:0]$87 [0] $flatten\controller.$0$memwr$\replies$/workspace/arty-frame-studio/firmware/rtl/frame_controller.v:233$12_EN[47:0]$87 [0] $flatten\controller.$0$memwr$\replies$/workspace/arty-frame-studio/firmware/rtl/frame_controller.v:233$12_EN[47:0]$87 [0] $flatten\controller.$0$memwr$\replies$/workspace/arty-frame-studio/firmware/rtl/frame_controller.v:233$12_EN[47:0]$87 [0] $flatten\controller.$0$memwr$\replies$/workspace/arty-frame-studio/firmware/rtl/frame_controller.v:233$12_EN[47:0]$87 [0] $flatten\controller.$0$memwr$\replies$/workspace/arty-frame-studio/firmware/rtl/frame_controller.v:233$12_EN[47:0]$87 [0] $flatten\controller.$0$memwr$\replies$/workspace/arty-frame-studio/firmware/rtl/frame_controller.v:233$12_EN[47:0]$87 [0] $flatten\controller.$0$memwr$\replies$/workspace/arty-frame-studio/firmware/rtl/frame_controller.v:233$12_EN[47:0]$87 [0] $flatten\controller.$0$memwr$\replies$/workspace/arty-frame-studio/firmware/rtl/frame_controller.v:233$12_EN[47:0]$87 [0] $flatten\controller.$0$memwr$\replies$/workspace/arty-frame-studio/firmware/rtl/frame_controller.v:233$12_EN[47:0]$87 [0] $flatten\controller.$0$memwr$\replies$/workspace/arty-frame-studio/firmware/rtl/frame_controller.v:233$12_EN[47:0]$87 [0] $flatten\controller.$0$memwr$\replies$/workspace/arty-frame-studio/firmware/rtl/frame_controller.v:233$12_EN[47:0]$87 [0] $flatten\controller.$0$memwr$\replies$/workspace/arty-frame-studio/firmware/rtl/frame_controller.v:233$12_EN[47:0]$87 [0] $flatten\controller.$0$memwr$\replies$/workspace/arty-frame-studio/firmware/rtl/frame_controller.v:233$12_EN[47:0]$87 [0] $flatten\controller.$0$memwr$\replies$/workspace/arty-frame-studio/firmware/rtl/frame_controller.v:233$12_EN[47:0]$87 [0] $flatten\controller.$0$memwr$\replies$/workspace/arty-frame-studio/firmware/rtl/frame_controller.v:233$12_EN[47:0]$87 [0] $flatten\controller.$0$memwr$\replies$/workspace/arty-frame-studio/firmware/rtl/frame_controller.v:233$12_EN[47:0]$87 [0] $flatten\controller.$0$memwr$\replies$/workspace/arty-frame-studio/firmware/rtl/frame_controller.v:233$12_EN[47:0]$87 [0] $flatten\controller.$0$memwr$\replies$/workspace/arty-frame-studio/firmware/rtl/frame_controller.v:233$12_EN[47:0]$87 [0] $flatten\controller.$0$memwr$\replies$/workspace/arty-frame-studio/firmware/rtl/frame_controller.v:233$12_EN[47:0]$87 [0] $flatten\controller.$0$memwr$\replies$/workspace/arty-frame-studio/firmware/rtl/frame_controller.v:233$12_EN[47:0]$87 [0] $flatten\controller.$0$memwr$\replies$/workspace/arty-frame-studio/firmware/rtl/frame_controller.v:233$12_EN[47:0]$87 [0] $flatten\controller.$0$memwr$\replies$/workspace/arty-frame-studio/firmware/rtl/frame_controller.v:233$12_EN[47:0]$87 [0] $flatten\controller.$0$memwr$\replies$/workspace/arty-frame-studio/firmware/rtl/frame_controller.v:233$12_EN[47:0]$87 [0] $flatten\controller.$0$memwr$\replies$/workspace/arty-frame-studio/firmware/rtl/frame_controller.v:233$12_EN[47:0]$87 [0] $flatten\controller.$0$memwr$\replies$/workspace/arty-frame-studio/firmware/rtl/frame_controller.v:233$12_EN[47:0]$87 [0] $flatten\controller.$0$memwr$\replies$/workspace/arty-frame-studio/firmware/rtl/frame_controller.v:233$12_EN[47:0]$87 [0] $flatten\controller.$0$memwr$\replies$/workspace/arty-frame-studio/firmware/rtl/frame_controller.v:233$12_EN[47:0]$87 [0] $flatten\controller.$0$memwr$\replies$/workspace/arty-frame-studio/firmware/rtl/frame_controller.v:233$12_EN[47:0]$87 [0] $flatten\controller.$0$memwr$\replies$/workspace/arty-frame-studio/firmware/rtl/frame_controller.v:233$12_EN[47:0]$87 [0] $flatten\controller.$0$memwr$\replies$/workspace/arty-frame-studio/firmware/rtl/frame_controller.v:233$12_EN[47:0]$87 [0] $flatten\controller.$0$memwr$\replies$/workspace/arty-frame-studio/firmware/rtl/frame_controller.v:233$12_EN[47:0]$87 [0] $flatten\controller.$0$memwr$\replies$/workspace/arty-frame-studio/firmware/rtl/frame_controller.v:233$12_EN[47:0]$87 [0] $flatten\controller.$0$memwr$\replies$/workspace/arty-frame-studio/firmware/rtl/frame_controller.v:233$12_EN[47:0]$87 [0] $flatten\controller.$0$memwr$\replies$/workspace/arty-frame-studio/firmware/rtl/frame_controller.v:233$12_EN[47:0]$87 [0] $flatten\controller.$0$memwr$\replies$/workspace/arty-frame-studio/firmware/rtl/frame_controller.v:233$12_EN[47:0]$87 [0] $flatten\controller.$0$memwr$\replies$/workspace/arty-frame-studio/firmware/rtl/frame_controller.v:233$12_EN[47:0]$87 [0] $flatten\controller.$0$memwr$\replies$/workspace/arty-frame-studio/firmware/rtl/frame_controller.v:233$12_EN[47:0]$87 [0] $flatten\controller.$0$memwr$\replies$/workspace/arty-frame-studio/firmware/rtl/frame_controller.v:233$12_EN[47:0]$87 [0] $flatten\controller.$0$memwr$\replies$/workspace/arty-frame-studio/firmware/rtl/frame_controller.v:233$12_EN[47:0]$87 [0] $flatten\controller.$0$memwr$\replies$/workspace/arty-frame-studio/firmware/rtl/frame_controller.v:233$12_EN[47:0]$87 [0] $flatten\controller.$0$memwr$\replies$/workspace/arty-frame-studio/firmware/rtl/frame_controller.v:233$12_EN[47:0]$87 [0] $flatten\controller.$0$memwr$\replies$/workspace/arty-frame-studio/firmware/rtl/frame_controller.v:233$12_EN[47:0]$87 [0] $flatten\controller.$0$memwr$\replies$/workspace/arty-frame-studio/firmware/rtl/frame_controller.v:233$12_EN[47:0]$87 [0] $flatten\controller.$0$memwr$\replies$/workspace/arty-frame-studio/firmware/rtl/frame_controller.v:233$12_EN[47:0]$87 [0] $flatten\controller.$0$memwr$\replies$/workspace/arty-frame-studio/firmware/rtl/frame_controller.v:233$12_EN[47:0]$87 [0] $flatten\controller.$0$memwr$\replies$/workspace/arty-frame-studio/firmware/rtl/frame_controller.v:233$12_EN[47:0]$87 [0] }
  Optimizing cells in module \arty_top.
Performed a total of 3 changes.

7.11.5. Executing OPT_MERGE pass (detect identical cells).
Finding identical cells in module `\arty_top'.
Computing hashes of 1011 cells of `\arty_top'.
Finding duplicate cells in `\arty_top'.
Computing hashes of 1002 cells of `\arty_top'.
Finding duplicate cells in `\arty_top'.
Computing hashes of 997 cells of `\arty_top'.
Finding duplicate cells in `\arty_top'.
Computing hashes of 993 cells of `\arty_top'.
Finding duplicate cells in `\arty_top'.
Computing hashes of 989 cells of `\arty_top'.
Finding duplicate cells in `\arty_top'.
Computing hashes of 985 cells of `\arty_top'.
Finding duplicate cells in `\arty_top'.
Computing hashes of 981 cells of `\arty_top'.
Finding duplicate cells in `\arty_top'.
Computing hashes of 977 cells of `\arty_top'.
Finding duplicate cells in `\arty_top'.
Computing hashes of 973 cells of `\arty_top'.
Finding duplicate cells in `\arty_top'.
Computing hashes of 969 cells of `\arty_top'.
Finding duplicate cells in `\arty_top'.
Computing hashes of 965 cells of `\arty_top'.
Finding duplicate cells in `\arty_top'.
Computing hashes of 961 cells of `\arty_top'.
Finding duplicate cells in `\arty_top'.
Computing hashes of 957 cells of `\arty_top'.
Finding duplicate cells in `\arty_top'.
Computing hashes of 953 cells of `\arty_top'.
Finding duplicate cells in `\arty_top'.
Computing hashes of 949 cells of `\arty_top'.
Finding duplicate cells in `\arty_top'.
Computing hashes of 945 cells of `\arty_top'.
Finding duplicate cells in `\arty_top'.
<suppressed ~198 debug messages>
Removed a total of 66 cells.

7.11.6. Executing OPT_DFF pass (perform DFF optimizations).

7.11.7. Executing OPT_CLEAN pass (remove unused cells and wires).
Finding unused cells or wires in module \arty_top..
Removed 0 unused cells and 395 unused wires.
<suppressed ~1 debug messages>

7.11.8. Executing OPT_EXPR pass (perform const folding).
Optimizing module arty_top.

7.11.9. Rerunning OPT passes. (Maybe there is more to do..)

7.11.10. Executing OPT_MUXTREE pass (detect dead branches in mux trees).
Running muxtree optimizer on module \arty_top..
  Creating internal representation of mux trees.
  Evaluating internal representation of mux trees.
  Analyzing evaluation results.
Removed 0 multiplexer ports.
<suppressed ~735 debug messages>

7.11.11. Executing OPT_REDUCE pass (consolidate $*mux and $reduce_* inputs).
  Optimizing cells in module \arty_top.
    New ctrl vector for $pmux cell $flatten\controller.\engine.$procmux$4512: { $auto$opt_reduce.cc:137:opt_pmux$5543 \controller.engine.phase [3] \controller.engine.phase [4] }
    New ctrl vector for $pmux cell $flatten\controller.\parser.$procmux$3384: { $flatten\controller.\parser.$procmux$3389_CMP $auto$opt_reduce.cc:137:opt_pmux$5545 }
  Optimizing cells in module \arty_top.
Performed a total of 2 changes.

7.11.12. Executing OPT_MERGE pass (detect identical cells).
Finding identical cells in module `\arty_top'.
Computing hashes of 947 cells of `\arty_top'.
Finding duplicate cells in `\arty_top'.
Removed a total of 0 cells.

7.11.13. Executing OPT_DFF pass (perform DFF optimizations).

7.11.14. Executing OPT_CLEAN pass (remove unused cells and wires).
Finding unused cells or wires in module \arty_top..

7.11.15. Executing OPT_EXPR pass (perform const folding).
Optimizing module arty_top.

7.11.16. Rerunning OPT passes. (Maybe there is more to do..)

7.11.17. Executing OPT_MUXTREE pass (detect dead branches in mux trees).
Running muxtree optimizer on module \arty_top..
  Creating internal representation of mux trees.
  Evaluating internal representation of mux trees.
  Analyzing evaluation results.
Removed 0 multiplexer ports.
<suppressed ~726 debug messages>

7.11.18. Executing OPT_REDUCE pass (consolidate $*mux and $reduce_* inputs).
  Optimizing cells in module \arty_top.
Performed a total of 0 changes.

7.11.19. Executing OPT_MERGE pass (detect identical cells).
Finding identical cells in module `\arty_top'.
Computing hashes of 947 cells of `\arty_top'.
Finding duplicate cells in `\arty_top'.
Removed a total of 0 cells.

7.11.20. Executing OPT_DFF pass (perform DFF optimizations).

7.11.21. Executing OPT_CLEAN pass (remove unused cells and wires).
Finding unused cells or wires in module \arty_top..

7.11.22. Executing OPT_EXPR pass (perform const folding).
Optimizing module arty_top.

7.11.23. Finished fast OPT passes. (There is nothing left to do.)

7.12. Executing FSM pass (extract and optimize FSM).

7.12.1. Executing FSM_DETECT pass (finding FSMs in design).
Not marking arty_top.controller.parser.request_status as FSM state register:
    Users of register don't seem to benefit from recoding.
Not marking arty_top.controller.parser.state as FSM state register:
    Users of register don't seem to benefit from recoding.
Found FSM state register arty_top.receiver.state.

7.12.2. Executing FSM_EXTRACT pass (extracting FSM from design).
Extracting FSM `\receiver.state' from module `\arty_top'.
  found $dff cell for state register: $flatten\receiver.$procdff$5376
  root of input selection tree: $flatten\receiver.$0\state[1:0]
  found reset state: 2'00 (guessed from mux tree)
  found ctrl input: \reset_pipe [3]
  found ctrl input: $flatten\receiver.$procmux$4645_CMP
  found ctrl input: $flatten\receiver.$procmux$4631_CMP
  found ctrl input: $flatten\receiver.$procmux$4647_CMP
  found ctrl input: $flatten\receiver.$procmux$4648_CMP
  found ctrl input: $flatten\receiver.$ne$/workspace/arty-frame-studio/firmware/rtl/uart_rx.v:35$1896_Y
  found state code: 2'00
  found ctrl input: $flatten\receiver.$eq$/workspace/arty-frame-studio/firmware/rtl/uart_rx.v:45$1910_Y
  found state code: 2'11
  found ctrl input: \receiver.rx_sync
  found state code: 2'10
  found state code: 2'01
  found ctrl output: $flatten\receiver.$procmux$4648_CMP
  found ctrl output: $flatten\receiver.$procmux$4647_CMP
  found ctrl output: $flatten\receiver.$procmux$4645_CMP
  found ctrl output: $flatten\receiver.$procmux$4631_CMP
  ctrl inputs: { \receiver.rx_sync $flatten\receiver.$ne$/workspace/arty-frame-studio/firmware/rtl/uart_rx.v:35$1896_Y $flatten\receiver.$eq$/workspace/arty-frame-studio/firmware/rtl/uart_rx.v:45$1910_Y \reset_pipe [3] }
  ctrl outputs: { $flatten\receiver.$0\state[1:0] $flatten\receiver.$procmux$4631_CMP $flatten\receiver.$procmux$4645_CMP $flatten\receiver.$procmux$4647_CMP $flatten\receiver.$procmux$4648_CMP }
  transition:       2'00 4'0--0 ->       2'01 6'010001
  transition:       2'00 4'1--0 ->       2'00 6'000001
  transition:       2'00 4'---1 ->       2'00 6'000001
  transition:       2'10 4'-000 ->       2'10 6'101000
  transition:       2'10 4'-010 ->       2'11 6'111000
  transition:       2'10 4'-1-0 ->       2'10 6'101000
  transition:       2'10 4'---1 ->       2'00 6'001000
  transition:       2'01 4'00-0 ->       2'10 6'100010
  transition:       2'01 4'10-0 ->       2'00 6'000010
  transition:       2'01 4'-1-0 ->       2'01 6'010010
  transition:       2'01 4'---1 ->       2'00 6'000010
  transition:       2'11 4'-0-0 ->       2'00 6'000100
  transition:       2'11 4'-1-0 ->       2'11 6'110100
  transition:       2'11 4'---1 ->       2'00 6'000100

7.12.3. Executing FSM_OPT pass (simple optimizations of FSMs).
Optimizing FSM `$fsm$\receiver.state$5546' from module `\arty_top'.

7.12.4. Executing OPT_CLEAN pass (remove unused cells and wires).
Finding unused cells or wires in module \arty_top..
Removed 13 unused cells and 13 unused wires.
<suppressed ~14 debug messages>

7.12.5. Executing FSM_OPT pass (simple optimizations of FSMs).
Optimizing FSM `$fsm$\receiver.state$5546' from module `\arty_top'.
  Removing unused output signal $flatten\receiver.$0\state[1:0] [0].
  Removing unused output signal $flatten\receiver.$0\state[1:0] [1].

7.12.6. Executing FSM_RECODE pass (re-assigning FSM state encoding).
Recoding FSM `$fsm$\receiver.state$5546' from module `\arty_top' using `auto' encoding:
  mapping auto encoding to `one-hot` for this FSM.
  00 -> ---1
  10 -> --1-
  01 -> -1--
  11 -> 1---

7.12.7. Executing FSM_INFO pass (dumping all available information on FSM cells).

FSM `$fsm$\receiver.state$5546' from module `arty_top':
-------------------------------------

  Information on FSM $fsm$\receiver.state$5546 (\receiver.state):

  Number of input signals:    4
  Number of output signals:   4
  Number of state bits:       4

  Input signals:
    0: \reset_pipe [3]
    1: $flatten\receiver.$eq$/workspace/arty-frame-studio/firmware/rtl/uart_rx.v:45$1910_Y
    2: $flatten\receiver.$ne$/workspace/arty-frame-studio/firmware/rtl/uart_rx.v:35$1896_Y
    3: \receiver.rx_sync

  Output signals:
    0: $flatten\receiver.$procmux$4648_CMP
    1: $flatten\receiver.$procmux$4647_CMP
    2: $flatten\receiver.$procmux$4645_CMP
    3: $flatten\receiver.$procmux$4631_CMP

  State encoding:
    0:     4'---1  <RESET STATE>
    1:     4'--1-
    2:     4'-1--
    3:     4'1---

  Transition Table (state_in, ctrl_in, state_out, ctrl_out):
      0:     0 4'1--0   ->     0 4'0001
      1:     0 4'---1   ->     0 4'0001
      2:     0 4'0--0   ->     2 4'0001
      3:     1 4'---1   ->     0 4'1000
      4:     1 4'-000   ->     1 4'1000
      5:     1 4'-1-0   ->     1 4'1000
      6:     1 4'-010   ->     3 4'1000
      7:     2 4'10-0   ->     0 4'0010
      8:     2 4'---1   ->     0 4'0010
      9:     2 4'00-0   ->     1 4'0010
     10:     2 4'-1-0   ->     2 4'0010
     11:     3 4'-0-0   ->     0 4'0100
     12:     3 4'---1   ->     0 4'0100
     13:     3 4'-1-0   ->     3 4'0100

-------------------------------------

7.12.8. Executing FSM_MAP pass (mapping FSMs to basic logic).
Mapping FSM `$fsm$\receiver.state$5546' from module `\arty_top'.

7.13. Executing OPT pass (performing simple optimizations).

7.13.1. Executing OPT_EXPR pass (perform const folding).
Optimizing module arty_top.
<suppressed ~5 debug messages>

7.13.2. Executing OPT_MERGE pass (detect identical cells).
Finding identical cells in module `\arty_top'.
Computing hashes of 959 cells of `\arty_top'.
Finding duplicate cells in `\arty_top'.
Computing hashes of 957 cells of `\arty_top'.
Finding duplicate cells in `\arty_top'.
<suppressed ~6 debug messages>
Removed a total of 2 cells.

7.13.3. Executing OPT_MUXTREE pass (detect dead branches in mux trees).
Running muxtree optimizer on module \arty_top..
  Creating internal representation of mux trees.
  Evaluating internal representation of mux trees.
  Analyzing evaluation results.
Removed 0 multiplexer ports.
<suppressed ~717 debug messages>

7.13.4. Executing OPT_REDUCE pass (consolidate $*mux and $reduce_* inputs).
  Optimizing cells in module \arty_top.
Performed a total of 0 changes.

7.13.5. Executing OPT_MERGE pass (detect identical cells).
Finding identical cells in module `\arty_top'.
Computing hashes of 957 cells of `\arty_top'.
Finding duplicate cells in `\arty_top'.
Removed a total of 0 cells.

7.13.6. Executing OPT_DFF pass (perform DFF optimizations).
Adding SRST signal on $flatten\receiver.$procdff$5381 ($dff) from module arty_top (D = $flatten\receiver.$2$lookahead\shift$1887[7:0]$1894, Q = \receiver.shift, rval = 8'00000000).
Adding EN signal on $auto$ff.cc:337:slice$5602 ($sdff) from module arty_top (D = $flatten\receiver.$2$lookahead\shift$1887[7:0]$1894, Q = \receiver.shift).
Adding SRST signal on $flatten\receiver.$procdff$5380 ($dff) from module arty_top (D = $flatten\receiver.$procmux$4683_Y, Q = \receiver.index, rval = 3'000).
Adding EN signal on $auto$ff.cc:337:slice$5610 ($sdff) from module arty_top (D = $flatten\receiver.$procmux$4683_Y, Q = \receiver.index).
Adding SRST signal on $flatten\receiver.$procdff$5379 ($dff) from module arty_top (D = $flatten\receiver.$procmux$4698_Y, Q = \receiver.count, rval = 11'00000000000).
Adding EN signal on $auto$ff.cc:337:slice$5624 ($sdff) from module arty_top (D = $flatten\receiver.$procmux$4698_Y, Q = \receiver.count).
Adding SRST signal on $flatten\receiver.$procdff$5375 ($dff) from module arty_top (D = $flatten\receiver.$procmux$4660_Y, Q = \receiver.valid, rval = 1'0).
Adding SRST signal on $flatten\receiver.$procdff$5374 ($dff) from module arty_top (D = $flatten\receiver.$procmux$4747_Y, Q = \receiver.data, rval = 8'00000000).
Adding EN signal on $auto$ff.cc:337:slice$5641 ($sdff) from module arty_top (D = \receiver.shift, Q = \receiver.data).
Adding SRST signal on $flatten\transmitter.$procdff$5384 ($dff) from module arty_top (D = $flatten\transmitter.$procmux$4758_Y, Q = \transmitter.shift, rval = 10'1111111111).
Adding EN signal on $auto$ff.cc:337:slice$5647 ($sdff) from module arty_top (D = $flatten\transmitter.$procmux$4758_Y, Q = \transmitter.shift).
Adding SRST signal on $flatten\transmitter.$procdff$5383 ($dff) from module arty_top (D = $flatten\transmitter.$procmux$4769_Y, Q = \transmitter.count, rval = 11'00000000000).
Adding EN signal on $auto$ff.cc:337:slice$5655 ($sdff) from module arty_top (D = $flatten\transmitter.$procmux$4769_Y, Q = \transmitter.count).
Adding SRST signal on $flatten\transmitter.$procdff$5382 ($dff) from module arty_top (D = $flatten\transmitter.$procmux$4780_Y, Q = \transmitter.bits_left, rval = 4'0000).
Adding EN signal on $auto$ff.cc:337:slice$5659 ($sdff) from module arty_top (D = $flatten\transmitter.$procmux$4780_Y, Q = \transmitter.bits_left).
Adding SRST signal on $flatten\controller.\engine.$procdff$5373 ($dff) from module arty_top (D = $flatten\controller.\engine.$procmux$3652_Y, Q = \controller.engine.gap_three, rval = 1'0).
Adding EN signal on $auto$ff.cc:337:slice$5667 ($sdff) from module arty_top (D = $flatten\controller.\engine.$eq$/workspace/arty-frame-studio/firmware/rtl/frame_engine.v:254$2045_Y, Q = \controller.engine.gap_three).
Adding SRST signal on $flatten\controller.\engine.$procdff$5372 ($dff) from module arty_top (D = $flatten\controller.\engine.$procmux$3661_Y, Q = \controller.engine.gap_two, rval = 1'0).
Adding EN signal on $auto$ff.cc:337:slice$5673 ($sdff) from module arty_top (D = $flatten\controller.\engine.$eq$/workspace/arty-frame-studio/firmware/rtl/frame_engine.v:253$2044_Y, Q = \controller.engine.gap_two).
Adding SRST signal on $flatten\controller.\engine.$procdff$5371 ($dff) from module arty_top (D = $flatten\controller.\engine.$procmux$3670_Y, Q = \controller.engine.gap_one, rval = 1'0).
Adding EN signal on $auto$ff.cc:337:slice$5679 ($sdff) from module arty_top (D = $flatten\controller.\engine.$eq$/workspace/arty-frame-studio/firmware/rtl/frame_engine.v:252$2043_Y, Q = \controller.engine.gap_one).
Adding SRST signal on $flatten\controller.\engine.$procdff$5370 ($dff) from module arty_top (D = $flatten\controller.\engine.$procmux$3679_Y, Q = \controller.engine.gap_zero, rval = 1'1).
Adding EN signal on $auto$ff.cc:337:slice$5685 ($sdff) from module arty_top (D = $flatten\controller.\engine.$eq$/workspace/arty-frame-studio/firmware/rtl/frame_engine.v:251$2042_Y, Q = \controller.engine.gap_zero).
Adding SRST signal on $flatten\controller.\engine.$procdff$5360 ($dff) from module arty_top (D = \controller.engine.next_clock, Q = \controller.engine.clock_level, rval = 1'0).
Adding EN signal on $auto$ff.cc:337:slice$5691 ($sdff) from module arty_top (D = $flatten\controller.\engine.$8\next_clock[0:0], Q = \controller.engine.clock_level).
Adding SRST signal on $flatten\controller.\engine.$procdff$5369 ($dff) from module arty_top (D = $flatten\controller.\engine.$procmux$3688_Y, Q = \controller.engine.latch_three, rval = 1'0).
Adding EN signal on $auto$ff.cc:337:slice$5699 ($sdff) from module arty_top (D = $flatten\controller.\engine.$eq$/workspace/arty-frame-studio/firmware/rtl/frame_engine.v:250$2041_Y, Q = \controller.engine.latch_three).
Adding SRST signal on $flatten\controller.$procdff$5416 ($dff) from module arty_top (D = $flatten\controller.$ternary$/workspace/arty-frame-studio/firmware/rtl/frame_controller.v:112$49_Y, Q = \controller.validated_aligned_word, rval = 26'00000000000000000000000000).
Adding SRST signal on $flatten\controller.$procdff$5415 ($dff) from module arty_top (D = \controller.captured_payload, Q = \controller.validated_payload, rval = 112'0000000000000000000000000000000000000000000000000000000000000000000000000000000000000000000000000000000000000000).
Adding SRST signal on $flatten\controller.\engine.$procdff$5359 ($dff) from module arty_top (D = $flatten\controller.\engine.$procmux$3589_Y, Q = \controller.engine.data_level, rval = 1'0).
Adding EN signal on $auto$ff.cc:337:slice$5707 ($sdff) from module arty_top (D = $flatten\controller.\engine.$procmux$3589_Y, Q = \controller.engine.data_level).
Adding SRST signal on $flatten\controller.$procdff$5414 ($dff) from module arty_top (D = \controller.next_static_status, Q = \controller.validated_status, rval = 8'00000000).
Adding SRST signal on $flatten\controller.$procdff$5413 ($dff) from module arty_top (D = \controller.captured_seq, Q = \controller.validated_seq, rval = 8'00000000).
Adding SRST signal on $flatten\controller.$procdff$5412 ($dff) from module arty_top (D = \controller.captured_op, Q = \controller.validated_op, rval = 8'00000000).
Adding SRST signal on $flatten\controller.$procdff$5411 ($dff) from module arty_top (D = $flatten\controller.$logic_and$/workspace/arty-frame-studio/firmware/rtl/frame_controller.v:104$47_Y, Q = \controller.stop_eligible, rval = 1'0).
Adding SRST signal on $flatten\controller.$procdff$5410 ($dff) from module arty_top (D = $flatten\controller.$logic_and$/workspace/arty-frame-studio/firmware/rtl/frame_controller.v:101$42_Y, Q = \controller.send_eligible, rval = 1'0).
Adding SRST signal on $flatten\controller.$procdff$5409 ($dff) from module arty_top (D = \controller.captured_valid, Q = \controller.validated_valid, rval = 1'0).
Adding SRST signal on $flatten\controller.$procdff$5408 ($dff) from module arty_top (D = \controller.word_overflow, Q = \controller.captured_word_overflow, rval = 0).
Adding SRST signal on $flatten\controller.\engine.$procdff$5358 ($dff) from module arty_top (D = $flatten\controller.\engine.$procmux$3742_Y, Q = \controller.engine.initial_data, rval = 1'0).
Adding EN signal on $auto$ff.cc:337:slice$5728 ($sdff) from module arty_top (D = \controller.engine.input_data, Q = \controller.engine.initial_data).
Adding SRST signal on $flatten\controller.$procdff$5407 ($dff) from module arty_top (D = $flatten\controller.$sub$/workspace/arty-frame-studio/firmware/rtl/frame_controller.v:95$34_Y, Q = \controller.captured_shift_amount, rval = 5'00000).
Adding SRST signal on $flatten\controller.$procdff$5406 ($dff) from module arty_top (D = \controller.parser.request_payload [111:0], Q = \controller.captured_payload, rval = 112'0000000000000000000000000000000000000000000000000000000000000000000000000000000000000000000000000000000000000000).
Adding SRST signal on $flatten\controller.\engine.$procdff$5352 ($dff) from module arty_top (D = $flatten\controller.\engine.$procmux$3808_Y, Q = \controller.engine.remaining, rval = 16'0000000000000000).
Adding EN signal on $auto$ff.cc:337:slice$5736 ($sdff) from module arty_top (D = $flatten\controller.\engine.$procmux$3808_Y, Q = \controller.engine.remaining).
Adding SRST signal on $flatten\controller.$procdff$5405 ($dff) from module arty_top (D = \controller.parser.request_status, Q = \controller.captured_parser_status, rval = 8'00000000).
Adding SRST signal on $flatten\controller.$procdff$5404 ($dff) from module arty_top (D = \controller.parser.request_seq, Q = \controller.captured_seq, rval = 8'00000000).
Adding SRST signal on $flatten\controller.$procdff$5403 ($dff) from module arty_top (D = \controller.parser.request_op, Q = \controller.captured_op, rval = 8'00000000).
Adding SRST signal on $flatten\controller.$procdff$5402 ($dff) from module arty_top (D = $flatten\controller.$logic_and$/workspace/arty-frame-studio/firmware/rtl/frame_controller.v:87$33_Y, Q = \controller.captured_send_shape, rval = 1'0).
Adding SRST signal on $flatten\controller.$procdff$5401 ($dff) from module arty_top (D = $flatten\controller.$eq$/workspace/arty-frame-studio/firmware/rtl/frame_controller.v:86$20_Y, Q = \controller.captured_empty, rval = 1'0).
Adding SRST signal on $flatten\controller.\engine.$procdff$5357 ($dff) from module arty_top (D = $flatten\controller.\engine.$procmux$3751_Y, Q = \controller.engine.flags, rval = 2'00).
Adding EN signal on $auto$ff.cc:337:slice$5747 ($sdff) from module arty_top (D = \controller.validated_payload [105:104], Q = \controller.engine.flags).
Adding SRST signal on $flatten\controller.\engine.$procdff$5351 ($dff) from module arty_top (D = $flatten\controller.\engine.$procmux$3820_Y, Q = \controller.engine.gap_ticks, rval = 16'0000000000000000).
Adding EN signal on $auto$ff.cc:337:slice$5753 ($sdff) from module arty_top (D = \controller.validated_payload [87:72], Q = \controller.engine.gap_ticks).
Adding SRST signal on $flatten\controller.$procdff$5400 ($dff) from module arty_top (D = \controller.parser.request_valid, Q = \controller.captured_valid, rval = 1'0).
Adding SRST signal on $flatten\controller.\engine.$procdff$5368 ($dff) from module arty_top (D = $flatten\controller.\engine.$procmux$3697_Y, Q = \controller.engine.latch_two, rval = 1'0).
Adding EN signal on $auto$ff.cc:337:slice$5760 ($sdff) from module arty_top (D = $flatten\controller.\engine.$eq$/workspace/arty-frame-studio/firmware/rtl/frame_engine.v:249$2040_Y, Q = \controller.engine.latch_two).
Adding SRST signal on $flatten\controller.\engine.$procdff$5367 ($dff) from module arty_top (D = $flatten\controller.\engine.$procmux$3706_Y, Q = \controller.engine.latch_one, rval = 1'1).
Adding EN signal on $auto$ff.cc:337:slice$5766 ($sdff) from module arty_top (D = $flatten\controller.\engine.$eq$/workspace/arty-frame-studio/firmware/rtl/frame_engine.v:248$2039_Y, Q = \controller.engine.latch_one).
Adding SRST signal on $flatten\controller.\engine.$procdff$5353 ($dff) from module arty_top (D = $flatten\controller.\engine.$procmux$3799_Y, Q = \controller.engine.ticks, rval = 16'0000000000000000).
Adding EN signal on $auto$ff.cc:337:slice$5772 ($sdff) from module arty_top (D = $flatten\controller.\engine.$procmux$3796_Y, Q = \controller.engine.ticks).
Adding SRST signal on $flatten\controller.$procdff$5396 ($dff) from module arty_top (D = $flatten\controller.$procmux$4798_Y, Q = \controller.tx_packet [79:0], rval = 80'00000000000000000000000000000000000000000000000000000000000000000000000000000000).
Adding SRST signal on $flatten\controller.$procdff$5396 ($dff) from module arty_top (D = $flatten\controller.$procmux$4789_Y, Q = \controller.tx_packet [95:80], rval = 16'0000000000000000).
Adding EN signal on $auto$ff.cc:337:slice$5781 ($sdff) from module arty_top (D = $flatten\controller.$ternary$/workspace/arty-frame-studio/firmware/rtl/frame_controller.v:180$171_Y, Q = \controller.tx_packet [95:80]).
Adding EN signal on $auto$ff.cc:337:slice$5780 ($sdff) from module arty_top (D = { $flatten\controller.$memrd$\replies$/workspace/arty-frame-studio/firmware/rtl/frame_controller.v:238$124_DATA [47:16] 8'00000100 $flatten\controller.$memrd$\replies$/workspace/arty-frame-studio/firmware/rtl/frame_controller.v:238$124_DATA [15:0] 24'000000010111101010100111 }, Q = \controller.tx_packet [79:0]).
Adding SRST signal on $flatten\controller.\engine.$procdff$5356 ($dff) from module arty_top (D = $flatten\controller.\engine.$procmux$3760_Y, Q = \controller.engine.gap_minus_one, rval = 16'0000000000000000).
Adding EN signal on $auto$ff.cc:337:slice$5788 ($sdff) from module arty_top (D = $flatten\controller.\engine.$sub$/workspace/arty-frame-studio/firmware/rtl/frame_engine.v:240$2033_Y, Q = \controller.engine.gap_minus_one).
Adding SRST signal on $flatten\controller.$procdff$5395 ($dff) from module arty_top (D = $flatten\controller.$procmux$5156_Y, Q = \controller.response_crc, rval = 16'1111111111111111).
Adding EN signal on $auto$ff.cc:337:slice$5794 ($sdff) from module arty_top (D = $flatten\controller.$ternary$/workspace/arty-frame-studio/firmware/rtl/frame_controller.v:180$171_Y, Q = \controller.response_crc).
Adding SRST signal on $flatten\controller.\engine.$procdff$5350 ($dff) from module arty_top (D = $flatten\controller.\engine.$procmux$3829_Y, Q = \controller.engine.latch_ticks, rval = 16'0000000000000001).
Adding EN signal on $auto$ff.cc:337:slice$5798 ($sdff) from module arty_top (D = \controller.validated_payload [71:56], Q = \controller.engine.latch_ticks).
Adding SRST signal on $flatten\controller.$procdff$5394 ($dff) from module arty_top (D = $flatten\controller.$procmux$5168_Y, Q = \controller.crc_index, rval = 4'0010).
Adding EN signal on $auto$ff.cc:337:slice$5804 ($sdff) from module arty_top (D = $flatten\controller.$add$/workspace/arty-frame-studio/firmware/rtl/frame_controller.v:252$214_Y, Q = \controller.crc_index).
Adding SRST signal on $flatten\controller.$procdff$5393 ($dff) from module arty_top (D = $flatten\controller.$procmux$5182_Y, Q = \controller.tx_index, rval = 4'0000).
Adding EN signal on $auto$ff.cc:337:slice$5812 ($sdff) from module arty_top (D = $flatten\controller.$add$/workspace/arty-frame-studio/firmware/rtl/frame_controller.v:255$217_Y, Q = \controller.tx_index).
Adding SRST signal on $flatten\controller.$procdff$5392 ($dff) from module arty_top (D = $flatten\controller.$procmux$5197_Y, Q = \controller.preparing, rval = 1'0).
Adding SRST signal on $flatten\controller.$procdff$5391 ($dff) from module arty_top (D = $flatten\controller.$procmux$5214_Y, Q = \controller.sending, rval = 1'0).
Adding EN signal on $auto$ff.cc:337:slice$5823 ($sdff) from module arty_top (D = $flatten\controller.$procmux$5211_Y, Q = \controller.sending).
Adding SRST signal on $flatten\controller.\engine.$procdff$5366 ($dff) from module arty_top (D = $flatten\controller.\engine.$procmux$3715_Y, Q = \controller.engine.divider_three, rval = 1'0).
Adding EN signal on $auto$ff.cc:337:slice$5835 ($sdff) from module arty_top (D = $flatten\controller.\engine.$eq$/workspace/arty-frame-studio/firmware/rtl/frame_engine.v:247$2038_Y, Q = \controller.engine.divider_three).
Adding SRST signal on $flatten\controller.$procdff$5390 ($dff) from module arty_top (D = { \controller.reply_busy [0] \controller.status [1:0] \controller.validated_seq \controller.validated_op [6:0] }, Q = { \controller.pending_reply [24] \controller.pending_reply [17:8] \controller.pending_reply [6:0] }, rval = 18'000000000000000000).
Adding SRST signal on $flatten\controller.$procdff$5390 ($dff) from module arty_top (D = { \controller.engine.completed $flatten\controller.$2\reply_busy[7:0] [7:1] }, Q = \controller.pending_reply [47:25], rval = 23'00000000000000000000000).
Adding SRST signal on $flatten\controller.$procdff$5390 ($dff) from module arty_top (D = \controller.validated_status [7:2], Q = \controller.pending_reply [23:18], rval = 6'000000).
Adding SRST signal on $flatten\controller.\engine.$procdff$5354 ($dff) from module arty_top (D = $flatten\controller.\engine.$procmux$3778_Y, Q = \controller.engine.divider_minus_one, rval = 16'0000000000000000).
Adding EN signal on $auto$ff.cc:337:slice$5849 ($sdff) from module arty_top (D = $flatten\controller.\engine.$sub$/workspace/arty-frame-studio/firmware/rtl/frame_engine.v:236$2031_Y, Q = \controller.engine.divider_minus_one).
Adding SRST signal on $flatten\controller.$procdff$5389 ($dff) from module arty_top (D = \controller.write_pointer, Q = \controller.pending_address, rval = 2'00).
Adding SRST signal on $flatten\controller.$procdff$5388 ($dff) from module arty_top (D = \controller.accept_request, Q = \controller.write_pending, rval = 1'0).
Adding SRST signal on $flatten\controller.\engine.$procdff$5345 ($dff) from module arty_top (D = $flatten\controller.\engine.$procmux$3884_Y, Q = \controller.engine.word_config, rval = 26'00000000000000000000000000).
Adding EN signal on $auto$ff.cc:337:slice$5857 ($sdff) from module arty_top (D = \controller.validated_aligned_word, Q = \controller.engine.word_config).
Adding SRST signal on $flatten\controller.$procdff$5387 ($dff) from module arty_top (D = $flatten\controller.$procmux$5089_Y, Q = \controller.reply_count, rval = 3'000).
Adding EN signal on $auto$ff.cc:337:slice$5863 ($sdff) from module arty_top (D = $flatten\controller.$procmux$5089_Y, Q = \controller.reply_count).
Adding SRST signal on $flatten\controller.\engine.$procdff$5349 ($dff) from module arty_top (D = $flatten\controller.\engine.$procmux$3838_Y, Q = \controller.engine.divider, rval = 16'0000000000000001).
Adding EN signal on $auto$ff.cc:337:slice$5867 ($sdff) from module arty_top (D = \controller.validated_payload [55:40], Q = \controller.engine.divider).
Adding SRST signal on $flatten\controller.$procdff$5386 ($dff) from module arty_top (D = $flatten\controller.$procmux$5219_Y, Q = \controller.write_pointer, rval = 2'00).
Adding EN signal on $auto$ff.cc:337:slice$5873 ($sdff) from module arty_top (D = $flatten\controller.$add$/workspace/arty-frame-studio/firmware/rtl/frame_controller.v:235$110_Y, Q = \controller.write_pointer).
Adding SRST signal on $flatten\controller.$procdff$5385 ($dff) from module arty_top (D = $flatten\controller.$procmux$5225_Y, Q = \controller.read_pointer, rval = 2'00).
Adding EN signal on $auto$ff.cc:337:slice$5875 ($sdff) from module arty_top (D = $flatten\controller.$add$/workspace/arty-frame-studio/firmware/rtl/frame_controller.v:239$125_Y, Q = \controller.read_pointer).
Adding SRST signal on $flatten\controller.\engine.$procdff$5365 ($dff) from module arty_top (D = $flatten\controller.\engine.$procmux$3724_Y, Q = \controller.engine.divider_two, rval = 1'0).
Adding EN signal on $auto$ff.cc:337:slice$5877 ($sdff) from module arty_top (D = $flatten\controller.\engine.$eq$/workspace/arty-frame-studio/firmware/rtl/frame_engine.v:244$2035_Y, Q = \controller.engine.divider_two).
Adding SRST signal on $flatten\controller.\engine.$procdff$5348 ($dff) from module arty_top (D = $flatten\controller.\engine.$procmux$3852_Y, Q = \controller.engine.bits_left, rval = 5'00001).
Adding EN signal on $auto$ff.cc:337:slice$5883 ($sdff) from module arty_top (D = $flatten\controller.\engine.$procmux$3849_Y, Q = \controller.engine.bits_left).
Adding SRST signal on $flatten\controller.\engine.$procdff$5344 ($dff) from module arty_top (D = $flatten\controller.\engine.$procmux$3640_Y [1:0], Q = \controller.engine.phase [1:0], rval = 2'01).
Adding SRST signal on $flatten\controller.\engine.$procdff$5344 ($dff) from module arty_top (D = \controller.engine.next_phase [5:2], Q = \controller.engine.phase [5:2], rval = 4'0000).
Adding SRST signal on $flatten\controller.\engine.$procdff$5355 ($dff) from module arty_top (D = $flatten\controller.\engine.$procmux$3769_Y, Q = \controller.engine.latch_minus_one, rval = 16'0000000000000000).
Adding EN signal on $auto$ff.cc:337:slice$5897 ($sdff) from module arty_top (D = $flatten\controller.\engine.$sub$/workspace/arty-frame-studio/firmware/rtl/frame_engine.v:238$2032_Y, Q = \controller.engine.latch_minus_one).
Adding SRST signal on $flatten\controller.\engine.$procdff$5364 ($dff) from module arty_top (D = $flatten\controller.\engine.$procmux$3733_Y, Q = \controller.engine.divider_one, rval = 1'1).
Adding EN signal on $auto$ff.cc:337:slice$5903 ($sdff) from module arty_top (D = $flatten\controller.\engine.$eq$/workspace/arty-frame-studio/firmware/rtl/frame_engine.v:243$2034_Y, Q = \controller.engine.divider_one).
Adding SRST signal on $flatten\controller.\engine.$procdff$5363 ($dff) from module arty_top (D = $flatten\controller.\engine.$procmux$3610_Y, Q = \controller.engine.ticks_two, rval = 1'0).
Adding SRST signal on $flatten\controller.\engine.$procdff$5362 ($dff) from module arty_top (D = $flatten\controller.\engine.$procmux$3631_Y, Q = \controller.engine.ticks_one, rval = 1'0).
Adding SRST signal on $flatten\controller.\engine.$procdff$5361 ($dff) from module arty_top (D = $flatten\controller.\engine.$procmux$3574_Y, Q = \controller.engine.latch_level, rval = 1'0).
Adding EN signal on $auto$ff.cc:337:slice$5915 ($sdff) from module arty_top (D = $flatten\controller.\engine.$procmux$3574_Y, Q = \controller.engine.latch_level).
Adding SRST signal on $flatten\controller.\engine.$procdff$5347 ($dff) from module arty_top (D = $flatten\controller.\engine.$procmux$3861_Y, Q = \controller.engine.bit_count, rval = 5'00001).
Adding EN signal on $auto$ff.cc:337:slice$5929 ($sdff) from module arty_top (D = \controller.validated_payload [36:32], Q = \controller.engine.bit_count).
Adding SRST signal on $flatten\controller.\engine.$procdff$5346 ($dff) from module arty_top (D = $flatten\controller.\engine.$procmux$3875_Y, Q = \controller.engine.shift_word, rval = 26'00000000000000000000000000).
Adding EN signal on $auto$ff.cc:337:slice$5935 ($sdff) from module arty_top (D = $flatten\controller.\engine.$procmux$3872_Y, Q = \controller.engine.shift_word).
Adding SRST signal on $flatten\controller.\engine.$procdff$5343 ($dff) from module arty_top (D = $flatten\controller.\engine.$procmux$3896_Y, Q = \controller.engine.completed, rval = 16'0000000000000000).
Adding EN signal on $auto$ff.cc:337:slice$5943 ($sdff) from module arty_top (D = $flatten\controller.\engine.$procmux$3893_Y, Q = \controller.engine.completed).
Adding SRST signal on $flatten\controller.\parser.$procdff$5341 ($dff) from module arty_top (D = $flatten\controller.\parser.$procmux$3372_Y, Q = \controller.parser.timeout_count, rval = 26'00000000000000000000000000).
Adding EN signal on $auto$ff.cc:337:slice$5951 ($sdff) from module arty_top (D = $flatten\controller.\parser.$procmux$3370_Y, Q = \controller.parser.timeout_count).
Adding SRST signal on $flatten\controller.\parser.$procdff$5340 ($dff) from module arty_top (D = $flatten\controller.\parser.$procmux$3390_Y, Q = \controller.parser.crc, rval = 16'1111111111111111).
Adding EN signal on $auto$ff.cc:337:slice$5955 ($sdff) from module arty_top (D = $flatten\controller.\parser.$procmux$3384_Y, Q = \controller.parser.crc).
Adding SRST signal on $flatten\controller.\parser.$procdff$5339 ($dff) from module arty_top (D = $flatten\controller.\parser.$procmux$3402_Y, Q = \controller.parser.last_payload_index, rval = 8'00000000).
Adding EN signal on $auto$ff.cc:337:slice$5961 ($sdff) from module arty_top (D = $flatten\controller.\parser.$sub$/workspace/arty-frame-studio/firmware/rtl/packet_rx.v:83$2265_Y, Q = \controller.parser.last_payload_index).
Adding SRST signal on $flatten\controller.\parser.$procdff$5338 ($dff) from module arty_top (D = $flatten\controller.\parser.$procmux$3412_Y, Q = \controller.parser.crc_low, rval = 8'00000000).
Adding EN signal on $auto$ff.cc:337:slice$5965 ($sdff) from module arty_top (D = \receiver.data, Q = \controller.parser.crc_low).
Adding SRST signal on $flatten\controller.\parser.$procdff$5337 ($dff) from module arty_top (D = $flatten\controller.\parser.$procmux$3424_Y, Q = \controller.parser.payload_index, rval = 8'00000000).
Adding EN signal on $auto$ff.cc:337:slice$5969 ($sdff) from module arty_top (D = $flatten\controller.\parser.$procmux$3421_Y, Q = \controller.parser.payload_index).
Adding SRST signal on $flatten\controller.\parser.$procdff$5336 ($dff) from module arty_top (D = $flatten\controller.\parser.$procmux$3439_Y, Q = \controller.parser.version, rval = 8'00000000).
Adding EN signal on $auto$ff.cc:337:slice$5975 ($sdff) from module arty_top (D = \receiver.data, Q = \controller.parser.version).
Adding SRST signal on $flatten\controller.\parser.$procdff$5335 ($dff) from module arty_top (D = $flatten\controller.\parser.$procmux$3470_Y, Q = \controller.parser.state, rval = 4'0000).
Adding EN signal on $auto$ff.cc:337:slice$5979 ($sdff) from module arty_top (D = $flatten\controller.\parser.$procmux$3470_Y, Q = \controller.parser.state).
Adding SRST signal on $flatten\controller.\parser.$procdff$5334 ($dff) from module arty_top (D = $flatten\controller.\parser.$procmux$3479_Y, Q = \controller.parser.request_payload, rval = 256'0000000000000000000000000000000000000000000000000000000000000000000000000000000000000000000000000000000000000000000000000000000000000000000000000000000000000000000000000000000000000000000000000000000000000000000000000000000000000000000000000000000000000000).
Adding EN signal on $auto$ff.cc:337:slice$5993 ($sdff) from module arty_top (D = \controller.parser.payload, Q = \controller.parser.request_payload).
Adding SRST signal on $flatten\controller.\parser.$procdff$5333 ($dff) from module arty_top (D = $flatten\controller.\parser.$procmux$3488_Y, Q = \controller.parser.request_status, rval = 8'00000000).
Adding EN signal on $auto$ff.cc:337:slice$5997 ($sdff) from module arty_top (D = $flatten\controller.\parser.$ternary$/workspace/arty-frame-studio/firmware/rtl/packet_rx.v:109$2373_Y [7:0], Q = \controller.parser.request_status).
Adding SRST signal on $flatten\controller.\parser.$procdff$5332 ($dff) from module arty_top (D = $flatten\controller.\parser.$procmux$3497_Y, Q = \controller.parser.request_length, rval = 8'00000000).
Adding EN signal on $auto$ff.cc:337:slice$6001 ($sdff) from module arty_top (D = \controller.parser.length, Q = \controller.parser.request_length).
Adding SRST signal on $flatten\controller.\parser.$procdff$5331 ($dff) from module arty_top (D = $flatten\controller.\parser.$procmux$3506_Y, Q = \controller.parser.request_seq, rval = 8'00000000).
Adding EN signal on $auto$ff.cc:337:slice$6005 ($sdff) from module arty_top (D = \controller.parser.seq, Q = \controller.parser.request_seq).
Adding SRST signal on $flatten\controller.\parser.$procdff$5330 ($dff) from module arty_top (D = $flatten\controller.\parser.$procmux$3515_Y, Q = \controller.parser.request_op, rval = 8'00000000).
Adding EN signal on $auto$ff.cc:337:slice$6009 ($sdff) from module arty_top (D = \controller.parser.op, Q = \controller.parser.request_op).
Adding SRST signal on $flatten\controller.\parser.$procdff$5329 ($dff) from module arty_top (D = { $flatten\controller.\parser.$procmux$2386_Y $flatten\controller.\parser.$procmux$2400_Y $flatten\controller.\parser.$procmux$2414_Y $flatten\controller.\parser.$procmux$2428_Y $flatten\controller.\parser.$procmux$2442_Y $flatten\controller.\parser.$procmux$2456_Y $flatten\controller.\parser.$procmux$2470_Y $flatten\controller.\parser.$procmux$2484_Y $flatten\controller.\parser.$procmux$2498_Y $flatten\controller.\parser.$procmux$2512_Y $flatten\controller.\parser.$procmux$2526_Y $flatten\controller.\parser.$procmux$2540_Y $flatten\controller.\parser.$procmux$2554_Y $flatten\controller.\parser.$procmux$2568_Y $flatten\controller.\parser.$procmux$2582_Y $flatten\controller.\parser.$procmux$2596_Y $flatten\controller.\parser.$procmux$2610_Y $flatten\controller.\parser.$procmux$2624_Y $flatten\controller.\parser.$procmux$2638_Y $flatten\controller.\parser.$procmux$2652_Y $flatten\controller.\parser.$procmux$2666_Y $flatten\controller.\parser.$procmux$2680_Y $flatten\controller.\parser.$procmux$2694_Y $flatten\controller.\parser.$procmux$2708_Y $flatten\controller.\parser.$procmux$2722_Y $flatten\controller.\parser.$procmux$2736_Y $flatten\controller.\parser.$procmux$2750_Y $flatten\controller.\parser.$procmux$2764_Y $flatten\controller.\parser.$procmux$2778_Y $flatten\controller.\parser.$procmux$2792_Y $flatten\controller.\parser.$procmux$2806_Y $flatten\controller.\parser.$procmux$2820_Y }, Q = \controller.parser.payload, rval = 256'0000000000000000000000000000000000000000000000000000000000000000000000000000000000000000000000000000000000000000000000000000000000000000000000000000000000000000000000000000000000000000000000000000000000000000000000000000000000000000000000000000000000000000).
Adding EN signal on $auto$ff.cc:337:slice$6013 ($sdff) from module arty_top (D = $flatten\controller.\parser.$procmux$2817_Y, Q = \controller.parser.payload [7:0]).
Adding EN signal on $auto$ff.cc:337:slice$6013 ($sdff) from module arty_top (D = $flatten\controller.\parser.$procmux$2803_Y, Q = \controller.parser.payload [15:8]).
Adding EN signal on $auto$ff.cc:337:slice$6013 ($sdff) from module arty_top (D = $flatten\controller.\parser.$procmux$2789_Y, Q = \controller.parser.payload [23:16]).
Adding EN signal on $auto$ff.cc:337:slice$6013 ($sdff) from module arty_top (D = $flatten\controller.\parser.$procmux$2775_Y, Q = \controller.parser.payload [31:24]).
Adding EN signal on $auto$ff.cc:337:slice$6013 ($sdff) from module arty_top (D = $flatten\controller.\parser.$procmux$2761_Y, Q = \controller.parser.payload [39:32]).
Adding EN signal on $auto$ff.cc:337:slice$6013 ($sdff) from module arty_top (D = $flatten\controller.\parser.$procmux$2747_Y, Q = \controller.parser.payload [47:40]).
Adding EN signal on $auto$ff.cc:337:slice$6013 ($sdff) from module arty_top (D = $flatten\controller.\parser.$procmux$2733_Y, Q = \controller.parser.payload [55:48]).
Adding EN signal on $auto$ff.cc:337:slice$6013 ($sdff) from module arty_top (D = $flatten\controller.\parser.$procmux$2719_Y, Q = \controller.parser.payload [63:56]).
Adding EN signal on $auto$ff.cc:337:slice$6013 ($sdff) from module arty_top (D = $flatten\controller.\parser.$procmux$2705_Y, Q = \controller.parser.payload [71:64]).
Adding EN signal on $auto$ff.cc:337:slice$6013 ($sdff) from module arty_top (D = $flatten\controller.\parser.$procmux$2691_Y, Q = \controller.parser.payload [79:72]).
Adding EN signal on $auto$ff.cc:337:slice$6013 ($sdff) from module arty_top (D = $flatten\controller.\parser.$procmux$2677_Y, Q = \controller.parser.payload [87:80]).
Adding EN signal on $auto$ff.cc:337:slice$6013 ($sdff) from module arty_top (D = $flatten\controller.\parser.$procmux$2663_Y, Q = \controller.parser.payload [95:88]).
Adding EN signal on $auto$ff.cc:337:slice$6013 ($sdff) from module arty_top (D = $flatten\controller.\parser.$procmux$2649_Y, Q = \controller.parser.payload [103:96]).
Adding EN signal on $auto$ff.cc:337:slice$6013 ($sdff) from module arty_top (D = $flatten\controller.\parser.$procmux$2635_Y, Q = \controller.parser.payload [111:104]).
Adding EN signal on $auto$ff.cc:337:slice$6013 ($sdff) from module arty_top (D = $flatten\controller.\parser.$procmux$2621_Y, Q = \controller.parser.payload [119:112]).
Adding EN signal on $auto$ff.cc:337:slice$6013 ($sdff) from module arty_top (D = $flatten\controller.\parser.$procmux$2607_Y, Q = \controller.parser.payload [127:120]).
Adding EN signal on $auto$ff.cc:337:slice$6013 ($sdff) from module arty_top (D = $flatten\controller.\parser.$procmux$2593_Y, Q = \controller.parser.payload [135:128]).
Adding EN signal on $auto$ff.cc:337:slice$6013 ($sdff) from module arty_top (D = $flatten\controller.\parser.$procmux$2579_Y, Q = \controller.parser.payload [143:136]).
Adding EN signal on $auto$ff.cc:337:slice$6013 ($sdff) from module arty_top (D = $flatten\controller.\parser.$procmux$2565_Y, Q = \controller.parser.payload [151:144]).
Adding EN signal on $auto$ff.cc:337:slice$6013 ($sdff) from module arty_top (D = $flatten\controller.\parser.$procmux$2551_Y, Q = \controller.parser.payload [159:152]).
Adding EN signal on $auto$ff.cc:337:slice$6013 ($sdff) from module arty_top (D = $flatten\controller.\parser.$procmux$2537_Y, Q = \controller.parser.payload [167:160]).
Adding EN signal on $auto$ff.cc:337:slice$6013 ($sdff) from module arty_top (D = $flatten\controller.\parser.$procmux$2523_Y, Q = \controller.parser.payload [175:168]).
Adding EN signal on $auto$ff.cc:337:slice$6013 ($sdff) from module arty_top (D = $flatten\controller.\parser.$procmux$2509_Y, Q = \controller.parser.payload [183:176]).
Adding EN signal on $auto$ff.cc:337:slice$6013 ($sdff) from module arty_top (D = $flatten\controller.\parser.$procmux$2495_Y, Q = \controller.parser.payload [191:184]).
Adding EN signal on $auto$ff.cc:337:slice$6013 ($sdff) from module arty_top (D = $flatten\controller.\parser.$procmux$2481_Y, Q = \controller.parser.payload [199:192]).
Adding EN signal on $auto$ff.cc:337:slice$6013 ($sdff) from module arty_top (D = $flatten\controller.\parser.$procmux$2467_Y, Q = \controller.parser.payload [207:200]).
Adding EN signal on $auto$ff.cc:337:slice$6013 ($sdff) from module arty_top (D = $flatten\controller.\parser.$procmux$2453_Y, Q = \controller.parser.payload [215:208]).
Adding EN signal on $auto$ff.cc:337:slice$6013 ($sdff) from module arty_top (D = $flatten\controller.\parser.$procmux$2439_Y, Q = \controller.parser.payload [223:216]).
Adding EN signal on $auto$ff.cc:337:slice$6013 ($sdff) from module arty_top (D = $flatten\controller.\parser.$procmux$2425_Y, Q = \controller.parser.payload [231:224]).
Adding EN signal on $auto$ff.cc:337:slice$6013 ($sdff) from module arty_top (D = $flatten\controller.\parser.$procmux$2411_Y, Q = \controller.parser.payload [239:232]).
Adding EN signal on $auto$ff.cc:337:slice$6013 ($sdff) from module arty_top (D = $flatten\controller.\parser.$procmux$2397_Y, Q = \controller.parser.payload [247:240]).
Adding EN signal on $auto$ff.cc:337:slice$6013 ($sdff) from module arty_top (D = $flatten\controller.\parser.$procmux$2383_Y, Q = \controller.parser.payload [255:248]).
Adding SRST signal on $flatten\controller.\parser.$procdff$5328 ($dff) from module arty_top (D = $flatten\controller.\parser.$procmux$3538_Y, Q = \controller.parser.length, rval = 8'00000000).
Adding EN signal on $auto$ff.cc:337:slice$6238 ($sdff) from module arty_top (D = \receiver.data, Q = \controller.parser.length).
Adding SRST signal on $flatten\controller.\parser.$procdff$5327 ($dff) from module arty_top (D = $flatten\controller.\parser.$procmux$3551_Y, Q = \controller.parser.seq, rval = 8'00000000).
Adding EN signal on $auto$ff.cc:337:slice$6242 ($sdff) from module arty_top (D = \receiver.data, Q = \controller.parser.seq).
Adding SRST signal on $flatten\controller.\parser.$procdff$5326 ($dff) from module arty_top (D = $flatten\controller.\parser.$procmux$3565_Y, Q = \controller.parser.op, rval = 8'00000000).
Adding EN signal on $auto$ff.cc:337:slice$6246 ($sdff) from module arty_top (D = \receiver.data, Q = \controller.parser.op).
Adding SRST signal on $flatten\controller.\parser.$procdff$5325 ($dff) from module arty_top (D = $flatten\controller.\parser.$procmux$3287_Y, Q = \controller.parser.request_valid, rval = 1'0).
Setting constant 0-bit at position 3 on $auto$ff.cc:337:slice$5787 ($sdffe) from module arty_top.
Setting constant 0-bit at position 4 on $auto$ff.cc:337:slice$5787 ($sdffe) from module arty_top.
Setting constant 0-bit at position 6 on $auto$ff.cc:337:slice$5787 ($sdffe) from module arty_top.
Setting constant 0-bit at position 8 on $auto$ff.cc:337:slice$5787 ($sdffe) from module arty_top.
Setting constant 0-bit at position 10 on $auto$ff.cc:337:slice$5787 ($sdffe) from module arty_top.
Setting constant 0-bit at position 15 on $auto$ff.cc:337:slice$5787 ($sdffe) from module arty_top.
Setting constant 0-bit at position 17 on $auto$ff.cc:337:slice$5787 ($sdffe) from module arty_top.
Setting constant 0-bit at position 18 on $auto$ff.cc:337:slice$5787 ($sdffe) from module arty_top.
Setting constant 0-bit at position 19 on $auto$ff.cc:337:slice$5787 ($sdffe) from module arty_top.
Setting constant 0-bit at position 20 on $auto$ff.cc:337:slice$5787 ($sdffe) from module arty_top.
Setting constant 0-bit at position 21 on $auto$ff.cc:337:slice$5787 ($sdffe) from module arty_top.
Setting constant 0-bit at position 22 on $auto$ff.cc:337:slice$5787 ($sdffe) from module arty_top.
Setting constant 0-bit at position 23 on $auto$ff.cc:337:slice$5787 ($sdffe) from module arty_top.
Setting constant 0-bit at position 40 on $auto$ff.cc:337:slice$5787 ($sdffe) from module arty_top.
Setting constant 0-bit at position 41 on $auto$ff.cc:337:slice$5787 ($sdffe) from module arty_top.
Setting constant 0-bit at position 43 on $auto$ff.cc:337:slice$5787 ($sdffe) from module arty_top.
Setting constant 0-bit at position 44 on $auto$ff.cc:337:slice$5787 ($sdffe) from module arty_top.
Setting constant 0-bit at position 45 on $auto$ff.cc:337:slice$5787 ($sdffe) from module arty_top.
Setting constant 0-bit at position 46 on $auto$ff.cc:337:slice$5787 ($sdffe) from module arty_top.
Setting constant 0-bit at position 47 on $auto$ff.cc:337:slice$5787 ($sdffe) from module arty_top.

7.13.7. Executing OPT_CLEAN pass (remove unused cells and wires).
Finding unused cells or wires in module \arty_top..
Removed 248 unused cells and 226 unused wires.
<suppressed ~250 debug messages>

7.13.8. Executing OPT_EXPR pass (perform const folding).
Optimizing module arty_top.
<suppressed ~51 debug messages>

7.13.9. Rerunning OPT passes. (Maybe there is more to do..)

7.13.10. Executing OPT_MUXTREE pass (detect dead branches in mux trees).
Running muxtree optimizer on module \arty_top..
  Creating internal representation of mux trees.
  Evaluating internal representation of mux trees.
  Analyzing evaluation results.
Removed 0 multiplexer ports.
<suppressed ~413 debug messages>

7.13.11. Executing OPT_REDUCE pass (consolidate $*mux and $reduce_* inputs).
  Optimizing cells in module \arty_top.
    New ctrl vector for $pmux cell $flatten\receiver.$procmux$4644: \receiver.state [1]
  Optimizing cells in module \arty_top.
Performed a total of 1 changes.

7.13.12. Executing OPT_MERGE pass (detect identical cells).
Finding identical cells in module `\arty_top'.
Computing hashes of 981 cells of `\arty_top'.
Finding duplicate cells in `\arty_top'.
Computing hashes of 907 cells of `\arty_top'.
Finding duplicate cells in `\arty_top'.
Computing hashes of 886 cells of `\arty_top'.
Finding duplicate cells in `\arty_top'.
<suppressed ~285 debug messages>
Removed a total of 95 cells.

7.13.13. Executing OPT_DFF pass (perform DFF optimizations).

7.13.14. Executing OPT_CLEAN pass (remove unused cells and wires).
Finding unused cells or wires in module \arty_top..
Removed 0 unused cells and 95 unused wires.
<suppressed ~1 debug messages>

7.13.15. Executing OPT_EXPR pass (perform const folding).
Optimizing module arty_top.

7.13.16. Rerunning OPT passes. (Maybe there is more to do..)

7.13.17. Executing OPT_MUXTREE pass (detect dead branches in mux trees).
Running muxtree optimizer on module \arty_top..
  Creating internal representation of mux trees.
  Evaluating internal representation of mux trees.
  Analyzing evaluation results.
Removed 0 multiplexer ports.
<suppressed ~413 debug messages>

7.13.18. Executing OPT_REDUCE pass (consolidate $*mux and $reduce_* inputs).
  Optimizing cells in module \arty_top.
Performed a total of 0 changes.

7.13.19. Executing OPT_MERGE pass (detect identical cells).
Finding identical cells in module `\arty_top'.
Computing hashes of 886 cells of `\arty_top'.
Finding duplicate cells in `\arty_top'.
Removed a total of 0 cells.

7.13.20. Executing OPT_DFF pass (perform DFF optimizations).

7.13.21. Executing OPT_CLEAN pass (remove unused cells and wires).
Finding unused cells or wires in module \arty_top..

7.13.22. Executing OPT_EXPR pass (perform const folding).
Optimizing module arty_top.

7.13.23. Finished fast OPT passes. (There is nothing left to do.)

7.14. Executing WREDUCE pass (reducing word size of cells).
Removed top 144 bits (of 256) from FF cell arty_top.$auto$ff.cc:337:slice$5994 ($sdffe).
Removed top 2 bits (of 4) from port B of cell arty_top.$auto$opt_dff.cc:235:make_patterns_logic$5924 ($ne).
Removed top 2 bits (of 4) from port B of cell arty_top.$auto$opt_dff.cc:235:make_patterns_logic$5922 ($ne).
Removed top 2 bits (of 4) from port B of cell arty_top.$auto$opt_dff.cc:235:make_patterns_logic$5920 ($ne).
Removed top 1 bits (of 2) from port B of cell arty_top.$auto$opt_dff.cc:235:make_patterns_logic$5775 ($ne).
Removed top 1 bits (of 8) from FF cell arty_top.$auto$ff.cc:337:slice$5723 ($sdff).
Removed top 3 bits (of 4) from port B of cell arty_top.$auto$opt_dff.cc:235:make_patterns_logic$5716 ($ne).
Removed top 3 bits (of 4) from port B of cell arty_top.$auto$opt_dff.cc:235:make_patterns_logic$5714 ($ne).
Removed top 6 bits (of 112) from FF cell arty_top.$auto$ff.cc:337:slice$5706 ($sdff).
Removed top 1 bits (of 2) from port B of cell arty_top.$auto$opt_dff.cc:235:make_patterns_logic$5662 ($ne).
Removed top 1 bits (of 3) from port B of cell arty_top.$auto$fsm_map.cc:77:implement_pattern_cache$5594 ($eq).
Converting cell arty_top.$flatten\receiver.$neg$/workspace/arty-frame-studio/firmware/rtl/uart_rx.v:43$1903 ($neg) from signed to unsigned.
Removed top 1 bits (of 4) from port A of cell arty_top.$flatten\receiver.$neg$/workspace/arty-frame-studio/firmware/rtl/uart_rx.v:43$1903 ($neg).
Removed top 31 bits (of 32) from port B of cell arty_top.$flatten\receiver.$sub$/workspace/arty-frame-studio/firmware/rtl/uart_rx.v:35$1897 ($sub).
Removed top 21 bits (of 32) from port Y of cell arty_top.$flatten\receiver.$sub$/workspace/arty-frame-studio/firmware/rtl/uart_rx.v:35$1897 ($sub).
Removed top 31 bits (of 32) from port B of cell arty_top.$flatten\transmitter.$sub$/workspace/arty-frame-studio/firmware/rtl/uart_tx.v:31$1884 ($sub).
Removed top 21 bits (of 32) from port Y of cell arty_top.$flatten\transmitter.$sub$/workspace/arty-frame-studio/firmware/rtl/uart_tx.v:31$1884 ($sub).
Removed top 4 bits (of 5) from port B of cell arty_top.$flatten\controller.\engine.$eq$/workspace/arty-frame-studio/firmware/rtl/frame_engine.v:49$1919 ($eq).
Removed top 15 bits (of 16) from port B of cell arty_top.$flatten\controller.\engine.$eq$/workspace/arty-frame-studio/firmware/rtl/frame_engine.v:50$1920 ($eq).
Removed top 15 bits (of 16) from port B of cell arty_top.$flatten\controller.\engine.$eq$/workspace/arty-frame-studio/firmware/rtl/frame_engine.v:245$2036 ($eq).
Removed top 14 bits (of 16) from port B of cell arty_top.$flatten\controller.\engine.$eq$/workspace/arty-frame-studio/firmware/rtl/frame_engine.v:246$2037 ($eq).
Removed top 14 bits (of 16) from port B of cell arty_top.$flatten\controller.\engine.$eq$/workspace/arty-frame-studio/firmware/rtl/frame_engine.v:247$2038 ($eq).
Removed top 15 bits (of 16) from port B of cell arty_top.$flatten\controller.\engine.$eq$/workspace/arty-frame-studio/firmware/rtl/frame_engine.v:248$2039 ($eq).
Removed top 14 bits (of 16) from port B of cell arty_top.$flatten\controller.\engine.$eq$/workspace/arty-frame-studio/firmware/rtl/frame_engine.v:249$2040 ($eq).
Removed top 14 bits (of 16) from port B of cell arty_top.$flatten\controller.\engine.$eq$/workspace/arty-frame-studio/firmware/rtl/frame_engine.v:250$2041 ($eq).
Removed top 15 bits (of 16) from port B of cell arty_top.$flatten\controller.\engine.$eq$/workspace/arty-frame-studio/firmware/rtl/frame_engine.v:252$2043 ($eq).
Removed top 14 bits (of 16) from port B of cell arty_top.$flatten\controller.\engine.$eq$/workspace/arty-frame-studio/firmware/rtl/frame_engine.v:253$2044 ($eq).
Removed top 14 bits (of 16) from port B of cell arty_top.$flatten\controller.\engine.$eq$/workspace/arty-frame-studio/firmware/rtl/frame_engine.v:254$2045 ($eq).
Removed top 14 bits (of 16) from port B of cell arty_top.$flatten\controller.\engine.$eq$/workspace/arty-frame-studio/firmware/rtl/frame_engine.v:294$2059 ($eq).
Removed top 13 bits (of 16) from port B of cell arty_top.$flatten\controller.\engine.$eq$/workspace/arty-frame-studio/firmware/rtl/frame_engine.v:295$2060 ($eq).
Removed top 4 bits (of 6) from mux cell arty_top.$flatten\controller.\engine.$procmux$3640 ($mux).
Removed top 1 bits (of 8) from port B of cell arty_top.$flatten\controller.\parser.$eq$/workspace/arty-frame-studio/firmware/rtl/packet_rx.v:64$2164 ($eq).
Removed top 3 bits (of 16) from mux cell arty_top.$flatten\controller.\parser.$ternary$/workspace/arty-frame-studio/firmware/rtl/packet_rx.v:33$2170 ($mux).
Removed top 3 bits (of 16) from mux cell arty_top.$flatten\controller.\parser.$ternary$/workspace/arty-frame-studio/firmware/rtl/packet_rx.v:33$2174 ($mux).
Removed top 3 bits (of 16) from mux cell arty_top.$flatten\controller.\parser.$ternary$/workspace/arty-frame-studio/firmware/rtl/packet_rx.v:33$2178 ($mux).
Removed top 3 bits (of 16) from mux cell arty_top.$flatten\controller.\parser.$ternary$/workspace/arty-frame-studio/firmware/rtl/packet_rx.v:33$2182 ($mux).
Removed top 3 bits (of 16) from mux cell arty_top.$flatten\controller.\parser.$ternary$/workspace/arty-frame-studio/firmware/rtl/packet_rx.v:33$2186 ($mux).
Removed top 3 bits (of 16) from mux cell arty_top.$flatten\controller.\parser.$ternary$/workspace/arty-frame-studio/firmware/rtl/packet_rx.v:33$2190 ($mux).
Removed top 3 bits (of 16) from mux cell arty_top.$flatten\controller.\parser.$ternary$/workspace/arty-frame-studio/firmware/rtl/packet_rx.v:33$2194 ($mux).
Removed top 3 bits (of 16) from mux cell arty_top.$flatten\controller.\parser.$ternary$/workspace/arty-frame-studio/firmware/rtl/packet_rx.v:33$2198 ($mux).
Removed top 3 bits (of 4) from port B of cell arty_top.$flatten\controller.\parser.$procmux$3466_CMP0 ($eq).
Removed top 31 bits (of 32) from mux cell arty_top.$flatten\controller.\parser.$ternary$/workspace/arty-frame-studio/firmware/rtl/packet_rx.v:87$2300 ($mux).
Removed top 7 bits (of 8) from port B of cell arty_top.$flatten\controller.\parser.$eq$/workspace/arty-frame-studio/firmware/rtl/packet_rx.v:94$2302 ($eq).
Removed top 6 bits (of 8) from port B of cell arty_top.$flatten\controller.\parser.$eq$/workspace/arty-frame-studio/firmware/rtl/packet_rx.v:94$2303 ($eq).
Removed top 6 bits (of 8) from port B of cell arty_top.$flatten\controller.\parser.$eq$/workspace/arty-frame-studio/firmware/rtl/packet_rx.v:94$2304 ($eq).
Removed top 5 bits (of 8) from port B of cell arty_top.$flatten\controller.\parser.$eq$/workspace/arty-frame-studio/firmware/rtl/packet_rx.v:94$2305 ($eq).
Removed top 5 bits (of 8) from port B of cell arty_top.$flatten\controller.\parser.$eq$/workspace/arty-frame-studio/firmware/rtl/packet_rx.v:94$2306 ($eq).
Removed top 5 bits (of 8) from port B of cell arty_top.$flatten\controller.\parser.$eq$/workspace/arty-frame-studio/firmware/rtl/packet_rx.v:94$2307 ($eq).
Removed top 5 bits (of 8) from port B of cell arty_top.$flatten\controller.\parser.$eq$/workspace/arty-frame-studio/firmware/rtl/packet_rx.v:94$2308 ($eq).
Removed top 4 bits (of 8) from port B of cell arty_top.$flatten\controller.\parser.$eq$/workspace/arty-frame-studio/firmware/rtl/packet_rx.v:94$2309 ($eq).
Removed top 4 bits (of 8) from port B of cell arty_top.$flatten\controller.\parser.$eq$/workspace/arty-frame-studio/firmware/rtl/packet_rx.v:94$2310 ($eq).
Removed top 4 bits (of 8) from port B of cell arty_top.$flatten\controller.\parser.$eq$/workspace/arty-frame-studio/firmware/rtl/packet_rx.v:94$2311 ($eq).
Removed top 4 bits (of 8) from port B of cell arty_top.$flatten\controller.\parser.$eq$/workspace/arty-frame-studio/firmware/rtl/packet_rx.v:94$2312 ($eq).
Removed top 4 bits (of 8) from port B of cell arty_top.$flatten\controller.\parser.$eq$/workspace/arty-frame-studio/firmware/rtl/packet_rx.v:94$2313 ($eq).
Removed top 4 bits (of 8) from port B of cell arty_top.$flatten\controller.\parser.$eq$/workspace/arty-frame-studio/firmware/rtl/packet_rx.v:94$2314 ($eq).
Removed top 4 bits (of 8) from port B of cell arty_top.$flatten\controller.\parser.$eq$/workspace/arty-frame-studio/firmware/rtl/packet_rx.v:94$2315 ($eq).
Removed top 4 bits (of 8) from port B of cell arty_top.$flatten\controller.\parser.$eq$/workspace/arty-frame-studio/firmware/rtl/packet_rx.v:94$2316 ($eq).
Removed top 3 bits (of 8) from port B of cell arty_top.$flatten\controller.\parser.$eq$/workspace/arty-frame-studio/firmware/rtl/packet_rx.v:94$2317 ($eq).
Removed top 3 bits (of 8) from port B of cell arty_top.$flatten\controller.\parser.$eq$/workspace/arty-frame-studio/firmware/rtl/packet_rx.v:94$2318 ($eq).
Removed top 3 bits (of 8) from port B of cell arty_top.$flatten\controller.\parser.$eq$/workspace/arty-frame-studio/firmware/rtl/packet_rx.v:94$2319 ($eq).
Removed top 3 bits (of 8) from port B of cell arty_top.$flatten\controller.\parser.$eq$/workspace/arty-frame-studio/firmware/rtl/packet_rx.v:94$2320 ($eq).
Removed top 3 bits (of 8) from port B of cell arty_top.$flatten\controller.\parser.$eq$/workspace/arty-frame-studio/firmware/rtl/packet_rx.v:94$2321 ($eq).
Removed top 3 bits (of 8) from port B of cell arty_top.$flatten\controller.\parser.$eq$/workspace/arty-frame-studio/firmware/rtl/packet_rx.v:94$2322 ($eq).
Removed top 3 bits (of 8) from port B of cell arty_top.$flatten\controller.\parser.$eq$/workspace/arty-frame-studio/firmware/rtl/packet_rx.v:94$2323 ($eq).
Removed top 3 bits (of 8) from port B of cell arty_top.$flatten\controller.\parser.$eq$/workspace/arty-frame-studio/firmware/rtl/packet_rx.v:94$2324 ($eq).
Removed top 3 bits (of 8) from port B of cell arty_top.$flatten\controller.\parser.$eq$/workspace/arty-frame-studio/firmware/rtl/packet_rx.v:94$2325 ($eq).
Removed top 3 bits (of 8) from port B of cell arty_top.$flatten\controller.\parser.$eq$/workspace/arty-frame-studio/firmware/rtl/packet_rx.v:94$2326 ($eq).
Removed top 3 bits (of 8) from port B of cell arty_top.$flatten\controller.\parser.$eq$/workspace/arty-frame-studio/firmware/rtl/packet_rx.v:94$2327 ($eq).
Removed top 3 bits (of 8) from port B of cell arty_top.$flatten\controller.\parser.$eq$/workspace/arty-frame-studio/firmware/rtl/packet_rx.v:94$2328 ($eq).
Removed top 3 bits (of 8) from port B of cell arty_top.$flatten\controller.\parser.$eq$/workspace/arty-frame-studio/firmware/rtl/packet_rx.v:94$2329 ($eq).
Removed top 3 bits (of 8) from port B of cell arty_top.$flatten\controller.\parser.$eq$/workspace/arty-frame-studio/firmware/rtl/packet_rx.v:94$2330 ($eq).
Removed top 3 bits (of 8) from port B of cell arty_top.$flatten\controller.\parser.$eq$/workspace/arty-frame-studio/firmware/rtl/packet_rx.v:94$2331 ($eq).
Removed top 3 bits (of 8) from port B of cell arty_top.$flatten\controller.\parser.$eq$/workspace/arty-frame-studio/firmware/rtl/packet_rx.v:94$2332 ($eq).
Removed top 3 bits (of 16) from mux cell arty_top.$flatten\controller.\parser.$ternary$/workspace/arty-frame-studio/firmware/rtl/packet_rx.v:33$2337 ($mux).
Removed top 3 bits (of 16) from mux cell arty_top.$flatten\controller.\parser.$ternary$/workspace/arty-frame-studio/firmware/rtl/packet_rx.v:33$2341 ($mux).
Removed top 3 bits (of 16) from mux cell arty_top.$flatten\controller.\parser.$ternary$/workspace/arty-frame-studio/firmware/rtl/packet_rx.v:33$2345 ($mux).
Removed top 3 bits (of 16) from mux cell arty_top.$flatten\controller.\parser.$ternary$/workspace/arty-frame-studio/firmware/rtl/packet_rx.v:33$2349 ($mux).
Removed top 3 bits (of 16) from mux cell arty_top.$flatten\controller.\parser.$ternary$/workspace/arty-frame-studio/firmware/rtl/packet_rx.v:33$2353 ($mux).
Removed top 3 bits (of 16) from mux cell arty_top.$flatten\controller.\parser.$ternary$/workspace/arty-frame-studio/firmware/rtl/packet_rx.v:33$2357 ($mux).
Removed top 3 bits (of 16) from mux cell arty_top.$flatten\controller.\parser.$ternary$/workspace/arty-frame-studio/firmware/rtl/packet_rx.v:33$2361 ($mux).
Removed top 3 bits (of 16) from mux cell arty_top.$flatten\controller.\parser.$ternary$/workspace/arty-frame-studio/firmware/rtl/packet_rx.v:33$2365 ($mux).
Removed top 7 bits (of 8) from port B of cell arty_top.$flatten\controller.\parser.$ne$/workspace/arty-frame-studio/firmware/rtl/packet_rx.v:110$2369 ($ne).
Removed top 26 bits (of 32) from port B of cell arty_top.$flatten\controller.\parser.$gt$/workspace/arty-frame-studio/firmware/rtl/packet_rx.v:111$2370 ($gt).
Removed top 30 bits (of 32) from mux cell arty_top.$flatten\controller.\parser.$ternary$/workspace/arty-frame-studio/firmware/rtl/packet_rx.v:111$2371 ($mux).
Removed top 29 bits (of 32) from mux cell arty_top.$flatten\controller.\parser.$ternary$/workspace/arty-frame-studio/firmware/rtl/packet_rx.v:110$2372 ($mux).
Removed top 29 bits (of 32) from mux cell arty_top.$flatten\controller.\parser.$ternary$/workspace/arty-frame-studio/firmware/rtl/packet_rx.v:109$2373 ($mux).
Removed top 6 bits (of 32) from port B of cell arty_top.$flatten\controller.\parser.$ge$/workspace/arty-frame-studio/firmware/rtl/packet_rx.v:118$2375 ($ge).
Removed top 1 bits (of 4) from port B of cell arty_top.$flatten\controller.\parser.$procmux$3385_CMP0 ($eq).
Removed top 1 bits (of 4) from port B of cell arty_top.$flatten\controller.\parser.$procmux$3387_CMP0 ($eq).
Removed top 2 bits (of 4) from port B of cell arty_top.$flatten\controller.\parser.$procmux$3388_CMP0 ($eq).
Removed top 2 bits (of 4) from port B of cell arty_top.$flatten\controller.\parser.$procmux$3389_CMP0 ($eq).
Removed top 1 bits (of 4) from port B of cell arty_top.$flatten\controller.\parser.$procmux$3401_CMP0 ($eq).
Removed top 1 bits (of 4) from port B of cell arty_top.$flatten\controller.\parser.$procmux$3411_CMP0 ($eq).
Removed top 5 bits (of 8) from port B of cell arty_top.$flatten\controller.$procmux$5312_CMP2 ($eq).
Removed top 6 bits (of 8) from port B of cell arty_top.$flatten\controller.$procmux$5312_CMP1 ($eq).
Removed top 7 bits (of 8) from port B of cell arty_top.$flatten\controller.$procmux$5312_CMP0 ($eq).
Removed top 6 bits (of 8) from port B of cell arty_top.$flatten\controller.$procmux$5302_CMP0 ($eq).
Removed top 7 bits (of 8) from mux cell arty_top.$flatten\controller.$procmux$5231 ($mux).
Removed top 1 bits (of 2) from port B of cell arty_top.$flatten\controller.$procmux$5090_CMP0 ($eq).
Removed top 40 bits (of 48) from mux cell arty_top.$flatten\controller.$procmux$5080 ($mux).
Removed top 27 bits (of 32) from port B of cell arty_top.$flatten\controller.$le$/workspace/arty-frame-studio/firmware/rtl/frame_controller.v:47$280 ($le).
Removed top 27 bits (of 32) from port B of cell arty_top.$flatten\controller.$le$/workspace/arty-frame-studio/firmware/rtl/frame_controller.v:47$278 ($le).
Removed top 27 bits (of 32) from port B of cell arty_top.$flatten\controller.$le$/workspace/arty-frame-studio/firmware/rtl/frame_controller.v:47$276 ($le).
Removed top 27 bits (of 32) from port B of cell arty_top.$flatten\controller.$le$/workspace/arty-frame-studio/firmware/rtl/frame_controller.v:47$274 ($le).
Removed top 27 bits (of 32) from port B of cell arty_top.$flatten\controller.$le$/workspace/arty-frame-studio/firmware/rtl/frame_controller.v:47$272 ($le).
Removed top 27 bits (of 32) from port B of cell arty_top.$flatten\controller.$le$/workspace/arty-frame-studio/firmware/rtl/frame_controller.v:47$270 ($le).
Removed top 27 bits (of 32) from port B of cell arty_top.$flatten\controller.$le$/workspace/arty-frame-studio/firmware/rtl/frame_controller.v:47$268 ($le).
Removed top 27 bits (of 32) from port B of cell arty_top.$flatten\controller.$le$/workspace/arty-frame-studio/firmware/rtl/frame_controller.v:47$266 ($le).
Removed top 27 bits (of 32) from port B of cell arty_top.$flatten\controller.$le$/workspace/arty-frame-studio/firmware/rtl/frame_controller.v:47$264 ($le).
Removed top 27 bits (of 32) from port B of cell arty_top.$flatten\controller.$le$/workspace/arty-frame-studio/firmware/rtl/frame_controller.v:47$262 ($le).
Removed top 27 bits (of 32) from port B of cell arty_top.$flatten\controller.$le$/workspace/arty-frame-studio/firmware/rtl/frame_controller.v:47$260 ($le).
Removed top 27 bits (of 32) from port B of cell arty_top.$flatten\controller.$le$/workspace/arty-frame-studio/firmware/rtl/frame_controller.v:47$258 ($le).
Removed top 27 bits (of 32) from port B of cell arty_top.$flatten\controller.$le$/workspace/arty-frame-studio/firmware/rtl/frame_controller.v:47$256 ($le).
Removed top 27 bits (of 32) from port B of cell arty_top.$flatten\controller.$le$/workspace/arty-frame-studio/firmware/rtl/frame_controller.v:47$254 ($le).
Removed top 27 bits (of 32) from port B of cell arty_top.$flatten\controller.$le$/workspace/arty-frame-studio/firmware/rtl/frame_controller.v:47$252 ($le).
Removed top 27 bits (of 32) from port B of cell arty_top.$flatten\controller.$le$/workspace/arty-frame-studio/firmware/rtl/frame_controller.v:47$250 ($le).
Removed top 28 bits (of 32) from port B of cell arty_top.$flatten\controller.$le$/workspace/arty-frame-studio/firmware/rtl/frame_controller.v:47$248 ($le).
Removed top 28 bits (of 32) from port B of cell arty_top.$flatten\controller.$le$/workspace/arty-frame-studio/firmware/rtl/frame_controller.v:47$246 ($le).
Removed top 28 bits (of 32) from port B of cell arty_top.$flatten\controller.$le$/workspace/arty-frame-studio/firmware/rtl/frame_controller.v:47$244 ($le).
Removed top 28 bits (of 32) from port B of cell arty_top.$flatten\controller.$le$/workspace/arty-frame-studio/firmware/rtl/frame_controller.v:47$242 ($le).
Removed top 28 bits (of 32) from port B of cell arty_top.$flatten\controller.$le$/workspace/arty-frame-studio/firmware/rtl/frame_controller.v:47$240 ($le).
Removed top 28 bits (of 32) from port B of cell arty_top.$flatten\controller.$le$/workspace/arty-frame-studio/firmware/rtl/frame_controller.v:47$238 ($le).
Removed top 28 bits (of 32) from port B of cell arty_top.$flatten\controller.$le$/workspace/arty-frame-studio/firmware/rtl/frame_controller.v:47$236 ($le).
Removed top 28 bits (of 32) from port B of cell arty_top.$flatten\controller.$le$/workspace/arty-frame-studio/firmware/rtl/frame_controller.v:47$234 ($le).
Removed top 29 bits (of 32) from port B of cell arty_top.$flatten\controller.$le$/workspace/arty-frame-studio/firmware/rtl/frame_controller.v:47$232 ($le).
Removed top 29 bits (of 32) from port B of cell arty_top.$flatten\controller.$le$/workspace/arty-frame-studio/firmware/rtl/frame_controller.v:47$230 ($le).
Removed top 29 bits (of 32) from port B of cell arty_top.$flatten\controller.$le$/workspace/arty-frame-studio/firmware/rtl/frame_controller.v:47$228 ($le).
Removed top 29 bits (of 32) from port B of cell arty_top.$flatten\controller.$le$/workspace/arty-frame-studio/firmware/rtl/frame_controller.v:47$226 ($le).
Removed top 30 bits (of 32) from port B of cell arty_top.$flatten\controller.$le$/workspace/arty-frame-studio/firmware/rtl/frame_controller.v:47$224 ($le).
Removed top 30 bits (of 32) from port B of cell arty_top.$flatten\controller.$le$/workspace/arty-frame-studio/firmware/rtl/frame_controller.v:47$222 ($le).
Removed top 31 bits (of 32) from port B of cell arty_top.$flatten\controller.$le$/workspace/arty-frame-studio/firmware/rtl/frame_controller.v:47$220 ($le).
Removed top 31 bits (of 32) from port B of cell arty_top.$flatten\controller.$le$/workspace/arty-frame-studio/firmware/rtl/frame_controller.v:47$218 ($le).
Removed top 3 bits (of 16) from mux cell arty_top.$flatten\controller.$ternary$/workspace/arty-frame-studio/firmware/rtl/frame_controller.v:180$213 ($mux).
Removed top 3 bits (of 16) from mux cell arty_top.$flatten\controller.$ternary$/workspace/arty-frame-studio/firmware/rtl/frame_controller.v:180$209 ($mux).
Removed top 3 bits (of 16) from mux cell arty_top.$flatten\controller.$ternary$/workspace/arty-frame-studio/firmware/rtl/frame_controller.v:180$205 ($mux).
Removed top 3 bits (of 16) from mux cell arty_top.$flatten\controller.$ternary$/workspace/arty-frame-studio/firmware/rtl/frame_controller.v:180$201 ($mux).
Removed top 3 bits (of 16) from mux cell arty_top.$flatten\controller.$ternary$/workspace/arty-frame-studio/firmware/rtl/frame_controller.v:180$197 ($mux).
Removed top 3 bits (of 16) from mux cell arty_top.$flatten\controller.$ternary$/workspace/arty-frame-studio/firmware/rtl/frame_controller.v:180$193 ($mux).
Removed top 3 bits (of 16) from mux cell arty_top.$flatten\controller.$ternary$/workspace/arty-frame-studio/firmware/rtl/frame_controller.v:180$189 ($mux).
Removed top 3 bits (of 16) from mux cell arty_top.$flatten\controller.$ternary$/workspace/arty-frame-studio/firmware/rtl/frame_controller.v:180$185 ($mux).
Removed top 24 bits (of 32) from port B of cell arty_top.$flatten\controller.$shiftx$/workspace/arty-frame-studio/firmware/rtl/frame_controller.v:249$180 ($shiftx).
Removed top 24 bits (of 32) from port B of cell arty_top.$flatten\controller.$shiftx$/workspace/arty-frame-studio/firmware/rtl/frame_controller.v:203$70 ($shiftx).
Removed top 1 bits (of 3) from port B of cell arty_top.$flatten\controller.$eq$/workspace/arty-frame-studio/firmware/rtl/frame_controller.v:138$56 ($eq).
Removed top 29 bits (of 32) from port B of cell arty_top.$flatten\controller.$lt$/workspace/arty-frame-studio/firmware/rtl/frame_controller.v:137$55 ($lt).
Removed top 30 bits (of 32) from port B of cell arty_top.$flatten\controller.$le$/workspace/arty-frame-studio/firmware/rtl/frame_controller.v:90$32 ($le).
Removed top 31 bits (of 32) from port B of cell arty_top.$flatten\controller.$ge$/workspace/arty-frame-studio/firmware/rtl/frame_controller.v:88$22 ($ge).
Removed top 4 bits (of 8) from port B of cell arty_top.$flatten\controller.$eq$/workspace/arty-frame-studio/firmware/rtl/frame_controller.v:87$21 ($eq).
Removed top 6 bits (of 112) from FF cell arty_top.$auto$ff.cc:337:slice$5735 ($sdff).
Removed top 6 bits (of 8) from mux cell arty_top.$flatten\controller.$procmux$5243 ($mux).
Removed top 7 bits (of 8) from mux cell arty_top.$flatten\controller.$procmux$5240 ($mux).
Removed cell arty_top.$flatten\controller.$procmux$5237 ($mux).
Removed top 29 bits (of 32) from wire arty_top.$flatten\controller.\parser.$ternary$/workspace/arty-frame-studio/firmware/rtl/packet_rx.v:110$2372_Y.
Removed top 30 bits (of 32) from wire arty_top.$flatten\controller.\parser.$ternary$/workspace/arty-frame-studio/firmware/rtl/packet_rx.v:111$2371_Y.
Removed top 29 bits (of 32) from wire arty_top.$flatten\controller.\parser.$ternary$/workspace/arty-frame-studio/firmware/rtl/packet_rx.v:109$2373_Y.
Removed top 31 bits (of 32) from wire arty_top.$flatten\controller.\parser.$ternary$/workspace/arty-frame-studio/firmware/rtl/packet_rx.v:87$2300_Y.
Removed top 40 bits (of 48) from wire arty_top.$flatten\controller.$0\pending_reply[47:0].
Removed top 4 bits (of 6) from wire arty_top.$flatten\controller.\engine.$procmux$3640_Y.
Removed top 7 bits (of 8) from wire arty_top.$flatten\controller.$2\reply_busy[7:0].
Removed top 21 bits (of 32) from wire arty_top.$flatten\transmitter.$sub$/workspace/arty-frame-studio/firmware/rtl/uart_tx.v:31$1884_Y.
Removed top 21 bits (of 32) from wire arty_top.$flatten\receiver.$sub$/workspace/arty-frame-studio/firmware/rtl/uart_rx.v:35$1897_Y.

7.15. Executing PEEPOPT pass (run peephole optimizers).

7.16. Executing OPT_CLEAN pass (remove unused cells and wires).
Finding unused cells or wires in module \arty_top..
Removed 108 unused cells and 120 unused wires.
<suppressed ~109 debug messages>

7.17. Executing PMUX2SHIFTX pass.
Inspecting $pmux cell arty_top/$flatten\controller.\parser.$procmux$3452.
  data width: 4 (next power-of-2 = 4, log2 = 2)
  checking ctrl signal \controller.parser.state
    best permutation: \controller.parser.state
    best xor mask: 4'0000
      0: 4'0111 -> 4'0111 -> 4'0111: 4'1000
      1: 4'0110 -> 4'0110 -> 4'0110: $flatten\controller.\parser.$procmux$3454_Y
      2: 4'0101 -> 4'0101 -> 4'0101: { 3'011 $auto$wreduce.cc:514:run$6259 [0] }
      3: 4'0100 -> 4'0100 -> 4'0100: 4'0101
      4: 4'0011 -> 4'0011 -> 4'0011: 4'0100
      5: 4'0010 -> 4'0010 -> 4'0010: 4'0011
      6: 4'0001 -> 4'0001 -> 4'0001: $flatten\controller.\parser.$procmux$3464_Y
      7: 4'0000 -> 4'0000 -> 4'0000: $flatten\controller.\parser.$procmux$3467_Y
    choices: 8
    min choice: 0
    max choice: 7
    range density: 100%
    absolute density: 100%
    full density: 50%
    update to full case.
    new min choice: 0
    new max choice: 15
    full case: true
    created $shiftx cell $auto$pmux2shiftx.cc:714:execute$6266.

7.18. Executing SORT pass.

7.19. Executing MEMORY_DFF pass (merging $dff cells to $memrd).
Checking read port `\controller.replies'[0] in module `\arty_top': merging output FF to cell.
    Write port 0: non-transparent.

7.20. Executing TECHMAP pass (map to technology primitives).

7.20.1. Executing Verilog-2005 frontend: /workspace/arty-frame-studio/scratch/ci-tools/oss-cad-suite/lib/../share/yosys/mul2dsp.v
Parsing Verilog input from `/workspace/arty-frame-studio/scratch/ci-tools/oss-cad-suite/lib/../share/yosys/mul2dsp.v' to AST representation.
Generating RTLIL representation for module `\_80_mul'.
Generating RTLIL representation for module `\_90_soft_mul'.
Successfully finished Verilog frontend.

7.20.2. Executing Verilog-2005 frontend: /workspace/arty-frame-studio/scratch/ci-tools/oss-cad-suite/lib/../share/yosys/xilinx/xc7_dsp_map.v
Parsing Verilog input from `/workspace/arty-frame-studio/scratch/ci-tools/oss-cad-suite/lib/../share/yosys/xilinx/xc7_dsp_map.v' to AST representation.
Generating RTLIL representation for module `$__MUL25X18'.
Successfully finished Verilog frontend.

7.20.3. Continuing TECHMAP pass.
No more expansions possible.
<suppressed ~5 debug messages>

7.21. Executing OPT_EXPR pass (perform const folding).

7.22. Executing WREDUCE pass (reducing word size of cells).

7.23. Executing XILINX_DSP pass (pack resources into DSPs).

7.24. Executing TECHMAP pass (map to technology primitives).

7.24.1. Executing Verilog-2005 frontend: /workspace/arty-frame-studio/scratch/ci-tools/oss-cad-suite/lib/../share/yosys/cmp2lut.v
Parsing Verilog input from `/workspace/arty-frame-studio/scratch/ci-tools/oss-cad-suite/lib/../share/yosys/cmp2lut.v' to AST representation.
Generating RTLIL representation for module `\_90_lut_cmp_'.
Successfully finished Verilog frontend.

7.24.2. Executing Verilog-2005 frontend: /workspace/arty-frame-studio/scratch/ci-tools/oss-cad-suite/lib/../share/yosys/cmp2lcu.v
Parsing Verilog input from `/workspace/arty-frame-studio/scratch/ci-tools/oss-cad-suite/lib/../share/yosys/cmp2lcu.v' to AST representation.
Generating RTLIL representation for module `\_80_lcu_cmp_'.
Generating RTLIL representation for module `$__CMP2LCU'.
Successfully finished Verilog frontend.

7.24.3. Continuing TECHMAP pass.
Using template $paramod$c47a00036caa346efb5c00bef9df3a25ea840c56\_80_lcu_cmp_ for cells of type $gt.
Using template $paramod$78f2a2664c1c0671a902394c15fafdf6a15678df\_80_lcu_cmp_ for cells of type $ge.
Using template $paramod$d8957734c5bd7a3a185f4d50f3d1577246637a0a\_80_lcu_cmp_ for cells of type $le.
Using template $paramod$c5e7d98770393b1bf2a74830bafec14d0377175a\_80_lcu_cmp_ for cells of type $le.
Using template $paramod$d35d91067b4cf9d05d4e668fab3f463c740204af\_80_lcu_cmp_ for cells of type $le.
Using template $paramod$700f6c161f41868d54d7711578e5be84fb363f53\_80_lcu_cmp_ for cells of type $le.
Using template $paramod$6fbe98760b5da61936e8c554cb8f0dd0dafb5772\_80_lcu_cmp_ for cells of type $le.
Using template $paramod$f5977377cd9e9ce7939a67ad9d6c3cbc486c8491\_80_lcu_cmp_ for cells of type $lt.
Using template $paramod$5a9db820d00d82dced1caf1305cbf7be709f8e41\_80_lcu_cmp_ for cells of type $ge.
Using template $paramod$9609b3b9653f0d67ddf5e1085db2a4c7f610aacd$__CMP2LCU for cells of type $__CMP2LCU.
Using template $paramod$d71f7c3575406d95d161e8e86dcdca0798378bbf$__CMP2LCU for cells of type $__CMP2LCU.
Using template $paramod$505f05e6c93b553eda11a513ec79e0e1908596ba\_80_lcu_cmp_ for cells of type $ge.
Using template $paramod$4bdd581638c65bdb75a9ef1c904e553f489ba629\_80_lcu_cmp_ for cells of type $ge.
Using template $paramod$39d23a4d3dfc2e927240e79db0da881770fae439\_80_lcu_cmp_ for cells of type $ge.
Using template $paramod$8c7d41492d985e627078971bd3d5c5d37894777e\_80_lcu_cmp_ for cells of type $ge.
Using template $paramod$b24224dbb85e6af587d11a0eadeb2b4fd0fd2ae0\_80_lcu_cmp_ for cells of type $ge.
Using template $paramod$8fe3ca3db95aed989e20304ebf4349dcbdcb5f4e\_80_lcu_cmp_ for cells of type $gt.
Using template $paramod$d2ff62c38c7ef9bd75058603a154a7c1a6bb7b90$__CMP2LCU for cells of type $__CMP2LCU.
Using template $paramod$3c175b017d97b266e84fc10f88aa7858c65f51c9$__CMP2LCU for cells of type $__CMP2LCU.
Using template $paramod$080929b2f51f113f0a25023aa10c28075eeb58fc$__CMP2LCU for cells of type $__CMP2LCU.
Using template $paramod$2ceb6b4b5131e85097496893fed38c6447e4f636$__CMP2LCU for cells of type $__CMP2LCU.
Using template $paramod$1045122da7afb67133068d3cf85977f993ce19a2$__CMP2LCU for cells of type $__CMP2LCU.
Using template $paramod$b36246af65a543bd56782d5ad9650de15b6cee2d$__CMP2LCU for cells of type $__CMP2LCU.
Using template $paramod$74efe3fc9003fc7dbf03d21a8a515e83293271f5$__CMP2LCU for cells of type $__CMP2LCU.
Using template $paramod$c38c71b89d2d9aab2eb4eb80a1f6cd5b28f0e3e2$__CMP2LCU for cells of type $__CMP2LCU.
Using template $paramod$50de89db3df35d697eea57a2971c8287a97b6104$__CMP2LCU for cells of type $__CMP2LCU.
Using template $paramod$48d9dbbd69611f9dcb67e2d55e00151592ac6605$__CMP2LCU for cells of type $__CMP2LCU.
Using template $paramod$59ef09c640046ce885f1e29c52d711ba2d4ceff6$__CMP2LCU for cells of type $__CMP2LCU.
Using template $paramod$9296f1a0dd036e9511ebda0879ba6d414b2b4622$__CMP2LCU for cells of type $__CMP2LCU.
Using template $paramod$5be076b3e14c47b39f0716f275e0575f0eda3a55$__CMP2LCU for cells of type $__CMP2LCU.
Using template $paramod$2474d62acccdb8576665153c98f9e2a122360fae$__CMP2LCU for cells of type $__CMP2LCU.
Using template $paramod$b125fe2f742851bde0b91d67ade654cadebaf04f$__CMP2LCU for cells of type $__CMP2LCU.
Using template $paramod$5c78b7b9dc41b107bc7b49a8c1b2bda68cb7996e$__CMP2LCU for cells of type $__CMP2LCU.
Using template $paramod$2f64d96f802a4240ed23b52bd148ee6d6f448469$__CMP2LCU for cells of type $__CMP2LCU.
Using template $paramod$bcba573229a80124e5f8ab450574b60d27006045$__CMP2LCU for cells of type $__CMP2LCU.
Using template $paramod$6869fdb643f17c013983afefca4eabb027b5355c$__CMP2LCU for cells of type $__CMP2LCU.
Using template $paramod$e227b8d4038e1fcd135fe9869ce53934ebf1cc89$__CMP2LCU for cells of type $__CMP2LCU.
Using template $paramod$36f56ea6daf557e6f0945def1a9a49ab55545138$__CMP2LCU for cells of type $__CMP2LCU.
Using template $paramod$711a330d94164b6716151413325e8d96df890d9c$__CMP2LCU for cells of type $__CMP2LCU.
Using template $paramod$ac5b5a5207a0eb294b638d8a61d31b4d026619ab$__CMP2LCU for cells of type $__CMP2LCU.
Using template $paramod$bc4159e909f22fa81f9005fa8f48ad449598fe0a$__CMP2LCU for cells of type $__CMP2LCU.
Using template $paramod$5b1a2df74ec4382f9c5416dfd8f1df80eb13b16a$__CMP2LCU for cells of type $__CMP2LCU.
Using template $paramod$90616fe88c30596ac903e5914ac4d27be8ae4dee$__CMP2LCU for cells of type $__CMP2LCU.
Using template $paramod$550f0d1545e4559548c55e376e90609ed908dad5$__CMP2LCU for cells of type $__CMP2LCU.
Using template $paramod$481cb9e0c2fc2443dd51ada0ca81b88d753555c7$__CMP2LCU for cells of type $__CMP2LCU.
Using template $paramod$a1e92949f95a80c4900c5cf539dde5123d4f9add$__CMP2LCU for cells of type $__CMP2LCU.
Using template $paramod$225a293387a4c42e28643f59f61c4b5744bb6e9e$__CMP2LCU for cells of type $__CMP2LCU.
Using template $paramod$77965431e95609cf6689b6e37e79cd78318dfac6$__CMP2LCU for cells of type $__CMP2LCU.
Using template $paramod$65ed4aa6a569a25f6a9bb24392657d8bca40a2f8$__CMP2LCU for cells of type $__CMP2LCU.
Using template $paramod$c22bcee940d873a46f293003582712474b610ae7$__CMP2LCU for cells of type $__CMP2LCU.
Using template $paramod$99d794b5fda89645f197e03fe719d0672d53d52e$__CMP2LCU for cells of type $__CMP2LCU.
Using template $paramod$4aa10eb94a5150143503647d7df90d064e2e9c52$__CMP2LCU for cells of type $__CMP2LCU.
Using template $paramod$abd3e3ec56ca8c4e96e0f454de33fb628df4cd44$__CMP2LCU for cells of type $__CMP2LCU.
Using template $paramod$093a23630d0c75c0e728c3faadc750f9381c23c5$__CMP2LCU for cells of type $__CMP2LCU.
Using template $paramod$450c268c12fc6efbfb4aeeb63d5fb4806d4fba29$__CMP2LCU for cells of type $__CMP2LCU.
Using template $paramod$ac3246f432aee1f8217acde2f17d1b5289eaf8d2$__CMP2LCU for cells of type $__CMP2LCU.
Using template $paramod$c3fcbbd760b11a645a84e725c760cee33f76a02d$__CMP2LCU for cells of type $__CMP2LCU.
Using template $paramod$3610575dd7114a9ff7a07ef8a8e511252300b81e$__CMP2LCU for cells of type $__CMP2LCU.
Using template $paramod$b4eaf0add53d40abade8e39e3d3bbab0bf32a5d6$__CMP2LCU for cells of type $__CMP2LCU.
Using template $paramod$6b3e42d28b759b7bc0931d8c5d2b6982a156fc96$__CMP2LCU for cells of type $__CMP2LCU.
Using template $paramod$aaba392c5fed4ea917901e5198e86bbe4a5b19cd$__CMP2LCU for cells of type $__CMP2LCU.
Using template $paramod$d7d493c18c3195df0ca39d4a95976f1d641fb1ba$__CMP2LCU for cells of type $__CMP2LCU.
Using template $paramod$f21bfaab40ef602789d3f72dce1000dddd766102$__CMP2LCU for cells of type $__CMP2LCU.
Using template $paramod$34a337ccf814a73d078590a160a407a802a12b44$__CMP2LCU for cells of type $__CMP2LCU.
Using template $paramod$c0cfe864fdef9ede6b2a5ac5550f189eaa2eab05$__CMP2LCU for cells of type $__CMP2LCU.
Using template $paramod$a45cfadd0fe5792f8ea8f0fc68d99acd9c184a84$__CMP2LCU for cells of type $__CMP2LCU.
Using template $paramod$450abd7f4615619ef05430eca0a8ac4102f41a6d$__CMP2LCU for cells of type $__CMP2LCU.
Using template $paramod$12d0d51b7d42596edca4db6d72b18de1c65be52d$__CMP2LCU for cells of type $__CMP2LCU.
Using template $paramod$87ae44e89a1cdc99c485e3c53c676b85e194fd4d$__CMP2LCU for cells of type $__CMP2LCU.
Using template $paramod$3a4a56a67d4e7a41fbc07eb2957e22b9d54cfa1e$__CMP2LCU for cells of type $__CMP2LCU.
Using template $paramod$399eb797f1a6280e338861a342d53f41a8dd403a$__CMP2LCU for cells of type $__CMP2LCU.
Using template $paramod$fef1624211fa76dc8a8f66fa629f9cd8b07b5f31$__CMP2LCU for cells of type $__CMP2LCU.
Using template $paramod$df42bcb91690bc3f53a97f883764cc77c1077fca$__CMP2LCU for cells of type $__CMP2LCU.
Using template $paramod$35da02a99da5b501488e3bbbbf10d5f1db4f4fba$__CMP2LCU for cells of type $__CMP2LCU.
Using template $paramod$668ec494825a7b156f2f2c3e4be2512917826f2e$__CMP2LCU for cells of type $__CMP2LCU.
Using template $paramod$9b806fe899e7a862910a822bc6f01a51f8449e68$__CMP2LCU for cells of type $__CMP2LCU.
Using template $paramod$fe7ce0901af54dca4497af0c97de88a7572414d2$__CMP2LCU for cells of type $__CMP2LCU.
Using template $paramod$e31e2c134ebc7e11a6a651e3593cb498be1cd04f$__CMP2LCU for cells of type $__CMP2LCU.
Using template $paramod$bc3ddf85b5776068927872e75ea707d560c29647$__CMP2LCU for cells of type $__CMP2LCU.
No more expansions possible.
<suppressed ~2378 debug messages>

7.25. Executing ALUMACC pass (create $alu and $macc cells).
Extracting $alu and $macc cells in module arty_top:
  creating $macc model for $flatten\controller.$add$/workspace/arty-frame-studio/firmware/rtl/frame_controller.v:221$104 ($add).
  creating $macc model for $flatten\controller.$add$/workspace/arty-frame-studio/firmware/rtl/frame_controller.v:235$110 ($add).
  creating $macc model for $flatten\controller.$add$/workspace/arty-frame-studio/firmware/rtl/frame_controller.v:239$125 ($add).
  creating $macc model for $flatten\controller.$add$/workspace/arty-frame-studio/firmware/rtl/frame_controller.v:252$214 ($add).
  creating $macc model for $flatten\controller.$add$/workspace/arty-frame-studio/firmware/rtl/frame_controller.v:255$217 ($add).
  creating $macc model for $flatten\controller.$sub$/workspace/arty-frame-studio/firmware/rtl/frame_controller.v:222$105 ($sub).
  creating $macc model for $flatten\controller.$sub$/workspace/arty-frame-studio/firmware/rtl/frame_controller.v:95$34 ($sub).
  creating $macc model for $flatten\controller.\engine.$add$/workspace/arty-frame-studio/firmware/rtl/frame_engine.v:268$2046 ($add).
  creating $macc model for $flatten\controller.\engine.$sub$/workspace/arty-frame-studio/firmware/rtl/frame_engine.v:236$2031 ($sub).
  creating $macc model for $flatten\controller.\engine.$sub$/workspace/arty-frame-studio/firmware/rtl/frame_engine.v:238$2032 ($sub).
  creating $macc model for $flatten\controller.\engine.$sub$/workspace/arty-frame-studio/firmware/rtl/frame_engine.v:240$2033 ($sub).
  creating $macc model for $flatten\controller.\engine.$sub$/workspace/arty-frame-studio/firmware/rtl/frame_engine.v:269$2047 ($sub).
  creating $macc model for $flatten\controller.\engine.$sub$/workspace/arty-frame-studio/firmware/rtl/frame_engine.v:273$2048 ($sub).
  creating $macc model for $flatten\controller.\engine.$sub$/workspace/arty-frame-studio/firmware/rtl/frame_engine.v:293$2058 ($sub).
  creating $macc model for $flatten\controller.\parser.$add$/workspace/arty-frame-studio/firmware/rtl/packet_rx.v:121$2376 ($add).
  creating $macc model for $flatten\controller.\parser.$add$/workspace/arty-frame-studio/firmware/rtl/packet_rx.v:97$2366 ($add).
  creating $macc model for $flatten\controller.\parser.$sub$/workspace/arty-frame-studio/firmware/rtl/packet_rx.v:83$2265 ($sub).
  creating $macc model for $flatten\receiver.$add$/workspace/arty-frame-studio/firmware/rtl/uart_rx.v:46$1911 ($add).
  creating $macc model for $flatten\receiver.$neg$/workspace/arty-frame-studio/firmware/rtl/uart_rx.v:43$1903 ($neg).
  creating $macc model for $flatten\receiver.$sub$/workspace/arty-frame-studio/firmware/rtl/uart_rx.v:35$1897 ($sub).
  creating $macc model for $flatten\transmitter.$sub$/workspace/arty-frame-studio/firmware/rtl/uart_tx.v:31$1884 ($sub).
  creating $macc model for $flatten\transmitter.$sub$/workspace/arty-frame-studio/firmware/rtl/uart_tx.v:34$1885 ($sub).
  creating $alu model for $macc $flatten\transmitter.$sub$/workspace/arty-frame-studio/firmware/rtl/uart_tx.v:34$1885.
  creating $alu model for $macc $flatten\transmitter.$sub$/workspace/arty-frame-studio/firmware/rtl/uart_tx.v:31$1884.
  creating $alu model for $macc $flatten\receiver.$sub$/workspace/arty-frame-studio/firmware/rtl/uart_rx.v:35$1897.
  creating $alu model for $macc $flatten\receiver.$neg$/workspace/arty-frame-studio/firmware/rtl/uart_rx.v:43$1903.
  creating $alu model for $macc $flatten\receiver.$add$/workspace/arty-frame-studio/firmware/rtl/uart_rx.v:46$1911.
  creating $alu model for $macc $flatten\controller.\parser.$sub$/workspace/arty-frame-studio/firmware/rtl/packet_rx.v:83$2265.
  creating $alu model for $macc $flatten\controller.\parser.$add$/workspace/arty-frame-studio/firmware/rtl/packet_rx.v:97$2366.
  creating $alu model for $macc $flatten\controller.\parser.$add$/workspace/arty-frame-studio/firmware/rtl/packet_rx.v:121$2376.
  creating $alu model for $macc $flatten\controller.\engine.$sub$/workspace/arty-frame-studio/firmware/rtl/frame_engine.v:293$2058.
  creating $alu model for $macc $flatten\controller.\engine.$sub$/workspace/arty-frame-studio/firmware/rtl/frame_engine.v:273$2048.
  creating $alu model for $macc $flatten\controller.\engine.$sub$/workspace/arty-frame-studio/firmware/rtl/frame_engine.v:269$2047.
  creating $alu model for $macc $flatten\controller.\engine.$sub$/workspace/arty-frame-studio/firmware/rtl/frame_engine.v:240$2033.
  creating $alu model for $macc $flatten\controller.\engine.$sub$/workspace/arty-frame-studio/firmware/rtl/frame_engine.v:238$2032.
  creating $alu model for $macc $flatten\controller.\engine.$sub$/workspace/arty-frame-studio/firmware/rtl/frame_engine.v:236$2031.
  creating $alu model for $macc $flatten\controller.\engine.$add$/workspace/arty-frame-studio/firmware/rtl/frame_engine.v:268$2046.
  creating $alu model for $macc $flatten\controller.$sub$/workspace/arty-frame-studio/firmware/rtl/frame_controller.v:95$34.
  creating $alu model for $macc $flatten\controller.$sub$/workspace/arty-frame-studio/firmware/rtl/frame_controller.v:222$105.
  creating $alu model for $macc $flatten\controller.$add$/workspace/arty-frame-studio/firmware/rtl/frame_controller.v:255$217.
  creating $alu model for $macc $flatten\controller.$add$/workspace/arty-frame-studio/firmware/rtl/frame_controller.v:252$214.
  creating $alu model for $macc $flatten\controller.$add$/workspace/arty-frame-studio/firmware/rtl/frame_controller.v:239$125.
  creating $alu model for $macc $flatten\controller.$add$/workspace/arty-frame-studio/firmware/rtl/frame_controller.v:235$110.
  creating $alu model for $macc $flatten\controller.$add$/workspace/arty-frame-studio/firmware/rtl/frame_controller.v:221$104.
  creating $alu model for $flatten\controller.\engine.$eq$/workspace/arty-frame-studio/firmware/rtl/frame_engine.v:245$2036 ($eq): merged with $flatten\controller.\engine.$sub$/workspace/arty-frame-studio/firmware/rtl/frame_engine.v:236$2031.
  creating $alu model for $flatten\controller.\engine.$eq$/workspace/arty-frame-studio/firmware/rtl/frame_engine.v:248$2039 ($eq): merged with $flatten\controller.\engine.$sub$/workspace/arty-frame-studio/firmware/rtl/frame_engine.v:238$2032.
  creating $alu model for $flatten\controller.\engine.$eq$/workspace/arty-frame-studio/firmware/rtl/frame_engine.v:252$2043 ($eq): merged with $flatten\controller.\engine.$sub$/workspace/arty-frame-studio/firmware/rtl/frame_engine.v:240$2033.
  creating $alu model for $flatten\controller.\engine.$eq$/workspace/arty-frame-studio/firmware/rtl/frame_engine.v:49$1919 ($eq): merged with $flatten\controller.\engine.$sub$/workspace/arty-frame-studio/firmware/rtl/frame_engine.v:273$2048.
  creating $alu model for $flatten\controller.\engine.$eq$/workspace/arty-frame-studio/firmware/rtl/frame_engine.v:50$1920 ($eq): merged with $flatten\controller.\engine.$sub$/workspace/arty-frame-studio/firmware/rtl/frame_engine.v:269$2047.
  creating $alu cell for $flatten\controller.$add$/workspace/arty-frame-studio/firmware/rtl/frame_controller.v:221$104: $auto$alumacc.cc:512:replace_alu$7087
  creating $alu cell for $flatten\controller.$add$/workspace/arty-frame-studio/firmware/rtl/frame_controller.v:235$110: $auto$alumacc.cc:512:replace_alu$7090
  creating $alu cell for $flatten\controller.$add$/workspace/arty-frame-studio/firmware/rtl/frame_controller.v:239$125: $auto$alumacc.cc:512:replace_alu$7093
  creating $alu cell for $flatten\controller.$add$/workspace/arty-frame-studio/firmware/rtl/frame_controller.v:252$214: $auto$alumacc.cc:512:replace_alu$7096
  creating $alu cell for $flatten\controller.$add$/workspace/arty-frame-studio/firmware/rtl/frame_controller.v:255$217: $auto$alumacc.cc:512:replace_alu$7099
  creating $alu cell for $flatten\controller.$sub$/workspace/arty-frame-studio/firmware/rtl/frame_controller.v:222$105: $auto$alumacc.cc:512:replace_alu$7102
  creating $alu cell for $flatten\controller.$sub$/workspace/arty-frame-studio/firmware/rtl/frame_controller.v:95$34: $auto$alumacc.cc:512:replace_alu$7105
  creating $alu cell for $flatten\controller.\engine.$add$/workspace/arty-frame-studio/firmware/rtl/frame_engine.v:268$2046: $auto$alumacc.cc:512:replace_alu$7108
  creating $alu cell for $flatten\controller.\engine.$sub$/workspace/arty-frame-studio/firmware/rtl/frame_engine.v:236$2031, $flatten\controller.\engine.$eq$/workspace/arty-frame-studio/firmware/rtl/frame_engine.v:245$2036: $auto$alumacc.cc:512:replace_alu$7111
  creating $alu cell for $flatten\controller.\engine.$sub$/workspace/arty-frame-studio/firmware/rtl/frame_engine.v:238$2032, $flatten\controller.\engine.$eq$/workspace/arty-frame-studio/firmware/rtl/frame_engine.v:248$2039: $auto$alumacc.cc:512:replace_alu$7116
  creating $alu cell for $flatten\controller.\engine.$sub$/workspace/arty-frame-studio/firmware/rtl/frame_engine.v:240$2033, $flatten\controller.\engine.$eq$/workspace/arty-frame-studio/firmware/rtl/frame_engine.v:252$2043: $auto$alumacc.cc:512:replace_alu$7121
  creating $alu cell for $flatten\controller.\engine.$sub$/workspace/arty-frame-studio/firmware/rtl/frame_engine.v:269$2047, $flatten\controller.\engine.$eq$/workspace/arty-frame-studio/firmware/rtl/frame_engine.v:50$1920: $auto$alumacc.cc:512:replace_alu$7126
  creating $alu cell for $flatten\controller.\engine.$sub$/workspace/arty-frame-studio/firmware/rtl/frame_engine.v:273$2048, $flatten\controller.\engine.$eq$/workspace/arty-frame-studio/firmware/rtl/frame_engine.v:49$1919: $auto$alumacc.cc:512:replace_alu$7131
  creating $alu cell for $flatten\controller.\engine.$sub$/workspace/arty-frame-studio/firmware/rtl/frame_engine.v:293$2058: $auto$alumacc.cc:512:replace_alu$7136
  creating $alu cell for $flatten\controller.\parser.$add$/workspace/arty-frame-studio/firmware/rtl/packet_rx.v:121$2376: $auto$alumacc.cc:512:replace_alu$7139
  creating $alu cell for $flatten\controller.\parser.$add$/workspace/arty-frame-studio/firmware/rtl/packet_rx.v:97$2366: $auto$alumacc.cc:512:replace_alu$7142
  creating $alu cell for $flatten\controller.\parser.$sub$/workspace/arty-frame-studio/firmware/rtl/packet_rx.v:83$2265: $auto$alumacc.cc:512:replace_alu$7145
  creating $alu cell for $flatten\receiver.$add$/workspace/arty-frame-studio/firmware/rtl/uart_rx.v:46$1911: $auto$alumacc.cc:512:replace_alu$7148
  creating $alu cell for $flatten\receiver.$neg$/workspace/arty-frame-studio/firmware/rtl/uart_rx.v:43$1903: $auto$alumacc.cc:512:replace_alu$7151
  creating $alu cell for $flatten\receiver.$sub$/workspace/arty-frame-studio/firmware/rtl/uart_rx.v:35$1897: $auto$alumacc.cc:512:replace_alu$7154
  creating $alu cell for $flatten\transmitter.$sub$/workspace/arty-frame-studio/firmware/rtl/uart_tx.v:31$1884: $auto$alumacc.cc:512:replace_alu$7157
  creating $alu cell for $flatten\transmitter.$sub$/workspace/arty-frame-studio/firmware/rtl/uart_tx.v:34$1885: $auto$alumacc.cc:512:replace_alu$7160
  created 22 $alu and 0 $macc cells.

7.26. Executing SHARE pass (SAT-based resource sharing).

7.27. Executing OPT pass (performing simple optimizations).

7.27.1. Executing OPT_EXPR pass (perform const folding).
Optimizing module arty_top.
<suppressed ~1188 debug messages>

7.27.2. Executing OPT_MERGE pass (detect identical cells).
Finding identical cells in module `\arty_top'.
Computing hashes of 1615 cells of `\arty_top'.
Finding duplicate cells in `\arty_top'.
Computing hashes of 1169 cells of `\arty_top'.
Finding duplicate cells in `\arty_top'.
Computing hashes of 1099 cells of `\arty_top'.
Finding duplicate cells in `\arty_top'.
Computing hashes of 1060 cells of `\arty_top'.
Finding duplicate cells in `\arty_top'.
Computing hashes of 1012 cells of `\arty_top'.
Finding duplicate cells in `\arty_top'.
Computing hashes of 966 cells of `\arty_top'.
Finding duplicate cells in `\arty_top'.
Computing hashes of 917 cells of `\arty_top'.
Finding duplicate cells in `\arty_top'.
Computing hashes of 908 cells of `\arty_top'.
Finding duplicate cells in `\arty_top'.
<suppressed ~2121 debug messages>
Removed a total of 707 cells.

7.27.3. Executing OPT_MUXTREE pass (detect dead branches in mux trees).
Running muxtree optimizer on module \arty_top..
  Creating internal representation of mux trees.
  Evaluating internal representation of mux trees.
  Analyzing evaluation results.
    dead port 1/10 on $pmux $flatten\controller.\parser.$procmux$3452.
    dead port 2/10 on $pmux $flatten\controller.\parser.$procmux$3452.
    dead port 3/10 on $pmux $flatten\controller.\parser.$procmux$3452.
    dead port 4/10 on $pmux $flatten\controller.\parser.$procmux$3452.
    dead port 5/10 on $pmux $flatten\controller.\parser.$procmux$3452.
    dead port 6/10 on $pmux $flatten\controller.\parser.$procmux$3452.
    dead port 7/10 on $pmux $flatten\controller.\parser.$procmux$3452.
    dead port 8/10 on $pmux $flatten\controller.\parser.$procmux$3452.
    dead port 10/10 on $pmux $flatten\controller.\parser.$procmux$3452.
Removed 9 multiplexer ports.
<suppressed ~361 debug messages>

7.27.4. Executing OPT_REDUCE pass (consolidate $*mux and $reduce_* inputs).
  Optimizing cells in module \arty_top.
Performed a total of 0 changes.

7.27.5. Executing OPT_MERGE pass (detect identical cells).
Finding identical cells in module `\arty_top'.
Computing hashes of 907 cells of `\arty_top'.
Finding duplicate cells in `\arty_top'.
Removed a total of 0 cells.

7.27.6. Executing OPT_DFF pass (perform DFF optimizations).
Setting constant 0-bit at position 0 on $auto$ff.cc:337:slice$5842 ($sdff) from module arty_top.
Setting constant 0-bit at position 1 on $auto$ff.cc:337:slice$5842 ($sdff) from module arty_top.
Setting constant 0-bit at position 2 on $auto$ff.cc:337:slice$5842 ($sdff) from module arty_top.
Setting constant 0-bit at position 3 on $auto$ff.cc:337:slice$5842 ($sdff) from module arty_top.
Setting constant 0-bit at position 4 on $auto$ff.cc:337:slice$5842 ($sdff) from module arty_top.
Setting constant 0-bit at position 5 on $auto$ff.cc:337:slice$5842 ($sdff) from module arty_top.
Setting constant 0-bit at position 6 on $auto$ff.cc:337:slice$5842 ($sdff) from module arty_top.
Setting constant 0-bit at position 3 on $auto$ff.cc:337:slice$5998 ($sdffe) from module arty_top.
Setting constant 0-bit at position 4 on $auto$ff.cc:337:slice$5998 ($sdffe) from module arty_top.
Setting constant 0-bit at position 5 on $auto$ff.cc:337:slice$5998 ($sdffe) from module arty_top.
Setting constant 0-bit at position 6 on $auto$ff.cc:337:slice$5998 ($sdffe) from module arty_top.
Setting constant 0-bit at position 7 on $auto$ff.cc:337:slice$5998 ($sdffe) from module arty_top.

7.27.7. Executing OPT_CLEAN pass (remove unused cells and wires).
Finding unused cells or wires in module \arty_top..
Removed 0 unused cells and 5350 unused wires.
<suppressed ~1 debug messages>

7.27.8. Executing OPT_EXPR pass (perform const folding).
Optimizing module arty_top.

7.27.9. Rerunning OPT passes. (Maybe there is more to do..)

7.27.10. Executing OPT_MUXTREE pass (detect dead branches in mux trees).
Running muxtree optimizer on module \arty_top..
  Creating internal representation of mux trees.
  Evaluating internal representation of mux trees.
  Analyzing evaluation results.
Removed 0 multiplexer ports.
<suppressed ~360 debug messages>

7.27.11. Executing OPT_REDUCE pass (consolidate $*mux and $reduce_* inputs).
  Optimizing cells in module \arty_top.
Performed a total of 0 changes.

7.27.12. Executing OPT_MERGE pass (detect identical cells).
Finding identical cells in module `\arty_top'.
Computing hashes of 907 cells of `\arty_top'.
Finding duplicate cells in `\arty_top'.
Removed a total of 0 cells.

7.27.13. Executing OPT_DFF pass (perform DFF optimizations).
Setting constant 0-bit at position 3 on $auto$ff.cc:337:slice$5742 ($sdff) from module arty_top.
Setting constant 0-bit at position 4 on $auto$ff.cc:337:slice$5742 ($sdff) from module arty_top.
Setting constant 0-bit at position 5 on $auto$ff.cc:337:slice$5742 ($sdff) from module arty_top.
Setting constant 0-bit at position 6 on $auto$ff.cc:337:slice$5742 ($sdff) from module arty_top.
Setting constant 0-bit at position 7 on $auto$ff.cc:337:slice$5742 ($sdff) from module arty_top.

7.27.14. Executing OPT_CLEAN pass (remove unused cells and wires).
Finding unused cells or wires in module \arty_top..

7.27.15. Executing OPT_EXPR pass (perform const folding).
Optimizing module arty_top.

7.27.16. Rerunning OPT passes. (Maybe there is more to do..)

7.27.17. Executing OPT_MUXTREE pass (detect dead branches in mux trees).
Running muxtree optimizer on module \arty_top..
  Creating internal representation of mux trees.
  Evaluating internal representation of mux trees.
  Analyzing evaluation results.
Removed 0 multiplexer ports.
<suppressed ~360 debug messages>

7.27.18. Executing OPT_REDUCE pass (consolidate $*mux and $reduce_* inputs).
  Optimizing cells in module \arty_top.
Performed a total of 0 changes.

7.27.19. Executing OPT_MERGE pass (detect identical cells).
Finding identical cells in module `\arty_top'.
Computing hashes of 907 cells of `\arty_top'.
Finding duplicate cells in `\arty_top'.
Removed a total of 0 cells.

7.27.20. Executing OPT_DFF pass (perform DFF optimizations).
Adding SRST signal on $auto$ff.cc:337:slice$5721 ($sdff) from module arty_top (D = $flatten\controller.$2\next_static_status[7:0] [7:3], Q = \controller.validated_status [7:3], rval = 5'00000).

7.27.21. Executing OPT_CLEAN pass (remove unused cells and wires).
Finding unused cells or wires in module \arty_top..

7.27.22. Executing OPT_EXPR pass (perform const folding).
Optimizing module arty_top.

7.27.23. Rerunning OPT passes. (Maybe there is more to do..)

7.27.24. Executing OPT_MUXTREE pass (detect dead branches in mux trees).
Running muxtree optimizer on module \arty_top..
  Creating internal representation of mux trees.
  Evaluating internal representation of mux trees.
  Analyzing evaluation results.
Removed 0 multiplexer ports.
<suppressed ~361 debug messages>

7.27.25. Executing OPT_REDUCE pass (consolidate $*mux and $reduce_* inputs).
  Optimizing cells in module \arty_top.
Performed a total of 0 changes.

7.27.26. Executing OPT_MERGE pass (detect identical cells).
Finding identical cells in module `\arty_top'.
Computing hashes of 910 cells of `\arty_top'.
Finding duplicate cells in `\arty_top'.
Removed a total of 0 cells.

7.27.27. Executing OPT_DFF pass (perform DFF optimizations).

7.27.28. Executing OPT_CLEAN pass (remove unused cells and wires).
Finding unused cells or wires in module \arty_top..

7.27.29. Executing OPT_EXPR pass (perform const folding).
Optimizing module arty_top.

7.27.30. Finished fast OPT passes. (There is nothing left to do.)

7.28. Executing MEMORY pass.

7.28.1. Executing OPT_MEM pass (optimize memories).
Performed a total of 0 transformations.

7.28.2. Executing OPT_MEM_PRIORITY pass (removing unnecessary memory write priority relations).
Performed a total of 0 transformations.

7.28.3. Executing OPT_MEM_FEEDBACK pass (finding memory read-to-write feedback paths).

7.28.4. Executing MEMORY_BMUX2ROM pass (converting muxes to ROMs).

7.28.5. Executing MEMORY_DFF pass (merging $dff cells to $memrd).

7.28.6. Executing OPT_CLEAN pass (remove unused cells and wires).
Finding unused cells or wires in module \arty_top..

7.28.7. Executing MEMORY_SHARE pass (consolidating $memrd/$memwr cells).

7.28.8. Executing OPT_MEM_WIDEN pass (optimize memories where all ports are wide).
Performed a total of 0 transformations.

7.28.9. Executing OPT_CLEAN pass (remove unused cells and wires).
Finding unused cells or wires in module \arty_top..

7.28.10. Executing MEMORY_COLLECT pass (generating $mem cells).

7.29. Executing OPT_CLEAN pass (remove unused cells and wires).
Finding unused cells or wires in module \arty_top..

7.30. Executing MEMORY_LIBMAP pass (mapping memories to cells).
using FF mapping for memory arty_top.controller.replies
<suppressed ~1563 debug messages>

7.31. Executing TECHMAP pass (map to technology primitives).

7.31.1. Executing Verilog-2005 frontend: /workspace/arty-frame-studio/scratch/ci-tools/oss-cad-suite/lib/../share/yosys/xilinx/lutrams_xc5v_map.v
Parsing Verilog input from `/workspace/arty-frame-studio/scratch/ci-tools/oss-cad-suite/lib/../share/yosys/xilinx/lutrams_xc5v_map.v' to AST representation.
Generating RTLIL representation for module `$__XILINX_LUTRAM_SP_'.
Generating RTLIL representation for module `$__XILINX_LUTRAM_DP_'.
Generating RTLIL representation for module `$__XILINX_LUTRAM_QP_'.
Generating RTLIL representation for module `$__XILINX_LUTRAM_OP_'.
Generating RTLIL representation for module `$__XILINX_LUTRAM_SDP_'.
Generating RTLIL representation for module `$__XILINX_LUTRAM_64X8SW_'.
Generating RTLIL representation for module `$__XILINX_LUTRAM_32X16DR8_'.
Successfully finished Verilog frontend.

7.31.2. Continuing TECHMAP pass.
No more expansions possible.
<suppressed ~9 debug messages>

7.32. Executing TECHMAP pass (map to technology primitives).

7.32.1. Executing Verilog-2005 frontend: /workspace/arty-frame-studio/scratch/ci-tools/oss-cad-suite/lib/../share/yosys/xilinx/brams_xc6v_map.v
Parsing Verilog input from `/workspace/arty-frame-studio/scratch/ci-tools/oss-cad-suite/lib/../share/yosys/xilinx/brams_xc6v_map.v' to AST representation.
Generating RTLIL representation for module `$__XILINX_BLOCKRAM_TDP_'.
Generating RTLIL representation for module `$__XILINX_BLOCKRAM_SDP_'.
Successfully finished Verilog frontend.

7.32.2. Continuing TECHMAP pass.
No more expansions possible.
<suppressed ~4 debug messages>

7.33. Executing OPT pass (performing simple optimizations).

7.33.1. Executing OPT_EXPR pass (perform const folding).
Optimizing module arty_top.
<suppressed ~539 debug messages>

7.33.2. Executing OPT_MERGE pass (detect identical cells).
Finding identical cells in module `\arty_top'.
Computing hashes of 851 cells of `\arty_top'.
Finding duplicate cells in `\arty_top'.
Computing hashes of 836 cells of `\arty_top'.
Finding duplicate cells in `\arty_top'.
<suppressed ~45 debug messages>
Removed a total of 15 cells.

7.33.3. Executing OPT_DFF pass (perform DFF optimizations).
Adding EN signal on $auto$ff.cc:337:slice$5773 ($sdffe) from module arty_top (D = $flatten\controller.\engine.$procmux$3796_Y [0], Q = \controller.engine.ticks [0]).
Setting constant 0-bit at position 11 on $auto$ff.cc:337:slice$6255 ($sdffe) from module arty_top.
Setting constant 0-bit at position 12 on $auto$ff.cc:337:slice$6255 ($sdffe) from module arty_top.
Setting constant 0-bit at position 13 on $auto$ff.cc:337:slice$6255 ($sdffe) from module arty_top.
Setting constant 0-bit at position 14 on $auto$ff.cc:337:slice$6255 ($sdffe) from module arty_top.
Setting constant 0-bit at position 15 on $auto$ff.cc:337:slice$6255 ($sdffe) from module arty_top.
Setting constant 0-bit at position 16 on $auto$ff.cc:337:slice$6255 ($sdffe) from module arty_top.
Setting constant 0-bit at position 17 on $auto$ff.cc:337:slice$6255 ($sdffe) from module arty_top.
Setting constant 0-bit at position 18 on $auto$ff.cc:337:slice$6255 ($sdffe) from module arty_top.
Setting constant 0-bit at position 19 on $auto$ff.cc:337:slice$6255 ($sdffe) from module arty_top.
Setting constant 0-bit at position 20 on $auto$ff.cc:337:slice$6255 ($sdffe) from module arty_top.
Setting constant 0-bit at position 21 on $auto$ff.cc:337:slice$6255 ($sdffe) from module arty_top.
Setting constant 0-bit at position 22 on $auto$ff.cc:337:slice$6255 ($sdffe) from module arty_top.
Setting constant 0-bit at position 23 on $auto$ff.cc:337:slice$6255 ($sdffe) from module arty_top.
Setting constant 0-bit at position 24 on $auto$ff.cc:337:slice$6255 ($sdffe) from module arty_top.
Setting constant 0-bit at position 25 on $auto$ff.cc:337:slice$6255 ($sdffe) from module arty_top.
Setting constant 0-bit at position 26 on $auto$ff.cc:337:slice$6255 ($sdffe) from module arty_top.
Setting constant 0-bit at position 28 on $auto$ff.cc:337:slice$6255 ($sdffe) from module arty_top.
Setting constant 0-bit at position 29 on $auto$ff.cc:337:slice$6255 ($sdffe) from module arty_top.
Setting constant 0-bit at position 30 on $auto$ff.cc:337:slice$6255 ($sdffe) from module arty_top.
Setting constant 0-bit at position 31 on $auto$ff.cc:337:slice$6255 ($sdffe) from module arty_top.
Setting constant 0-bit at position 32 on $auto$ff.cc:337:slice$6255 ($sdffe) from module arty_top.
Setting constant 0-bit at position 33 on $auto$ff.cc:337:slice$6255 ($sdffe) from module arty_top.
Setting constant 0-bit at position 34 on $auto$ff.cc:337:slice$6255 ($sdffe) from module arty_top.
Setting constant 0-bit at position 35 on $auto$ff.cc:337:slice$6255 ($sdffe) from module arty_top.
Setting constant 0-bit at position 36 on $auto$ff.cc:337:slice$6255 ($sdffe) from module arty_top.
Setting constant 0-bit at position 37 on $auto$ff.cc:337:slice$6255 ($sdffe) from module arty_top.
Setting constant 0-bit at position 38 on $auto$ff.cc:337:slice$6255 ($sdffe) from module arty_top.
Setting constant 0-bit at position 39 on $auto$ff.cc:337:slice$6255 ($sdffe) from module arty_top.
Setting constant 0-bit at position 40 on $auto$ff.cc:337:slice$6255 ($sdffe) from module arty_top.
Setting constant 0-bit at position 41 on $auto$ff.cc:337:slice$6255 ($sdffe) from module arty_top.
Setting constant 0-bit at position 42 on $auto$ff.cc:337:slice$6255 ($sdffe) from module arty_top.
Setting constant 0-bit at position 43 on $auto$ff.cc:337:slice$6255 ($sdffe) from module arty_top.
Setting constant 0-bit at position 44 on $auto$ff.cc:337:slice$6255 ($sdffe) from module arty_top.
Setting constant 0-bit at position 45 on $auto$ff.cc:337:slice$6255 ($sdffe) from module arty_top.
Setting constant 0-bit at position 46 on $auto$ff.cc:337:slice$6255 ($sdffe) from module arty_top.
Setting constant 0-bit at position 47 on $auto$ff.cc:337:slice$6255 ($sdffe) from module arty_top.
Setting constant 0-bit at position 48 on $auto$ff.cc:337:slice$6255 ($sdffe) from module arty_top.
Setting constant 0-bit at position 49 on $auto$ff.cc:337:slice$6255 ($sdffe) from module arty_top.
Setting constant 0-bit at position 50 on $auto$ff.cc:337:slice$6255 ($sdffe) from module arty_top.
Setting constant 0-bit at position 51 on $auto$ff.cc:337:slice$6255 ($sdffe) from module arty_top.
Setting constant 0-bit at position 52 on $auto$ff.cc:337:slice$6255 ($sdffe) from module arty_top.
Setting constant 0-bit at position 53 on $auto$ff.cc:337:slice$6255 ($sdffe) from module arty_top.
Setting constant 0-bit at position 54 on $auto$ff.cc:337:slice$6255 ($sdffe) from module arty_top.
Setting constant 0-bit at position 55 on $auto$ff.cc:337:slice$6255 ($sdffe) from module arty_top.
Setting constant 0-bit at position 56 on $auto$ff.cc:337:slice$6255 ($sdffe) from module arty_top.
Setting constant 0-bit at position 57 on $auto$ff.cc:337:slice$6255 ($sdffe) from module arty_top.
Setting constant 0-bit at position 58 on $auto$ff.cc:337:slice$6255 ($sdffe) from module arty_top.
Setting constant 0-bit at position 59 on $auto$ff.cc:337:slice$6255 ($sdffe) from module arty_top.

7.33.4. Executing OPT_CLEAN pass (remove unused cells and wires).
Finding unused cells or wires in module \arty_top..
Removed 1 unused cells and 182 unused wires.
<suppressed ~2 debug messages>

7.33.5. Rerunning OPT passes. (Removed registers in this run.)

7.33.6. Executing OPT_EXPR pass (perform const folding).
Optimizing module arty_top.
<suppressed ~2 debug messages>

7.33.7. Executing OPT_MERGE pass (detect identical cells).
Finding identical cells in module `\arty_top'.
Computing hashes of 837 cells of `\arty_top'.
Finding duplicate cells in `\arty_top'.
Removed a total of 0 cells.

7.33.8. Executing OPT_DFF pass (perform DFF optimizations).

7.33.9. Executing OPT_CLEAN pass (remove unused cells and wires).
Finding unused cells or wires in module \arty_top..
Removed 0 unused cells and 1 unused wires.
<suppressed ~1 debug messages>

7.33.10. Finished fast OPT passes.

7.34. Executing MEMORY_MAP pass (converting memories to logic and flip-flops).
Mapping memory \controller.replies in module \arty_top:
  created 4 $dff cells and 0 static cells of width 48.
Extracted data FF from read port 0 of arty_top.controller.replies: $\controller.replies$rdreg[0]
  read interface: 1 $dff and 3 $mux cells.
  write interface: 4 write mux blocks.

7.35. Executing OPT pass (performing simple optimizations).

7.35.1. Executing OPT_EXPR pass (perform const folding).
Optimizing module arty_top.
<suppressed ~4 debug messages>

7.35.2. Executing OPT_MERGE pass (detect identical cells).
Finding identical cells in module `\arty_top'.
Computing hashes of 858 cells of `\arty_top'.
Finding duplicate cells in `\arty_top'.
Removed a total of 0 cells.

7.35.3. Executing OPT_MUXTREE pass (detect dead branches in mux trees).
Running muxtree optimizer on module \arty_top..
  Creating internal representation of mux trees.
  Evaluating internal representation of mux trees.
  Analyzing evaluation results.
Removed 0 multiplexer ports.
<suppressed ~229 debug messages>

7.35.4. Executing OPT_REDUCE pass (consolidate $*mux and $reduce_* inputs).
  Optimizing cells in module \arty_top.
    New input vector for $reduce_and cell $auto$opt_dff.cc:252:make_patterns_logic$8039: { $auto$rtlil.cc:3255:Not$5670 $auto$opt_dff.cc:234:make_patterns_logic$5774 $auto$opt_dff.cc:234:make_patterns_logic$8036 }
    Consolidated identical input bits for $mux cell $flatten\controller.$procmux$5299:
      Old ports: A={ 5'00000 \controller.captured_parser_status [2:0] }, B=8'00000010, Y=$flatten\controller.$4\next_static_status[7:0]
      New ports: A=\controller.captured_parser_status [2:0], B=3'010, Y=$flatten\controller.$4\next_static_status[7:0] [2:0]
      New connections: $flatten\controller.$4\next_static_status[7:0] [7:3] = 5'00000
    Consolidated identical input bits for $mux cell $flatten\controller.$procmux$5309:
      Old ports: A=8'00000010, B={ 5'00000 \controller.captured_parser_status [2:0] }, Y=$flatten\controller.$3\next_static_status[7:0]
      New ports: A=3'010, B=\controller.captured_parser_status [2:0], Y=$flatten\controller.$3\next_static_status[7:0] [2:0]
      New connections: $flatten\controller.$3\next_static_status[7:0] [7:3] = 5'00000
    Consolidated identical input bits for $mux cell $flatten\controller.$ternary$/workspace/arty-frame-studio/firmware/rtl/frame_controller.v:180$185:
      Old ports: A={ $auto$opt_expr.cc:206:group_cell_inputs$7996 [3:0] \controller.response_crc [7:0] 1'0 }, B={ $auto$opt_expr.cc:206:group_cell_inputs$7999 [1] $auto$opt_expr.cc:206:group_cell_inputs$7996 [2:0] \controller.response_crc [7:5] $auto$opt_expr.cc:206:group_cell_inputs$7999 [0] \controller.response_crc [3:0] 1'1 }, Y=$flatten\controller.$shl$/workspace/arty-frame-studio/firmware/rtl/frame_controller.v:180$144_Y [13:1]
      New ports: A={ $auto$opt_expr.cc:206:group_cell_inputs$7996 [3] \controller.response_crc [4] 1'0 }, B={ $auto$opt_expr.cc:206:group_cell_inputs$7999 1'1 }, Y={ $flatten\controller.$shl$/workspace/arty-frame-studio/firmware/rtl/frame_controller.v:180$144_Y [13] $flatten\controller.$shl$/workspace/arty-frame-studio/firmware/rtl/frame_controller.v:180$144_Y [6] $flatten\controller.$shl$/workspace/arty-frame-studio/firmware/rtl/frame_controller.v:180$144_Y [1] }
      New connections: { $flatten\controller.$shl$/workspace/arty-frame-studio/firmware/rtl/frame_controller.v:180$144_Y [12:7] $flatten\controller.$shl$/workspace/arty-frame-studio/firmware/rtl/frame_controller.v:180$144_Y [5:2] } = { $auto$opt_expr.cc:206:group_cell_inputs$7996 [2:0] \controller.response_crc [7:5] \controller.response_crc [3:0] }
    Consolidated identical input bits for $mux cell $flatten\controller.$ternary$/workspace/arty-frame-studio/firmware/rtl/frame_controller.v:180$189:
      Old ports: A={ $flatten\controller.$shl$/workspace/arty-frame-studio/firmware/rtl/frame_controller.v:180$144_Y [12:1] 1'0 }, B={ $auto$opt_expr.cc:206:group_cell_inputs$8003 [1] $flatten\controller.$shl$/workspace/arty-frame-studio/firmware/rtl/frame_controller.v:180$144_Y [11:6] $auto$opt_expr.cc:206:group_cell_inputs$8003 [0] $flatten\controller.$shl$/workspace/arty-frame-studio/firmware/rtl/frame_controller.v:180$144_Y [4:1] 1'1 }, Y=$flatten\controller.$shl$/workspace/arty-frame-studio/firmware/rtl/frame_controller.v:180$148_Y [13:1]
      New ports: A={ $flatten\controller.$shl$/workspace/arty-frame-studio/firmware/rtl/frame_controller.v:180$144_Y [12] $flatten\controller.$shl$/workspace/arty-frame-studio/firmware/rtl/frame_controller.v:180$144_Y [5] 1'0 }, B={ $auto$opt_expr.cc:206:group_cell_inputs$8003 1'1 }, Y={ $flatten\controller.$shl$/workspace/arty-frame-studio/firmware/rtl/frame_controller.v:180$148_Y [13] $flatten\controller.$shl$/workspace/arty-frame-studio/firmware/rtl/frame_controller.v:180$148_Y [6] $flatten\controller.$shl$/workspace/arty-frame-studio/firmware/rtl/frame_controller.v:180$148_Y [1] }
      New connections: { $flatten\controller.$shl$/workspace/arty-frame-studio/firmware/rtl/frame_controller.v:180$148_Y [12:7] $flatten\controller.$shl$/workspace/arty-frame-studio/firmware/rtl/frame_controller.v:180$148_Y [5:2] } = { $flatten\controller.$shl$/workspace/arty-frame-studio/firmware/rtl/frame_controller.v:180$144_Y [11:6] $flatten\controller.$shl$/workspace/arty-frame-studio/firmware/rtl/frame_controller.v:180$144_Y [4:1] }
    Consolidated identical input bits for $mux cell $flatten\controller.$ternary$/workspace/arty-frame-studio/firmware/rtl/frame_controller.v:180$193:
      Old ports: A={ $flatten\controller.$shl$/workspace/arty-frame-studio/firmware/rtl/frame_controller.v:180$148_Y [12:1] 1'0 }, B={ $auto$opt_expr.cc:206:group_cell_inputs$8007 [1] $flatten\controller.$shl$/workspace/arty-frame-studio/firmware/rtl/frame_controller.v:180$148_Y [11:6] $auto$opt_expr.cc:206:group_cell_inputs$8007 [0] $flatten\controller.$shl$/workspace/arty-frame-studio/firmware/rtl/frame_controller.v:180$148_Y [4:1] 1'1 }, Y=$flatten\controller.$shl$/workspace/arty-frame-studio/firmware/rtl/frame_controller.v:180$152_Y [13:1]
      New ports: A={ $flatten\controller.$shl$/workspace/arty-frame-studio/firmware/rtl/frame_controller.v:180$148_Y [12] $flatten\controller.$shl$/workspace/arty-frame-studio/firmware/rtl/frame_controller.v:180$148_Y [5] 1'0 }, B={ $auto$opt_expr.cc:206:group_cell_inputs$8007 1'1 }, Y={ $flatten\controller.$shl$/workspace/arty-frame-studio/firmware/rtl/frame_controller.v:180$152_Y [13] $flatten\controller.$shl$/workspace/arty-frame-studio/firmware/rtl/frame_controller.v:180$152_Y [6] $flatten\controller.$shl$/workspace/arty-frame-studio/firmware/rtl/frame_controller.v:180$152_Y [1] }
      New connections: { $flatten\controller.$shl$/workspace/arty-frame-studio/firmware/rtl/frame_controller.v:180$152_Y [12:7] $flatten\controller.$shl$/workspace/arty-frame-studio/firmware/rtl/frame_controller.v:180$152_Y [5:2] } = { $flatten\controller.$shl$/workspace/arty-frame-studio/firmware/rtl/frame_controller.v:180$148_Y [11:6] $flatten\controller.$shl$/workspace/arty-frame-studio/firmware/rtl/frame_controller.v:180$148_Y [4:1] }
    Consolidated identical input bits for $mux cell $flatten\controller.$ternary$/workspace/arty-frame-studio/firmware/rtl/frame_controller.v:180$197:
      Old ports: A={ $flatten\controller.$shl$/workspace/arty-frame-studio/firmware/rtl/frame_controller.v:180$152_Y [12:1] 1'0 }, B={ $auto$opt_expr.cc:206:group_cell_inputs$8011 [1] $flatten\controller.$shl$/workspace/arty-frame-studio/firmware/rtl/frame_controller.v:180$152_Y [11:6] $auto$opt_expr.cc:206:group_cell_inputs$8011 [0] $flatten\controller.$shl$/workspace/arty-frame-studio/firmware/rtl/frame_controller.v:180$152_Y [4:1] 1'1 }, Y=$flatten\controller.$shl$/workspace/arty-frame-studio/firmware/rtl/frame_controller.v:180$156_Y [13:1]
      New ports: A={ $flatten\controller.$shl$/workspace/arty-frame-studio/firmware/rtl/frame_controller.v:180$152_Y [12] $flatten\controller.$shl$/workspace/arty-frame-studio/firmware/rtl/frame_controller.v:180$152_Y [5] 1'0 }, B={ $auto$opt_expr.cc:206:group_cell_inputs$8011 1'1 }, Y={ $flatten\controller.$shl$/workspace/arty-frame-studio/firmware/rtl/frame_controller.v:180$156_Y [13] $flatten\controller.$shl$/workspace/arty-frame-studio/firmware/rtl/frame_controller.v:180$156_Y [6] $flatten\controller.$shl$/workspace/arty-frame-studio/firmware/rtl/frame_controller.v:180$156_Y [1] }
      New connections: { $flatten\controller.$shl$/workspace/arty-frame-studio/firmware/rtl/frame_controller.v:180$156_Y [12:7] $flatten\controller.$shl$/workspace/arty-frame-studio/firmware/rtl/frame_controller.v:180$156_Y [5:2] } = { $flatten\controller.$shl$/workspace/arty-frame-studio/firmware/rtl/frame_controller.v:180$152_Y [11:6] $flatten\controller.$shl$/workspace/arty-frame-studio/firmware/rtl/frame_controller.v:180$152_Y [4:1] }
    Consolidated identical input bits for $mux cell $flatten\controller.$ternary$/workspace/arty-frame-studio/firmware/rtl/frame_controller.v:180$201:
      Old ports: A={ $flatten\controller.$shl$/workspace/arty-frame-studio/firmware/rtl/frame_controller.v:180$156_Y [12:1] 1'0 }, B={ $auto$opt_expr.cc:206:group_cell_inputs$8015 [1] $flatten\controller.$shl$/workspace/arty-frame-studio/firmware/rtl/frame_controller.v:180$156_Y [11:6] $auto$opt_expr.cc:206:group_cell_inputs$8015 [0] $flatten\controller.$shl$/workspace/arty-frame-studio/firmware/rtl/frame_controller.v:180$156_Y [4:1] 1'1 }, Y=$flatten\controller.$shl$/workspace/arty-frame-studio/firmware/rtl/frame_controller.v:180$160_Y [13:1]
      New ports: A={ $flatten\controller.$shl$/workspace/arty-frame-studio/firmware/rtl/frame_controller.v:180$156_Y [12] $flatten\controller.$shl$/workspace/arty-frame-studio/firmware/rtl/frame_controller.v:180$156_Y [5] 1'0 }, B={ $auto$opt_expr.cc:206:group_cell_inputs$8015 1'1 }, Y={ $flatten\controller.$shl$/workspace/arty-frame-studio/firmware/rtl/frame_controller.v:180$160_Y [13] $flatten\controller.$shl$/workspace/arty-frame-studio/firmware/rtl/frame_controller.v:180$160_Y [6] $flatten\controller.$shl$/workspace/arty-frame-studio/firmware/rtl/frame_controller.v:180$160_Y [1] }
      New connections: { $flatten\controller.$shl$/workspace/arty-frame-studio/firmware/rtl/frame_controller.v:180$160_Y [12:7] $flatten\controller.$shl$/workspace/arty-frame-studio/firmware/rtl/frame_controller.v:180$160_Y [5:2] } = { $flatten\controller.$shl$/workspace/arty-frame-studio/firmware/rtl/frame_controller.v:180$156_Y [11:6] $flatten\controller.$shl$/workspace/arty-frame-studio/firmware/rtl/frame_controller.v:180$156_Y [4:1] }
    Consolidated identical input bits for $mux cell $flatten\controller.$ternary$/workspace/arty-frame-studio/firmware/rtl/frame_controller.v:180$205:
      Old ports: A={ $flatten\controller.$shl$/workspace/arty-frame-studio/firmware/rtl/frame_controller.v:180$160_Y [12:1] 1'0 }, B={ $auto$opt_expr.cc:206:group_cell_inputs$8019 [1] $flatten\controller.$shl$/workspace/arty-frame-studio/firmware/rtl/frame_controller.v:180$160_Y [11:6] $auto$opt_expr.cc:206:group_cell_inputs$8019 [0] $flatten\controller.$shl$/workspace/arty-frame-studio/firmware/rtl/frame_controller.v:180$160_Y [4:1] 1'1 }, Y=$flatten\controller.$shl$/workspace/arty-frame-studio/firmware/rtl/frame_controller.v:180$164_Y [13:1]
      New ports: A={ $flatten\controller.$shl$/workspace/arty-frame-studio/firmware/rtl/frame_controller.v:180$160_Y [12] $flatten\controller.$shl$/workspace/arty-frame-studio/firmware/rtl/frame_controller.v:180$160_Y [5] 1'0 }, B={ $auto$opt_expr.cc:206:group_cell_inputs$8019 1'1 }, Y={ $flatten\controller.$shl$/workspace/arty-frame-studio/firmware/rtl/frame_controller.v:180$164_Y [13] $flatten\controller.$shl$/workspace/arty-frame-studio/firmware/rtl/frame_controller.v:180$164_Y [6] $flatten\controller.$shl$/workspace/arty-frame-studio/firmware/rtl/frame_controller.v:180$164_Y [1] }
      New connections: { $flatten\controller.$shl$/workspace/arty-frame-studio/firmware/rtl/frame_controller.v:180$164_Y [12:7] $flatten\controller.$shl$/workspace/arty-frame-studio/firmware/rtl/frame_controller.v:180$164_Y [5:2] } = { $flatten\controller.$shl$/workspace/arty-frame-studio/firmware/rtl/frame_controller.v:180$160_Y [11:6] $flatten\controller.$shl$/workspace/arty-frame-studio/firmware/rtl/frame_controller.v:180$160_Y [4:1] }
    Consolidated identical input bits for $mux cell $flatten\controller.$ternary$/workspace/arty-frame-studio/firmware/rtl/frame_controller.v:180$209:
      Old ports: A={ $flatten\controller.$shl$/workspace/arty-frame-studio/firmware/rtl/frame_controller.v:180$164_Y [12:1] 1'0 }, B={ $auto$opt_expr.cc:206:group_cell_inputs$8023 [1] $flatten\controller.$shl$/workspace/arty-frame-studio/firmware/rtl/frame_controller.v:180$164_Y [11:6] $auto$opt_expr.cc:206:group_cell_inputs$8023 [0] $flatten\controller.$shl$/workspace/arty-frame-studio/firmware/rtl/frame_controller.v:180$164_Y [4:1] 1'1 }, Y=$flatten\controller.$shl$/workspace/arty-frame-studio/firmware/rtl/frame_controller.v:180$168_Y [13:1]
      New ports: A={ $flatten\controller.$shl$/workspace/arty-frame-studio/firmware/rtl/frame_controller.v:180$164_Y [12] $flatten\controller.$shl$/workspace/arty-frame-studio/firmware/rtl/frame_controller.v:180$164_Y [5] 1'0 }, B={ $auto$opt_expr.cc:206:group_cell_inputs$8023 1'1 }, Y={ $flatten\controller.$shl$/workspace/arty-frame-studio/firmware/rtl/frame_controller.v:180$168_Y [13] $flatten\controller.$shl$/workspace/arty-frame-studio/firmware/rtl/frame_controller.v:180$168_Y [6] $flatten\controller.$shl$/workspace/arty-frame-studio/firmware/rtl/frame_controller.v:180$168_Y [1] }
      New connections: { $flatten\controller.$shl$/workspace/arty-frame-studio/firmware/rtl/frame_controller.v:180$168_Y [12:7] $flatten\controller.$shl$/workspace/arty-frame-studio/firmware/rtl/frame_controller.v:180$168_Y [5:2] } = { $flatten\controller.$shl$/workspace/arty-frame-studio/firmware/rtl/frame_controller.v:180$164_Y [11:6] $flatten\controller.$shl$/workspace/arty-frame-studio/firmware/rtl/frame_controller.v:180$164_Y [4:1] }
    Consolidated identical input bits for $mux cell $flatten\controller.$ternary$/workspace/arty-frame-studio/firmware/rtl/frame_controller.v:180$213:
      Old ports: A={ $flatten\controller.$shl$/workspace/arty-frame-studio/firmware/rtl/frame_controller.v:180$168_Y [12:1] 1'0 }, B={ $auto$opt_expr.cc:206:group_cell_inputs$8027 [1] $flatten\controller.$shl$/workspace/arty-frame-studio/firmware/rtl/frame_controller.v:180$168_Y [11:6] $auto$opt_expr.cc:206:group_cell_inputs$8027 [0] $flatten\controller.$shl$/workspace/arty-frame-studio/firmware/rtl/frame_controller.v:180$168_Y [4:1] 1'1 }, Y=$flatten\controller.$ternary$/workspace/arty-frame-studio/firmware/rtl/frame_controller.v:180$171_Y [12:0]
      New ports: A={ $flatten\controller.$shl$/workspace/arty-frame-studio/firmware/rtl/frame_controller.v:180$168_Y [12] $flatten\controller.$shl$/workspace/arty-frame-studio/firmware/rtl/frame_controller.v:180$168_Y [5] 1'0 }, B={ $auto$opt_expr.cc:206:group_cell_inputs$8027 1'1 }, Y={ $flatten\controller.$ternary$/workspace/arty-frame-studio/firmware/rtl/frame_controller.v:180$171_Y [12] $flatten\controller.$ternary$/workspace/arty-frame-studio/firmware/rtl/frame_controller.v:180$171_Y [5] $flatten\controller.$ternary$/workspace/arty-frame-studio/firmware/rtl/frame_controller.v:180$171_Y [0] }
      New connections: { $flatten\controller.$ternary$/workspace/arty-frame-studio/firmware/rtl/frame_controller.v:180$171_Y [11:6] $flatten\controller.$ternary$/workspace/arty-frame-studio/firmware/rtl/frame_controller.v:180$171_Y [4:1] } = { $flatten\controller.$shl$/workspace/arty-frame-studio/firmware/rtl/frame_controller.v:180$168_Y [11:6] $flatten\controller.$shl$/workspace/arty-frame-studio/firmware/rtl/frame_controller.v:180$168_Y [4:1] }
    Consolidated identical input bits for $mux cell $flatten\controller.\parser.$procmux$3464:
      Old ports: A=4'0000, B=4'0010, Y=$flatten\controller.\parser.$procmux$3464_Y
      New ports: A=1'0, B=1'1, Y=$flatten\controller.\parser.$procmux$3464_Y [1]
      New connections: { $flatten\controller.\parser.$procmux$3464_Y [3:2] $flatten\controller.\parser.$procmux$3464_Y [0] } = 3'000
    Consolidated identical input bits for $mux cell $flatten\controller.\parser.$ternary$/workspace/arty-frame-studio/firmware/rtl/packet_rx.v:111$2371:
      Old ports: A=2'00, B=2'10, Y=$auto$wreduce.cc:514:run$6257 [1:0]
      New ports: A=1'0, B=1'1, Y=$auto$wreduce.cc:514:run$6257 [1]
      New connections: $auto$wreduce.cc:514:run$6257 [0] = 1'0
    Consolidated identical input bits for $mux cell $flatten\controller.\parser.$ternary$/workspace/arty-frame-studio/firmware/rtl/packet_rx.v:33$2170:
      Old ports: A={ $auto$opt_expr.cc:206:group_cell_inputs$7925 [3:0] 9'111111110 }, B={ $auto$opt_expr.cc:206:group_cell_inputs$7929 [1] $auto$opt_expr.cc:206:group_cell_inputs$7925 [2:0] 9'111011111 }, Y=$flatten\controller.\parser.$shl$/workspace/arty-frame-studio/firmware/rtl/packet_rx.v:33$2171_Y [13:1]
      New ports: A={ $auto$opt_expr.cc:206:group_cell_inputs$7925 [3] 2'10 }, B={ $auto$opt_expr.cc:206:group_cell_inputs$7929 [1] 2'01 }, Y={ $flatten\controller.\parser.$shl$/workspace/arty-frame-studio/firmware/rtl/packet_rx.v:33$2171_Y [13] $flatten\controller.\parser.$shl$/workspace/arty-frame-studio/firmware/rtl/packet_rx.v:33$2171_Y [6] $flatten\controller.\parser.$shl$/workspace/arty-frame-studio/firmware/rtl/packet_rx.v:33$2171_Y [1] }
      New connections: { $flatten\controller.\parser.$shl$/workspace/arty-frame-studio/firmware/rtl/packet_rx.v:33$2171_Y [12:7] $flatten\controller.\parser.$shl$/workspace/arty-frame-studio/firmware/rtl/packet_rx.v:33$2171_Y [5:2] } = { $auto$opt_expr.cc:206:group_cell_inputs$7925 [2:0] 7'1111111 }
    Consolidated identical input bits for $mux cell $flatten\controller.\parser.$ternary$/workspace/arty-frame-studio/firmware/rtl/packet_rx.v:33$2174:
      Old ports: A={ $flatten\controller.\parser.$shl$/workspace/arty-frame-studio/firmware/rtl/packet_rx.v:33$2171_Y [12:1] 1'0 }, B={ $auto$opt_expr.cc:206:group_cell_inputs$7933 [1] $flatten\controller.\parser.$shl$/workspace/arty-frame-studio/firmware/rtl/packet_rx.v:33$2171_Y [11:6] $auto$opt_expr.cc:206:group_cell_inputs$7933 [0] $flatten\controller.\parser.$shl$/workspace/arty-frame-studio/firmware/rtl/packet_rx.v:33$2171_Y [4:1] 1'1 }, Y=$flatten\controller.\parser.$shl$/workspace/arty-frame-studio/firmware/rtl/packet_rx.v:33$2175_Y [13:1]
      New ports: A={ $flatten\controller.\parser.$shl$/workspace/arty-frame-studio/firmware/rtl/packet_rx.v:33$2171_Y [12] $flatten\controller.\parser.$shl$/workspace/arty-frame-studio/firmware/rtl/packet_rx.v:33$2171_Y [5] 1'0 }, B={ $auto$opt_expr.cc:206:group_cell_inputs$7933 1'1 }, Y={ $flatten\controller.\parser.$shl$/workspace/arty-frame-studio/firmware/rtl/packet_rx.v:33$2175_Y [13] $flatten\controller.\parser.$shl$/workspace/arty-frame-studio/firmware/rtl/packet_rx.v:33$2175_Y [6] $flatten\controller.\parser.$shl$/workspace/arty-frame-studio/firmware/rtl/packet_rx.v:33$2175_Y [1] }
      New connections: { $flatten\controller.\parser.$shl$/workspace/arty-frame-studio/firmware/rtl/packet_rx.v:33$2175_Y [12:7] $flatten\controller.\parser.$shl$/workspace/arty-frame-studio/firmware/rtl/packet_rx.v:33$2175_Y [5:2] } = { $flatten\controller.\parser.$shl$/workspace/arty-frame-studio/firmware/rtl/packet_rx.v:33$2171_Y [11:6] $flatten\controller.\parser.$shl$/workspace/arty-frame-studio/firmware/rtl/packet_rx.v:33$2171_Y [4:1] }
    Consolidated identical input bits for $mux cell $flatten\controller.\parser.$ternary$/workspace/arty-frame-studio/firmware/rtl/packet_rx.v:33$2178:
      Old ports: A={ $flatten\controller.\parser.$shl$/workspace/arty-frame-studio/firmware/rtl/packet_rx.v:33$2175_Y [12:1] 1'0 }, B={ $auto$opt_expr.cc:206:group_cell_inputs$7937 [1] $flatten\controller.\parser.$shl$/workspace/arty-frame-studio/firmware/rtl/packet_rx.v:33$2175_Y [11:6] $auto$opt_expr.cc:206:group_cell_inputs$7937 [0] $flatten\controller.\parser.$shl$/workspace/arty-frame-studio/firmware/rtl/packet_rx.v:33$2175_Y [4:1] 1'1 }, Y=$flatten\controller.\parser.$shl$/workspace/arty-frame-studio/firmware/rtl/packet_rx.v:33$2179_Y [13:1]
      New ports: A={ $flatten\controller.\parser.$shl$/workspace/arty-frame-studio/firmware/rtl/packet_rx.v:33$2175_Y [12] $flatten\controller.\parser.$shl$/workspace/arty-frame-studio/firmware/rtl/packet_rx.v:33$2175_Y [5] 1'0 }, B={ $auto$opt_expr.cc:206:group_cell_inputs$7937 1'1 }, Y={ $flatten\controller.\parser.$shl$/workspace/arty-frame-studio/firmware/rtl/packet_rx.v:33$2179_Y [13] $flatten\controller.\parser.$shl$/workspace/arty-frame-studio/firmware/rtl/packet_rx.v:33$2179_Y [6] $flatten\controller.\parser.$shl$/workspace/arty-frame-studio/firmware/rtl/packet_rx.v:33$2179_Y [1] }
      New connections: { $flatten\controller.\parser.$shl$/workspace/arty-frame-studio/firmware/rtl/packet_rx.v:33$2179_Y [12:7] $flatten\controller.\parser.$shl$/workspace/arty-frame-studio/firmware/rtl/packet_rx.v:33$2179_Y [5:2] } = { $flatten\controller.\parser.$shl$/workspace/arty-frame-studio/firmware/rtl/packet_rx.v:33$2175_Y [11:6] $flatten\controller.\parser.$shl$/workspace/arty-frame-studio/firmware/rtl/packet_rx.v:33$2175_Y [4:1] }
    Consolidated identical input bits for $mux cell $flatten\controller.\parser.$ternary$/workspace/arty-frame-studio/firmware/rtl/packet_rx.v:33$2182:
      Old ports: A={ $flatten\controller.\parser.$shl$/workspace/arty-frame-studio/firmware/rtl/packet_rx.v:33$2179_Y [12:1] 1'0 }, B={ $auto$opt_expr.cc:206:group_cell_inputs$7941 [1] $flatten\controller.\parser.$shl$/workspace/arty-frame-studio/firmware/rtl/packet_rx.v:33$2179_Y [11:6] $auto$opt_expr.cc:206:group_cell_inputs$7941 [0] $flatten\controller.\parser.$shl$/workspace/arty-frame-studio/firmware/rtl/packet_rx.v:33$2179_Y [4:1] 1'1 }, Y=$flatten\controller.\parser.$shl$/workspace/arty-frame-studio/firmware/rtl/packet_rx.v:33$2183_Y [13:1]
      New ports: A={ $flatten\controller.\parser.$shl$/workspace/arty-frame-studio/firmware/rtl/packet_rx.v:33$2179_Y [12] $flatten\controller.\parser.$shl$/workspace/arty-frame-studio/firmware/rtl/packet_rx.v:33$2179_Y [5] 1'0 }, B={ $auto$opt_expr.cc:206:group_cell_inputs$7941 1'1 }, Y={ $flatten\controller.\parser.$shl$/workspace/arty-frame-studio/firmware/rtl/packet_rx.v:33$2183_Y [13] $flatten\controller.\parser.$shl$/workspace/arty-frame-studio/firmware/rtl/packet_rx.v:33$2183_Y [6] $flatten\controller.\parser.$shl$/workspace/arty-frame-studio/firmware/rtl/packet_rx.v:33$2183_Y [1] }
      New connections: { $flatten\controller.\parser.$shl$/workspace/arty-frame-studio/firmware/rtl/packet_rx.v:33$2183_Y [12:7] $flatten\controller.\parser.$shl$/workspace/arty-frame-studio/firmware/rtl/packet_rx.v:33$2183_Y [5:2] } = { $flatten\controller.\parser.$shl$/workspace/arty-frame-studio/firmware/rtl/packet_rx.v:33$2179_Y [11:6] $flatten\controller.\parser.$shl$/workspace/arty-frame-studio/firmware/rtl/packet_rx.v:33$2179_Y [4:1] }
    Consolidated identical input bits for $mux cell $flatten\controller.\parser.$ternary$/workspace/arty-frame-studio/firmware/rtl/packet_rx.v:33$2186:
      Old ports: A={ $flatten\controller.\parser.$shl$/workspace/arty-frame-studio/firmware/rtl/packet_rx.v:33$2183_Y [12:1] 1'0 }, B={ $auto$opt_expr.cc:206:group_cell_inputs$7945 [1] $flatten\controller.\parser.$shl$/workspace/arty-frame-studio/firmware/rtl/packet_rx.v:33$2183_Y [11:6] $auto$opt_expr.cc:206:group_cell_inputs$7945 [0] $flatten\controller.\parser.$shl$/workspace/arty-frame-studio/firmware/rtl/packet_rx.v:33$2183_Y [4:1] 1'1 }, Y=$flatten\controller.\parser.$shl$/workspace/arty-frame-studio/firmware/rtl/packet_rx.v:33$2187_Y [13:1]
      New ports: A={ $flatten\controller.\parser.$shl$/workspace/arty-frame-studio/firmware/rtl/packet_rx.v:33$2183_Y [12] $flatten\controller.\parser.$shl$/workspace/arty-frame-studio/firmware/rtl/packet_rx.v:33$2183_Y [5] 1'0 }, B={ $auto$opt_expr.cc:206:group_cell_inputs$7945 1'1 }, Y={ $flatten\controller.\parser.$shl$/workspace/arty-frame-studio/firmware/rtl/packet_rx.v:33$2187_Y [13] $flatten\controller.\parser.$shl$/workspace/arty-frame-studio/firmware/rtl/packet_rx.v:33$2187_Y [6] $flatten\controller.\parser.$shl$/workspace/arty-frame-studio/firmware/rtl/packet_rx.v:33$2187_Y [1] }
      New connections: { $flatten\controller.\parser.$shl$/workspace/arty-frame-studio/firmware/rtl/packet_rx.v:33$2187_Y [12:7] $flatten\controller.\parser.$shl$/workspace/arty-frame-studio/firmware/rtl/packet_rx.v:33$2187_Y [5:2] } = { $flatten\controller.\parser.$shl$/workspace/arty-frame-studio/firmware/rtl/packet_rx.v:33$2183_Y [11:6] $flatten\controller.\parser.$shl$/workspace/arty-frame-studio/firmware/rtl/packet_rx.v:33$2183_Y [4:1] }
    Consolidated identical input bits for $mux cell $flatten\controller.\parser.$ternary$/workspace/arty-frame-studio/firmware/rtl/packet_rx.v:33$2190:
      Old ports: A={ $flatten\controller.\parser.$shl$/workspace/arty-frame-studio/firmware/rtl/packet_rx.v:33$2187_Y [12:1] 1'0 }, B={ $auto$opt_expr.cc:206:group_cell_inputs$7949 [1] $flatten\controller.\parser.$shl$/workspace/arty-frame-studio/firmware/rtl/packet_rx.v:33$2187_Y [11:6] $auto$opt_expr.cc:206:group_cell_inputs$7949 [0] $flatten\controller.\parser.$shl$/workspace/arty-frame-studio/firmware/rtl/packet_rx.v:33$2187_Y [4:1] 1'1 }, Y=$flatten\controller.\parser.$shl$/workspace/arty-frame-studio/firmware/rtl/packet_rx.v:33$2191_Y [13:1]
      New ports: A={ $flatten\controller.\parser.$shl$/workspace/arty-frame-studio/firmware/rtl/packet_rx.v:33$2187_Y [12] $flatten\controller.\parser.$shl$/workspace/arty-frame-studio/firmware/rtl/packet_rx.v:33$2187_Y [5] 1'0 }, B={ $auto$opt_expr.cc:206:group_cell_inputs$7949 1'1 }, Y={ $flatten\controller.\parser.$shl$/workspace/arty-frame-studio/firmware/rtl/packet_rx.v:33$2191_Y [13] $flatten\controller.\parser.$shl$/workspace/arty-frame-studio/firmware/rtl/packet_rx.v:33$2191_Y [6] $flatten\controller.\parser.$shl$/workspace/arty-frame-studio/firmware/rtl/packet_rx.v:33$2191_Y [1] }
      New connections: { $flatten\controller.\parser.$shl$/workspace/arty-frame-studio/firmware/rtl/packet_rx.v:33$2191_Y [12:7] $flatten\controller.\parser.$shl$/workspace/arty-frame-studio/firmware/rtl/packet_rx.v:33$2191_Y [5:2] } = { $flatten\controller.\parser.$shl$/workspace/arty-frame-studio/firmware/rtl/packet_rx.v:33$2187_Y [11:6] $flatten\controller.\parser.$shl$/workspace/arty-frame-studio/firmware/rtl/packet_rx.v:33$2187_Y [4:1] }
    Consolidated identical input bits for $mux cell $flatten\controller.\parser.$ternary$/workspace/arty-frame-studio/firmware/rtl/packet_rx.v:33$2194:
      Old ports: A={ $flatten\controller.\parser.$shl$/workspace/arty-frame-studio/firmware/rtl/packet_rx.v:33$2191_Y [12:1] 1'0 }, B={ $auto$opt_expr.cc:206:group_cell_inputs$7953 [1] $flatten\controller.\parser.$shl$/workspace/arty-frame-studio/firmware/rtl/packet_rx.v:33$2191_Y [11:6] $auto$opt_expr.cc:206:group_cell_inputs$7953 [0] $flatten\controller.\parser.$shl$/workspace/arty-frame-studio/firmware/rtl/packet_rx.v:33$2191_Y [4:1] 1'1 }, Y=$flatten\controller.\parser.$shl$/workspace/arty-frame-studio/firmware/rtl/packet_rx.v:33$2195_Y [13:1]
      New ports: A={ $flatten\controller.\parser.$shl$/workspace/arty-frame-studio/firmware/rtl/packet_rx.v:33$2191_Y [12] $flatten\controller.\parser.$shl$/workspace/arty-frame-studio/firmware/rtl/packet_rx.v:33$2191_Y [5] 1'0 }, B={ $auto$opt_expr.cc:206:group_cell_inputs$7953 1'1 }, Y={ $flatten\controller.\parser.$shl$/workspace/arty-frame-studio/firmware/rtl/packet_rx.v:33$2195_Y [13] $flatten\controller.\parser.$shl$/workspace/arty-frame-studio/firmware/rtl/packet_rx.v:33$2195_Y [6] $flatten\controller.\parser.$shl$/workspace/arty-frame-studio/firmware/rtl/packet_rx.v:33$2195_Y [1] }
      New connections: { $flatten\controller.\parser.$shl$/workspace/arty-frame-studio/firmware/rtl/packet_rx.v:33$2195_Y [12:7] $flatten\controller.\parser.$shl$/workspace/arty-frame-studio/firmware/rtl/packet_rx.v:33$2195_Y [5:2] } = { $flatten\controller.\parser.$shl$/workspace/arty-frame-studio/firmware/rtl/packet_rx.v:33$2191_Y [11:6] $flatten\controller.\parser.$shl$/workspace/arty-frame-studio/firmware/rtl/packet_rx.v:33$2191_Y [4:1] }
    Consolidated identical input bits for $mux cell $flatten\controller.\parser.$ternary$/workspace/arty-frame-studio/firmware/rtl/packet_rx.v:33$2198:
      Old ports: A={ $flatten\controller.\parser.$shl$/workspace/arty-frame-studio/firmware/rtl/packet_rx.v:33$2195_Y [12:1] 1'0 }, B={ $auto$opt_expr.cc:206:group_cell_inputs$7957 [1] $flatten\controller.\parser.$shl$/workspace/arty-frame-studio/firmware/rtl/packet_rx.v:33$2195_Y [11:6] $auto$opt_expr.cc:206:group_cell_inputs$7957 [0] $flatten\controller.\parser.$shl$/workspace/arty-frame-studio/firmware/rtl/packet_rx.v:33$2195_Y [4:1] 1'1 }, Y=$flatten\controller.\parser.$ternary$/workspace/arty-frame-studio/firmware/rtl/packet_rx.v:33$2198_Y [12:0]
      New ports: A={ $flatten\controller.\parser.$shl$/workspace/arty-frame-studio/firmware/rtl/packet_rx.v:33$2195_Y [12] $flatten\controller.\parser.$shl$/workspace/arty-frame-studio/firmware/rtl/packet_rx.v:33$2195_Y [5] 1'0 }, B={ $auto$opt_expr.cc:206:group_cell_inputs$7957 1'1 }, Y={ $flatten\controller.\parser.$ternary$/workspace/arty-frame-studio/firmware/rtl/packet_rx.v:33$2198_Y [12] $flatten\controller.\parser.$ternary$/workspace/arty-frame-studio/firmware/rtl/packet_rx.v:33$2198_Y [5] $flatten\controller.\parser.$ternary$/workspace/arty-frame-studio/firmware/rtl/packet_rx.v:33$2198_Y [0] }
      New connections: { $flatten\controller.\parser.$ternary$/workspace/arty-frame-studio/firmware/rtl/packet_rx.v:33$2198_Y [11:6] $flatten\controller.\parser.$ternary$/workspace/arty-frame-studio/firmware/rtl/packet_rx.v:33$2198_Y [4:1] } = { $flatten\controller.\parser.$shl$/workspace/arty-frame-studio/firmware/rtl/packet_rx.v:33$2195_Y [11:6] $flatten\controller.\parser.$shl$/workspace/arty-frame-studio/firmware/rtl/packet_rx.v:33$2195_Y [4:1] }
    Consolidated identical input bits for $mux cell $flatten\controller.\parser.$ternary$/workspace/arty-frame-studio/firmware/rtl/packet_rx.v:33$2337:
      Old ports: A={ $auto$opt_expr.cc:206:group_cell_inputs$7961 [3:0] \controller.parser.crc [7:0] 1'0 }, B={ $auto$opt_expr.cc:206:group_cell_inputs$7964 [1] $auto$opt_expr.cc:206:group_cell_inputs$7961 [2:0] \controller.parser.crc [7:5] $auto$opt_expr.cc:206:group_cell_inputs$7964 [0] \controller.parser.crc [3:0] 1'1 }, Y=$flatten\controller.\parser.$shl$/workspace/arty-frame-studio/firmware/rtl/packet_rx.v:33$2204_Y [13:1]
      New ports: A={ $auto$opt_expr.cc:206:group_cell_inputs$7961 [3] \controller.parser.crc [4] 1'0 }, B={ $auto$opt_expr.cc:206:group_cell_inputs$7964 1'1 }, Y={ $flatten\controller.\parser.$shl$/workspace/arty-frame-studio/firmware/rtl/packet_rx.v:33$2204_Y [13] $flatten\controller.\parser.$shl$/workspace/arty-frame-studio/firmware/rtl/packet_rx.v:33$2204_Y [6] $flatten\controller.\parser.$shl$/workspace/arty-frame-studio/firmware/rtl/packet_rx.v:33$2204_Y [1] }
      New connections: { $flatten\controller.\parser.$shl$/workspace/arty-frame-studio/firmware/rtl/packet_rx.v:33$2204_Y [12:7] $flatten\controller.\parser.$shl$/workspace/arty-frame-studio/firmware/rtl/packet_rx.v:33$2204_Y [5:2] } = { $auto$opt_expr.cc:206:group_cell_inputs$7961 [2:0] \controller.parser.crc [7:5] \controller.parser.crc [3:0] }
    Consolidated identical input bits for $mux cell $flatten\controller.\parser.$ternary$/workspace/arty-frame-studio/firmware/rtl/packet_rx.v:33$2341:
      Old ports: A={ $flatten\controller.\parser.$shl$/workspace/arty-frame-studio/firmware/rtl/packet_rx.v:33$2204_Y [12:1] 1'0 }, B={ $auto$opt_expr.cc:206:group_cell_inputs$7968 [1] $flatten\controller.\parser.$shl$/workspace/arty-frame-studio/firmware/rtl/packet_rx.v:33$2204_Y [11:6] $auto$opt_expr.cc:206:group_cell_inputs$7968 [0] $flatten\controller.\parser.$shl$/workspace/arty-frame-studio/firmware/rtl/packet_rx.v:33$2204_Y [4:1] 1'1 }, Y=$flatten\controller.\parser.$shl$/workspace/arty-frame-studio/firmware/rtl/packet_rx.v:33$2208_Y [13:1]
      New ports: A={ $flatten\controller.\parser.$shl$/workspace/arty-frame-studio/firmware/rtl/packet_rx.v:33$2204_Y [12] $flatten\controller.\parser.$shl$/workspace/arty-frame-studio/firmware/rtl/packet_rx.v:33$2204_Y [5] 1'0 }, B={ $auto$opt_expr.cc:206:group_cell_inputs$7968 1'1 }, Y={ $flatten\controller.\parser.$shl$/workspace/arty-frame-studio/firmware/rtl/packet_rx.v:33$2208_Y [13] $flatten\controller.\parser.$shl$/workspace/arty-frame-studio/firmware/rtl/packet_rx.v:33$2208_Y [6] $flatten\controller.\parser.$shl$/workspace/arty-frame-studio/firmware/rtl/packet_rx.v:33$2208_Y [1] }
      New connections: { $flatten\controller.\parser.$shl$/workspace/arty-frame-studio/firmware/rtl/packet_rx.v:33$2208_Y [12:7] $flatten\controller.\parser.$shl$/workspace/arty-frame-studio/firmware/rtl/packet_rx.v:33$2208_Y [5:2] } = { $flatten\controller.\parser.$shl$/workspace/arty-frame-studio/firmware/rtl/packet_rx.v:33$2204_Y [11:6] $flatten\controller.\parser.$shl$/workspace/arty-frame-studio/firmware/rtl/packet_rx.v:33$2204_Y [4:1] }
    Consolidated identical input bits for $mux cell $flatten\controller.\parser.$ternary$/workspace/arty-frame-studio/firmware/rtl/packet_rx.v:33$2345:
      Old ports: A={ $flatten\controller.\parser.$shl$/workspace/arty-frame-studio/firmware/rtl/packet_rx.v:33$2208_Y [12:1] 1'0 }, B={ $auto$opt_expr.cc:206:group_cell_inputs$7972 [1] $flatten\controller.\parser.$shl$/workspace/arty-frame-studio/firmware/rtl/packet_rx.v:33$2208_Y [11:6] $auto$opt_expr.cc:206:group_cell_inputs$7972 [0] $flatten\controller.\parser.$shl$/workspace/arty-frame-studio/firmware/rtl/packet_rx.v:33$2208_Y [4:1] 1'1 }, Y=$flatten\controller.\parser.$shl$/workspace/arty-frame-studio/firmware/rtl/packet_rx.v:33$2212_Y [13:1]
      New ports: A={ $flatten\controller.\parser.$shl$/workspace/arty-frame-studio/firmware/rtl/packet_rx.v:33$2208_Y [12] $flatten\controller.\parser.$shl$/workspace/arty-frame-studio/firmware/rtl/packet_rx.v:33$2208_Y [5] 1'0 }, B={ $auto$opt_expr.cc:206:group_cell_inputs$7972 1'1 }, Y={ $flatten\controller.\parser.$shl$/workspace/arty-frame-studio/firmware/rtl/packet_rx.v:33$2212_Y [13] $flatten\controller.\parser.$shl$/workspace/arty-frame-studio/firmware/rtl/packet_rx.v:33$2212_Y [6] $flatten\controller.\parser.$shl$/workspace/arty-frame-studio/firmware/rtl/packet_rx.v:33$2212_Y [1] }
      New connections: { $flatten\controller.\parser.$shl$/workspace/arty-frame-studio/firmware/rtl/packet_rx.v:33$2212_Y [12:7] $flatten\controller.\parser.$shl$/workspace/arty-frame-studio/firmware/rtl/packet_rx.v:33$2212_Y [5:2] } = { $flatten\controller.\parser.$shl$/workspace/arty-frame-studio/firmware/rtl/packet_rx.v:33$2208_Y [11:6] $flatten\controller.\parser.$shl$/workspace/arty-frame-studio/firmware/rtl/packet_rx.v:33$2208_Y [4:1] }
    Consolidated identical input bits for $mux cell $flatten\controller.\parser.$ternary$/workspace/arty-frame-studio/firmware/rtl/packet_rx.v:33$2349:
      Old ports: A={ $flatten\controller.\parser.$shl$/workspace/arty-frame-studio/firmware/rtl/packet_rx.v:33$2212_Y [12:1] 1'0 }, B={ $auto$opt_expr.cc:206:group_cell_inputs$7976 [1] $flatten\controller.\parser.$shl$/workspace/arty-frame-studio/firmware/rtl/packet_rx.v:33$2212_Y [11:6] $auto$opt_expr.cc:206:group_cell_inputs$7976 [0] $flatten\controller.\parser.$shl$/workspace/arty-frame-studio/firmware/rtl/packet_rx.v:33$2212_Y [4:1] 1'1 }, Y=$flatten\controller.\parser.$shl$/workspace/arty-frame-studio/firmware/rtl/packet_rx.v:33$2216_Y [13:1]
      New ports: A={ $flatten\controller.\parser.$shl$/workspace/arty-frame-studio/firmware/rtl/packet_rx.v:33$2212_Y [12] $flatten\controller.\parser.$shl$/workspace/arty-frame-studio/firmware/rtl/packet_rx.v:33$2212_Y [5] 1'0 }, B={ $auto$opt_expr.cc:206:group_cell_inputs$7976 1'1 }, Y={ $flatten\controller.\parser.$shl$/workspace/arty-frame-studio/firmware/rtl/packet_rx.v:33$2216_Y [13] $flatten\controller.\parser.$shl$/workspace/arty-frame-studio/firmware/rtl/packet_rx.v:33$2216_Y [6] $flatten\controller.\parser.$shl$/workspace/arty-frame-studio/firmware/rtl/packet_rx.v:33$2216_Y [1] }
      New connections: { $flatten\controller.\parser.$shl$/workspace/arty-frame-studio/firmware/rtl/packet_rx.v:33$2216_Y [12:7] $flatten\controller.\parser.$shl$/workspace/arty-frame-studio/firmware/rtl/packet_rx.v:33$2216_Y [5:2] } = { $flatten\controller.\parser.$shl$/workspace/arty-frame-studio/firmware/rtl/packet_rx.v:33$2212_Y [11:6] $flatten\controller.\parser.$shl$/workspace/arty-frame-studio/firmware/rtl/packet_rx.v:33$2212_Y [4:1] }
    Consolidated identical input bits for $mux cell $flatten\controller.\parser.$ternary$/workspace/arty-frame-studio/firmware/rtl/packet_rx.v:33$2353:
      Old ports: A={ $flatten\controller.\parser.$shl$/workspace/arty-frame-studio/firmware/rtl/packet_rx.v:33$2216_Y [12:1] 1'0 }, B={ $auto$opt_expr.cc:206:group_cell_inputs$7980 [1] $flatten\controller.\parser.$shl$/workspace/arty-frame-studio/firmware/rtl/packet_rx.v:33$2216_Y [11:6] $auto$opt_expr.cc:206:group_cell_inputs$7980 [0] $flatten\controller.\parser.$shl$/workspace/arty-frame-studio/firmware/rtl/packet_rx.v:33$2216_Y [4:1] 1'1 }, Y=$flatten\controller.\parser.$shl$/workspace/arty-frame-studio/firmware/rtl/packet_rx.v:33$2220_Y [13:1]
      New ports: A={ $flatten\controller.\parser.$shl$/workspace/arty-frame-studio/firmware/rtl/packet_rx.v:33$2216_Y [12] $flatten\controller.\parser.$shl$/workspace/arty-frame-studio/firmware/rtl/packet_rx.v:33$2216_Y [5] 1'0 }, B={ $auto$opt_expr.cc:206:group_cell_inputs$7980 1'1 }, Y={ $flatten\controller.\parser.$shl$/workspace/arty-frame-studio/firmware/rtl/packet_rx.v:33$2220_Y [13] $flatten\controller.\parser.$shl$/workspace/arty-frame-studio/firmware/rtl/packet_rx.v:33$2220_Y [6] $flatten\controller.\parser.$shl$/workspace/arty-frame-studio/firmware/rtl/packet_rx.v:33$2220_Y [1] }
      New connections: { $flatten\controller.\parser.$shl$/workspace/arty-frame-studio/firmware/rtl/packet_rx.v:33$2220_Y [12:7] $flatten\controller.\parser.$shl$/workspace/arty-frame-studio/firmware/rtl/packet_rx.v:33$2220_Y [5:2] } = { $flatten\controller.\parser.$shl$/workspace/arty-frame-studio/firmware/rtl/packet_rx.v:33$2216_Y [11:6] $flatten\controller.\parser.$shl$/workspace/arty-frame-studio/firmware/rtl/packet_rx.v:33$2216_Y [4:1] }
    Consolidated identical input bits for $mux cell $flatten\controller.\parser.$ternary$/workspace/arty-frame-studio/firmware/rtl/packet_rx.v:33$2357:
      Old ports: A={ $flatten\controller.\parser.$shl$/workspace/arty-frame-studio/firmware/rtl/packet_rx.v:33$2220_Y [12:1] 1'0 }, B={ $auto$opt_expr.cc:206:group_cell_inputs$7984 [1] $flatten\controller.\parser.$shl$/workspace/arty-frame-studio/firmware/rtl/packet_rx.v:33$2220_Y [11:6] $auto$opt_expr.cc:206:group_cell_inputs$7984 [0] $flatten\controller.\parser.$shl$/workspace/arty-frame-studio/firmware/rtl/packet_rx.v:33$2220_Y [4:1] 1'1 }, Y=$flatten\controller.\parser.$shl$/workspace/arty-frame-studio/firmware/rtl/packet_rx.v:33$2224_Y [13:1]
      New ports: A={ $flatten\controller.\parser.$shl$/workspace/arty-frame-studio/firmware/rtl/packet_rx.v:33$2220_Y [12] $flatten\controller.\parser.$shl$/workspace/arty-frame-studio/firmware/rtl/packet_rx.v:33$2220_Y [5] 1'0 }, B={ $auto$opt_expr.cc:206:group_cell_inputs$7984 1'1 }, Y={ $flatten\controller.\parser.$shl$/workspace/arty-frame-studio/firmware/rtl/packet_rx.v:33$2224_Y [13] $flatten\controller.\parser.$shl$/workspace/arty-frame-studio/firmware/rtl/packet_rx.v:33$2224_Y [6] $flatten\controller.\parser.$shl$/workspace/arty-frame-studio/firmware/rtl/packet_rx.v:33$2224_Y [1] }
      New connections: { $flatten\controller.\parser.$shl$/workspace/arty-frame-studio/firmware/rtl/packet_rx.v:33$2224_Y [12:7] $flatten\controller.\parser.$shl$/workspace/arty-frame-studio/firmware/rtl/packet_rx.v:33$2224_Y [5:2] } = { $flatten\controller.\parser.$shl$/workspace/arty-frame-studio/firmware/rtl/packet_rx.v:33$2220_Y [11:6] $flatten\controller.\parser.$shl$/workspace/arty-frame-studio/firmware/rtl/packet_rx.v:33$2220_Y [4:1] }
    Consolidated identical input bits for $mux cell $flatten\controller.\parser.$ternary$/workspace/arty-frame-studio/firmware/rtl/packet_rx.v:33$2361:
      Old ports: A={ $flatten\controller.\parser.$shl$/workspace/arty-frame-studio/firmware/rtl/packet_rx.v:33$2224_Y [12:1] 1'0 }, B={ $auto$opt_expr.cc:206:group_cell_inputs$7988 [1] $flatten\controller.\parser.$shl$/workspace/arty-frame-studio/firmware/rtl/packet_rx.v:33$2224_Y [11:6] $auto$opt_expr.cc:206:group_cell_inputs$7988 [0] $flatten\controller.\parser.$shl$/workspace/arty-frame-studio/firmware/rtl/packet_rx.v:33$2224_Y [4:1] 1'1 }, Y=$flatten\controller.\parser.$shl$/workspace/arty-frame-studio/firmware/rtl/packet_rx.v:33$2228_Y [13:1]
      New ports: A={ $flatten\controller.\parser.$shl$/workspace/arty-frame-studio/firmware/rtl/packet_rx.v:33$2224_Y [12] $flatten\controller.\parser.$shl$/workspace/arty-frame-studio/firmware/rtl/packet_rx.v:33$2224_Y [5] 1'0 }, B={ $auto$opt_expr.cc:206:group_cell_inputs$7988 1'1 }, Y={ $flatten\controller.\parser.$shl$/workspace/arty-frame-studio/firmware/rtl/packet_rx.v:33$2228_Y [13] $flatten\controller.\parser.$shl$/workspace/arty-frame-studio/firmware/rtl/packet_rx.v:33$2228_Y [6] $flatten\controller.\parser.$shl$/workspace/arty-frame-studio/firmware/rtl/packet_rx.v:33$2228_Y [1] }
      New connections: { $flatten\controller.\parser.$shl$/workspace/arty-frame-studio/firmware/rtl/packet_rx.v:33$2228_Y [12:7] $flatten\controller.\parser.$shl$/workspace/arty-frame-studio/firmware/rtl/packet_rx.v:33$2228_Y [5:2] } = { $flatten\controller.\parser.$shl$/workspace/arty-frame-studio/firmware/rtl/packet_rx.v:33$2224_Y [11:6] $flatten\controller.\parser.$shl$/workspace/arty-frame-studio/firmware/rtl/packet_rx.v:33$2224_Y [4:1] }
    Consolidated identical input bits for $mux cell $flatten\controller.\parser.$ternary$/workspace/arty-frame-studio/firmware/rtl/packet_rx.v:33$2365:
      Old ports: A={ $flatten\controller.\parser.$shl$/workspace/arty-frame-studio/firmware/rtl/packet_rx.v:33$2228_Y [12:1] 1'0 }, B={ $auto$opt_expr.cc:206:group_cell_inputs$7992 [1] $flatten\controller.\parser.$shl$/workspace/arty-frame-studio/firmware/rtl/packet_rx.v:33$2228_Y [11:6] $auto$opt_expr.cc:206:group_cell_inputs$7992 [0] $flatten\controller.\parser.$shl$/workspace/arty-frame-studio/firmware/rtl/packet_rx.v:33$2228_Y [4:1] 1'1 }, Y=$flatten\controller.\parser.$ternary$/workspace/arty-frame-studio/firmware/rtl/packet_rx.v:33$2231_Y [12:0]
      New ports: A={ $flatten\controller.\parser.$shl$/workspace/arty-frame-studio/firmware/rtl/packet_rx.v:33$2228_Y [12] $flatten\controller.\parser.$shl$/workspace/arty-frame-studio/firmware/rtl/packet_rx.v:33$2228_Y [5] 1'0 }, B={ $auto$opt_expr.cc:206:group_cell_inputs$7992 1'1 }, Y={ $flatten\controller.\parser.$ternary$/workspace/arty-frame-studio/firmware/rtl/packet_rx.v:33$2231_Y [12] $flatten\controller.\parser.$ternary$/workspace/arty-frame-studio/firmware/rtl/packet_rx.v:33$2231_Y [5] $flatten\controller.\parser.$ternary$/workspace/arty-frame-studio/firmware/rtl/packet_rx.v:33$2231_Y [0] }
      New connections: { $flatten\controller.\parser.$ternary$/workspace/arty-frame-studio/firmware/rtl/packet_rx.v:33$2231_Y [11:6] $flatten\controller.\parser.$ternary$/workspace/arty-frame-studio/firmware/rtl/packet_rx.v:33$2231_Y [4:1] } = { $flatten\controller.\parser.$shl$/workspace/arty-frame-studio/firmware/rtl/packet_rx.v:33$2228_Y [11:6] $flatten\controller.\parser.$shl$/workspace/arty-frame-studio/firmware/rtl/packet_rx.v:33$2228_Y [4:1] }
    New ctrl vector for $pmux cell $flatten\receiver.$procmux$4698: { $auto$opt_reduce.cc:137:opt_pmux$8092 \receiver.state [3] }
    Consolidated identical input bits for $mux cell $flatten\transmitter.$procmux$4758:
      Old ports: A={ 1'1 \transmitter.shift [9:1] }, B={ 1'1 \transmitter.data 1'0 }, Y=$flatten\transmitter.$procmux$4758_Y
      New ports: A=\transmitter.shift [9:1], B={ \transmitter.data 1'0 }, Y=$flatten\transmitter.$procmux$4758_Y [8:0]
      New connections: $flatten\transmitter.$procmux$4758_Y [9] = 1'1
  Optimizing cells in module \arty_top.
    Consolidated identical input bits for $pmux cell $flatten\controller.$procmux$5317:
      Old ports: A=8'00000001, B={ $flatten\controller.$3\next_static_status[7:0] $flatten\controller.$4\next_static_status[7:0] }, Y=$flatten\controller.$2\next_static_status[7:0]
      New ports: A=3'001, B={ $flatten\controller.$3\next_static_status[7:0] [2:0] $flatten\controller.$4\next_static_status[7:0] [2:0] }, Y=$flatten\controller.$2\next_static_status[7:0] [2:0]
      New connections: $flatten\controller.$2\next_static_status[7:0] [7:3] = 5'00000
    Consolidated identical input bits for $mux cell $flatten\controller.\parser.$ternary$/workspace/arty-frame-studio/firmware/rtl/packet_rx.v:110$2372:
      Old ports: A={ 1'0 $auto$wreduce.cc:514:run$6257 [1:0] }, B=3'101, Y=$auto$wreduce.cc:514:run$6256 [2:0]
      New ports: A={ $auto$wreduce.cc:514:run$6257 [1] 1'0 }, B=2'01, Y=$auto$wreduce.cc:514:run$6256 [1:0]
      New connections: $auto$wreduce.cc:514:run$6256 [2] = $auto$wreduce.cc:514:run$6256 [0]
  Optimizing cells in module \arty_top.
    Consolidated identical input bits for $mux cell $flatten\controller.$procmux$5323:
      Old ports: A={ 5'00000 \controller.captured_parser_status [2:0] }, B=$flatten\controller.$2\next_static_status[7:0], Y=\controller.next_static_status
      New ports: A=\controller.captured_parser_status [2:0], B=$flatten\controller.$2\next_static_status[7:0] [2:0], Y=\controller.next_static_status [2:0]
      New connections: \controller.next_static_status [7:3] = 5'00000
  Optimizing cells in module \arty_top.
Performed a total of 34 changes.

7.35.5. Executing OPT_MERGE pass (detect identical cells).
Finding identical cells in module `\arty_top'.
Computing hashes of 859 cells of `\arty_top'.
Finding duplicate cells in `\arty_top'.
Removed a total of 0 cells.

7.35.6. Executing OPT_SHARE pass.
    Found cells that share an operand and can be merged by moving the $mux $flatten\controller.$procmux$5089 in front of them:
        $auto$alumacc.cc:512:replace_alu$7102
        $auto$alumacc.cc:512:replace_alu$7087

    Found cells that share an operand and can be merged by moving the $pmux $flatten\controller.\engine.$procmux$4512 in front of them:
        $flatten\controller.\engine.$procmux$4120
        $flatten\controller.\engine.$procmux$4459

7.35.7. Executing OPT_DFF pass (perform DFF optimizations).

7.35.8. Executing OPT_CLEAN pass (remove unused cells and wires).
Finding unused cells or wires in module \arty_top..
Removed 0 unused cells and 18 unused wires.
<suppressed ~1 debug messages>

7.35.9. Executing OPT_EXPR pass (perform const folding).
Optimizing module arty_top.
<suppressed ~39 debug messages>

7.35.10. Rerunning OPT passes. (Maybe there is more to do..)

7.35.11. Executing OPT_MUXTREE pass (detect dead branches in mux trees).
Running muxtree optimizer on module \arty_top..
  Creating internal representation of mux trees.
  Evaluating internal representation of mux trees.
  Analyzing evaluation results.
Removed 0 multiplexer ports.
<suppressed ~220 debug messages>

7.35.12. Executing OPT_REDUCE pass (consolidate $*mux and $reduce_* inputs).
  Optimizing cells in module \arty_top.
    Consolidated identical input bits for $mux cell $auto$opt_share.cc:244:merge_operators$8096:
      Old ports: A=3'111, B=3'001, Y=$auto$rtlil.cc:3390:Mux$8097
      New ports: A=1'1, B=1'0, Y=$auto$rtlil.cc:3390:Mux$8097 [1]
      New connections: { $auto$rtlil.cc:3390:Mux$8097 [2] $auto$rtlil.cc:3390:Mux$8097 [0] } = { $auto$rtlil.cc:3390:Mux$8097 [1] 1'1 }
    New ctrl vector for $pmux cell $flatten\controller.\engine.$procmux$4512: { $auto$opt_reduce.cc:137:opt_pmux$8126 \controller.engine.phase [4] }
    Consolidated identical input bits for $mux cell $flatten\controller.\parser.$ternary$/workspace/arty-frame-studio/firmware/rtl/packet_rx.v:33$2186:
      Old ports: A=3'110, B=3'001, Y={ $flatten\controller.\parser.$shl$/workspace/arty-frame-studio/firmware/rtl/packet_rx.v:33$2187_Y [13] $flatten\controller.\parser.$shl$/workspace/arty-frame-studio/firmware/rtl/packet_rx.v:33$2187_Y [6] $flatten\controller.\parser.$shl$/workspace/arty-frame-studio/firmware/rtl/packet_rx.v:33$2187_Y [1] }
      New ports: A=2'10, B=2'01, Y={ $flatten\controller.\parser.$shl$/workspace/arty-frame-studio/firmware/rtl/packet_rx.v:33$2187_Y [6] $flatten\controller.\parser.$shl$/workspace/arty-frame-studio/firmware/rtl/packet_rx.v:33$2187_Y [1] }
      New connections: $flatten\controller.\parser.$shl$/workspace/arty-frame-studio/firmware/rtl/packet_rx.v:33$2187_Y [13] = $flatten\controller.\parser.$shl$/workspace/arty-frame-studio/firmware/rtl/packet_rx.v:33$2187_Y [6]
    New input vector for $reduce_or cell $auto$opt_reduce.cc:131:opt_pmux$8125: \controller.engine.phase [3:1]
  Optimizing cells in module \arty_top.
Performed a total of 4 changes.

7.35.13. Executing OPT_MERGE pass (detect identical cells).
Finding identical cells in module `\arty_top'.
Computing hashes of 856 cells of `\arty_top'.
Finding duplicate cells in `\arty_top'.
Removed a total of 0 cells.

7.35.14. Executing OPT_SHARE pass.

7.35.15. Executing OPT_DFF pass (perform DFF optimizations).
Adding EN signal on $memory\controller.replies[0]$8042 ($dff) from module arty_top (D = { \controller.pending_reply [47:32] 7'0000000 \controller.pending_reply [24:0] }, Q = \controller.replies[0]).
Adding EN signal on $memory\controller.replies[1]$8044 ($dff) from module arty_top (D = { \controller.pending_reply [47:32] 7'0000000 \controller.pending_reply [24:0] }, Q = \controller.replies[1]).
Adding EN signal on $memory\controller.replies[2]$8046 ($dff) from module arty_top (D = { \controller.pending_reply [47:32] 7'0000000 \controller.pending_reply [24:0] }, Q = \controller.replies[2]).
Adding EN signal on $memory\controller.replies[3]$8048 ($dff) from module arty_top (D = { \controller.pending_reply [47:32] 7'0000000 \controller.pending_reply [24:0] }, Q = \controller.replies[3]).
Setting constant 0-bit at position 25 on $auto$ff.cc:337:slice$8130 ($dffe) from module arty_top.
Setting constant 0-bit at position 26 on $auto$ff.cc:337:slice$8130 ($dffe) from module arty_top.
Setting constant 0-bit at position 27 on $auto$ff.cc:337:slice$8130 ($dffe) from module arty_top.
Setting constant 0-bit at position 28 on $auto$ff.cc:337:slice$8130 ($dffe) from module arty_top.
Setting constant 0-bit at position 29 on $auto$ff.cc:337:slice$8130 ($dffe) from module arty_top.
Setting constant 0-bit at position 30 on $auto$ff.cc:337:slice$8130 ($dffe) from module arty_top.
Setting constant 0-bit at position 31 on $auto$ff.cc:337:slice$8130 ($dffe) from module arty_top.
Setting constant 0-bit at position 25 on $auto$ff.cc:337:slice$8129 ($dffe) from module arty_top.
Setting constant 0-bit at position 26 on $auto$ff.cc:337:slice$8129 ($dffe) from module arty_top.
Setting constant 0-bit at position 27 on $auto$ff.cc:337:slice$8129 ($dffe) from module arty_top.
Setting constant 0-bit at position 28 on $auto$ff.cc:337:slice$8129 ($dffe) from module arty_top.
Setting constant 0-bit at position 29 on $auto$ff.cc:337:slice$8129 ($dffe) from module arty_top.
Setting constant 0-bit at position 30 on $auto$ff.cc:337:slice$8129 ($dffe) from module arty_top.
Setting constant 0-bit at position 31 on $auto$ff.cc:337:slice$8129 ($dffe) from module arty_top.
Setting constant 0-bit at position 25 on $auto$ff.cc:337:slice$8128 ($dffe) from module arty_top.
Setting constant 0-bit at position 26 on $auto$ff.cc:337:slice$8128 ($dffe) from module arty_top.
Setting constant 0-bit at position 27 on $auto$ff.cc:337:slice$8128 ($dffe) from module arty_top.
Setting constant 0-bit at position 28 on $auto$ff.cc:337:slice$8128 ($dffe) from module arty_top.
Setting constant 0-bit at position 29 on $auto$ff.cc:337:slice$8128 ($dffe) from module arty_top.
Setting constant 0-bit at position 30 on $auto$ff.cc:337:slice$8128 ($dffe) from module arty_top.
Setting constant 0-bit at position 31 on $auto$ff.cc:337:slice$8128 ($dffe) from module arty_top.
Setting constant 0-bit at position 25 on $auto$ff.cc:337:slice$8127 ($dffe) from module arty_top.
Setting constant 0-bit at position 26 on $auto$ff.cc:337:slice$8127 ($dffe) from module arty_top.
Setting constant 0-bit at position 27 on $auto$ff.cc:337:slice$8127 ($dffe) from module arty_top.
Setting constant 0-bit at position 28 on $auto$ff.cc:337:slice$8127 ($dffe) from module arty_top.
Setting constant 0-bit at position 29 on $auto$ff.cc:337:slice$8127 ($dffe) from module arty_top.
Setting constant 0-bit at position 30 on $auto$ff.cc:337:slice$8127 ($dffe) from module arty_top.
Setting constant 0-bit at position 31 on $auto$ff.cc:337:slice$8127 ($dffe) from module arty_top.
Setting constant 1-bit at position 9 on $auto$ff.cc:337:slice$5648 ($sdffe) from module arty_top.
Setting constant 0-bit at position 0 on $auto$ff.cc:337:slice$7582 ($sdff) from module arty_top.
Setting constant 0-bit at position 1 on $auto$ff.cc:337:slice$7582 ($sdff) from module arty_top.
Setting constant 0-bit at position 2 on $auto$ff.cc:337:slice$7582 ($sdff) from module arty_top.
Setting constant 0-bit at position 3 on $auto$ff.cc:337:slice$7582 ($sdff) from module arty_top.
Setting constant 0-bit at position 4 on $auto$ff.cc:337:slice$7582 ($sdff) from module arty_top.

7.35.16. Executing OPT_CLEAN pass (remove unused cells and wires).
Finding unused cells or wires in module \arty_top..
Removed 7 unused cells and 23 unused wires.
<suppressed ~8 debug messages>

7.35.17. Executing OPT_EXPR pass (perform const folding).
Optimizing module arty_top.
<suppressed ~1 debug messages>

7.35.18. Rerunning OPT passes. (Maybe there is more to do..)

7.35.19. Executing OPT_MUXTREE pass (detect dead branches in mux trees).
Running muxtree optimizer on module \arty_top..
  Creating internal representation of mux trees.
  Evaluating internal representation of mux trees.
  Analyzing evaluation results.
Removed 0 multiplexer ports.
<suppressed ~210 debug messages>

7.35.20. Executing OPT_REDUCE pass (consolidate $*mux and $reduce_* inputs).
  Optimizing cells in module \arty_top.
    Consolidated identical input bits for $mux cell $memory\controller.replies$rdmux[0][1][1]$8056:
      Old ports: A={ \controller.replies[2] [47:32] 7'0000000 \controller.replies[2] [24:0] }, B={ \controller.replies[3] [47:32] 7'0000000 \controller.replies[3] [24:0] }, Y=$memory\controller.replies$rdmux[0][0][0]$b$8052
      New ports: A={ \controller.replies[2] [47:32] \controller.replies[2] [24:0] }, B={ \controller.replies[3] [47:32] \controller.replies[3] [24:0] }, Y={ $memory\controller.replies$rdmux[0][0][0]$b$8052 [47:32] $memory\controller.replies$rdmux[0][0][0]$b$8052 [24:0] }
      New connections: $memory\controller.replies$rdmux[0][0][0]$b$8052 [31:25] = 7'0000000
    Consolidated identical input bits for $mux cell $memory\controller.replies$rdmux[0][1][0]$8053:
      Old ports: A={ \controller.replies[0] [47:32] 7'0000000 \controller.replies[0] [24:0] }, B={ \controller.replies[1] [47:32] 7'0000000 \controller.replies[1] [24:0] }, Y=$memory\controller.replies$rdmux[0][0][0]$a$8051
      New ports: A={ \controller.replies[0] [47:32] \controller.replies[0] [24:0] }, B={ \controller.replies[1] [47:32] \controller.replies[1] [24:0] }, Y={ $memory\controller.replies$rdmux[0][0][0]$a$8051 [47:32] $memory\controller.replies$rdmux[0][0][0]$a$8051 [24:0] }
      New connections: $memory\controller.replies$rdmux[0][0][0]$a$8051 [31:25] = 7'0000000
  Optimizing cells in module \arty_top.
    Consolidated identical input bits for $mux cell $memory\controller.replies$rdmux[0][0][0]$8050:
      Old ports: A=$memory\controller.replies$rdmux[0][0][0]$a$8051, B=$memory\controller.replies$rdmux[0][0][0]$b$8052, Y=$\controller.replies$rdreg[0]$d
      New ports: A={ $memory\controller.replies$rdmux[0][0][0]$a$8051 [47:32] $memory\controller.replies$rdmux[0][0][0]$a$8051 [24:0] }, B={ $memory\controller.replies$rdmux[0][0][0]$b$8052 [47:32] $memory\controller.replies$rdmux[0][0][0]$b$8052 [24:0] }, Y={ $\controller.replies$rdreg[0]$d [47:32] $\controller.replies$rdreg[0]$d [24:0] }
      New connections: $\controller.replies$rdreg[0]$d [31:25] = 7'0000000
  Optimizing cells in module \arty_top.
Performed a total of 3 changes.

7.35.21. Executing OPT_MERGE pass (detect identical cells).
Finding identical cells in module `\arty_top'.
Computing hashes of 848 cells of `\arty_top'.
Finding duplicate cells in `\arty_top'.
Removed a total of 0 cells.

7.35.22. Executing OPT_SHARE pass.

7.35.23. Executing OPT_DFF pass (perform DFF optimizations).
Setting constant 0-bit at position 1 on $auto$ff.cc:337:slice$5845 ($sdff) from module arty_top.
Setting constant 0-bit at position 2 on $auto$ff.cc:337:slice$5845 ($sdff) from module arty_top.
Setting constant 0-bit at position 3 on $auto$ff.cc:337:slice$5845 ($sdff) from module arty_top.
Setting constant 0-bit at position 4 on $auto$ff.cc:337:slice$5845 ($sdff) from module arty_top.
Setting constant 0-bit at position 5 on $auto$ff.cc:337:slice$5845 ($sdff) from module arty_top.

7.35.24. Executing OPT_CLEAN pass (remove unused cells and wires).
Finding unused cells or wires in module \arty_top..

7.35.25. Executing OPT_EXPR pass (perform const folding).
Optimizing module arty_top.

7.35.26. Rerunning OPT passes. (Maybe there is more to do..)

7.35.27. Executing OPT_MUXTREE pass (detect dead branches in mux trees).
Running muxtree optimizer on module \arty_top..
  Creating internal representation of mux trees.
  Evaluating internal representation of mux trees.
  Analyzing evaluation results.
Removed 0 multiplexer ports.
<suppressed ~210 debug messages>

7.35.28. Executing OPT_REDUCE pass (consolidate $*mux and $reduce_* inputs).
  Optimizing cells in module \arty_top.
Performed a total of 0 changes.

7.35.29. Executing OPT_MERGE pass (detect identical cells).
Finding identical cells in module `\arty_top'.
Computing hashes of 848 cells of `\arty_top'.
Finding duplicate cells in `\arty_top'.
Removed a total of 0 cells.

7.35.30. Executing OPT_SHARE pass.

7.35.31. Executing OPT_DFF pass (perform DFF optimizations).
Setting constant 0-bit at position 25 on $\controller.replies$rdreg[0] ($sdffe) from module arty_top.
Setting constant 0-bit at position 26 on $\controller.replies$rdreg[0] ($sdffe) from module arty_top.
Setting constant 0-bit at position 27 on $\controller.replies$rdreg[0] ($sdffe) from module arty_top.
Setting constant 0-bit at position 28 on $\controller.replies$rdreg[0] ($sdffe) from module arty_top.
Setting constant 0-bit at position 29 on $\controller.replies$rdreg[0] ($sdffe) from module arty_top.
Setting constant 0-bit at position 30 on $\controller.replies$rdreg[0] ($sdffe) from module arty_top.
Setting constant 0-bit at position 31 on $\controller.replies$rdreg[0] ($sdffe) from module arty_top.
Setting constant 0-bit at position 19 on $auto$ff.cc:337:slice$8131 ($dffe) from module arty_top.
Setting constant 0-bit at position 20 on $auto$ff.cc:337:slice$8131 ($dffe) from module arty_top.
Setting constant 0-bit at position 21 on $auto$ff.cc:337:slice$8131 ($dffe) from module arty_top.
Setting constant 0-bit at position 22 on $auto$ff.cc:337:slice$8131 ($dffe) from module arty_top.
Setting constant 0-bit at position 23 on $auto$ff.cc:337:slice$8131 ($dffe) from module arty_top.
Setting constant 0-bit at position 19 on $auto$ff.cc:337:slice$8132 ($dffe) from module arty_top.
Setting constant 0-bit at position 20 on $auto$ff.cc:337:slice$8132 ($dffe) from module arty_top.
Setting constant 0-bit at position 21 on $auto$ff.cc:337:slice$8132 ($dffe) from module arty_top.
Setting constant 0-bit at position 22 on $auto$ff.cc:337:slice$8132 ($dffe) from module arty_top.
Setting constant 0-bit at position 23 on $auto$ff.cc:337:slice$8132 ($dffe) from module arty_top.
Setting constant 0-bit at position 19 on $auto$ff.cc:337:slice$8133 ($dffe) from module arty_top.
Setting constant 0-bit at position 20 on $auto$ff.cc:337:slice$8133 ($dffe) from module arty_top.
Setting constant 0-bit at position 21 on $auto$ff.cc:337:slice$8133 ($dffe) from module arty_top.
Setting constant 0-bit at position 22 on $auto$ff.cc:337:slice$8133 ($dffe) from module arty_top.
Setting constant 0-bit at position 23 on $auto$ff.cc:337:slice$8133 ($dffe) from module arty_top.
Setting constant 0-bit at position 19 on $auto$ff.cc:337:slice$8134 ($dffe) from module arty_top.
Setting constant 0-bit at position 20 on $auto$ff.cc:337:slice$8134 ($dffe) from module arty_top.
Setting constant 0-bit at position 21 on $auto$ff.cc:337:slice$8134 ($dffe) from module arty_top.
Setting constant 0-bit at position 22 on $auto$ff.cc:337:slice$8134 ($dffe) from module arty_top.
Setting constant 0-bit at position 23 on $auto$ff.cc:337:slice$8134 ($dffe) from module arty_top.

7.35.32. Executing OPT_CLEAN pass (remove unused cells and wires).
Finding unused cells or wires in module \arty_top..

7.35.33. Executing OPT_EXPR pass (perform const folding).
Optimizing module arty_top.

7.35.34. Rerunning OPT passes. (Maybe there is more to do..)

7.35.35. Executing OPT_MUXTREE pass (detect dead branches in mux trees).
Running muxtree optimizer on module \arty_top..
  Creating internal representation of mux trees.
  Evaluating internal representation of mux trees.
  Analyzing evaluation results.
Removed 0 multiplexer ports.
<suppressed ~210 debug messages>

7.35.36. Executing OPT_REDUCE pass (consolidate $*mux and $reduce_* inputs).
  Optimizing cells in module \arty_top.
    Consolidated identical input bits for $mux cell $memory\controller.replies$rdmux[0][1][1]$8056:
      Old ports: A={ \controller.replies[2] [47:32] \controller.replies[2] [24] 5'00000 \controller.replies[2] [18:0] }, B={ \controller.replies[3] [47:32] \controller.replies[3] [24] 5'00000 \controller.replies[3] [18:0] }, Y={ $memory\controller.replies$rdmux[0][0][0]$b$8052 [47:32] $memory\controller.replies$rdmux[0][0][0]$b$8052 [24:0] }
      New ports: A={ \controller.replies[2] [47:32] \controller.replies[2] [24] \controller.replies[2] [18:0] }, B={ \controller.replies[3] [47:32] \controller.replies[3] [24] \controller.replies[3] [18:0] }, Y={ $memory\controller.replies$rdmux[0][0][0]$b$8052 [47:32] $memory\controller.replies$rdmux[0][0][0]$b$8052 [24] $memory\controller.replies$rdmux[0][0][0]$b$8052 [18:0] }
      New connections: $memory\controller.replies$rdmux[0][0][0]$b$8052 [23:19] = 5'00000
    Consolidated identical input bits for $mux cell $memory\controller.replies$rdmux[0][1][0]$8053:
      Old ports: A={ \controller.replies[0] [47:32] \controller.replies[0] [24] 5'00000 \controller.replies[0] [18:0] }, B={ \controller.replies[1] [47:32] \controller.replies[1] [24] 5'00000 \controller.replies[1] [18:0] }, Y={ $memory\controller.replies$rdmux[0][0][0]$a$8051 [47:32] $memory\controller.replies$rdmux[0][0][0]$a$8051 [24:0] }
      New ports: A={ \controller.replies[0] [47:32] \controller.replies[0] [24] \controller.replies[0] [18:0] }, B={ \controller.replies[1] [47:32] \controller.replies[1] [24] \controller.replies[1] [18:0] }, Y={ $memory\controller.replies$rdmux[0][0][0]$a$8051 [47:32] $memory\controller.replies$rdmux[0][0][0]$a$8051 [24] $memory\controller.replies$rdmux[0][0][0]$a$8051 [18:0] }
      New connections: $memory\controller.replies$rdmux[0][0][0]$a$8051 [23:19] = 5'00000
  Optimizing cells in module \arty_top.
    Consolidated identical input bits for $mux cell $memory\controller.replies$rdmux[0][0][0]$8050:
      Old ports: A={ $memory\controller.replies$rdmux[0][0][0]$a$8051 [47:32] $memory\controller.replies$rdmux[0][0][0]$a$8051 [24:0] }, B={ $memory\controller.replies$rdmux[0][0][0]$b$8052 [47:32] $memory\controller.replies$rdmux[0][0][0]$b$8052 [24:0] }, Y={ $\controller.replies$rdreg[0]$d [47:32] $\controller.replies$rdreg[0]$d [24:0] }
      New ports: A={ $memory\controller.replies$rdmux[0][0][0]$a$8051 [47:32] $memory\controller.replies$rdmux[0][0][0]$a$8051 [24] $memory\controller.replies$rdmux[0][0][0]$a$8051 [18:0] }, B={ $memory\controller.replies$rdmux[0][0][0]$b$8052 [47:32] $memory\controller.replies$rdmux[0][0][0]$b$8052 [24] $memory\controller.replies$rdmux[0][0][0]$b$8052 [18:0] }, Y={ $\controller.replies$rdreg[0]$d [47:32] $\controller.replies$rdreg[0]$d [24] $\controller.replies$rdreg[0]$d [18:0] }
      New connections: $\controller.replies$rdreg[0]$d [23:19] = 5'00000
  Optimizing cells in module \arty_top.
Performed a total of 3 changes.

7.35.37. Executing OPT_MERGE pass (detect identical cells).
Finding identical cells in module `\arty_top'.
Computing hashes of 848 cells of `\arty_top'.
Finding duplicate cells in `\arty_top'.
Removed a total of 0 cells.

7.35.38. Executing OPT_SHARE pass.

7.35.39. Executing OPT_DFF pass (perform DFF optimizations).

7.35.40. Executing OPT_CLEAN pass (remove unused cells and wires).
Finding unused cells or wires in module \arty_top..

7.35.41. Executing OPT_EXPR pass (perform const folding).
Optimizing module arty_top.

7.35.42. Rerunning OPT passes. (Maybe there is more to do..)

7.35.43. Executing OPT_MUXTREE pass (detect dead branches in mux trees).
Running muxtree optimizer on module \arty_top..
  Creating internal representation of mux trees.
  Evaluating internal representation of mux trees.
  Analyzing evaluation results.
Removed 0 multiplexer ports.
<suppressed ~210 debug messages>

7.35.44. Executing OPT_REDUCE pass (consolidate $*mux and $reduce_* inputs).
  Optimizing cells in module \arty_top.
Performed a total of 0 changes.

7.35.45. Executing OPT_MERGE pass (detect identical cells).
Finding identical cells in module `\arty_top'.
Computing hashes of 848 cells of `\arty_top'.
Finding duplicate cells in `\arty_top'.
Removed a total of 0 cells.

7.35.46. Executing OPT_SHARE pass.

7.35.47. Executing OPT_DFF pass (perform DFF optimizations).
Setting constant 0-bit at position 19 on $auto$ff.cc:337:slice$8137 ($sdffe) from module arty_top.
Setting constant 0-bit at position 20 on $auto$ff.cc:337:slice$8137 ($sdffe) from module arty_top.
Setting constant 0-bit at position 21 on $auto$ff.cc:337:slice$8137 ($sdffe) from module arty_top.
Setting constant 0-bit at position 22 on $auto$ff.cc:337:slice$8137 ($sdffe) from module arty_top.
Setting constant 0-bit at position 23 on $auto$ff.cc:337:slice$8137 ($sdffe) from module arty_top.

7.35.48. Executing OPT_CLEAN pass (remove unused cells and wires).
Finding unused cells or wires in module \arty_top..

7.35.49. Executing OPT_EXPR pass (perform const folding).
Optimizing module arty_top.

7.35.50. Rerunning OPT passes. (Maybe there is more to do..)

7.35.51. Executing OPT_MUXTREE pass (detect dead branches in mux trees).
Running muxtree optimizer on module \arty_top..
  Creating internal representation of mux trees.
  Evaluating internal representation of mux trees.
  Analyzing evaluation results.
Removed 0 multiplexer ports.
<suppressed ~210 debug messages>

7.35.52. Executing OPT_REDUCE pass (consolidate $*mux and $reduce_* inputs).
  Optimizing cells in module \arty_top.
Performed a total of 0 changes.

7.35.53. Executing OPT_MERGE pass (detect identical cells).
Finding identical cells in module `\arty_top'.
Computing hashes of 848 cells of `\arty_top'.
Finding duplicate cells in `\arty_top'.
Removed a total of 0 cells.

7.35.54. Executing OPT_SHARE pass.

7.35.55. Executing OPT_DFF pass (perform DFF optimizations).

7.35.56. Executing OPT_CLEAN pass (remove unused cells and wires).
Finding unused cells or wires in module \arty_top..

7.35.57. Executing OPT_EXPR pass (perform const folding).
Optimizing module arty_top.

7.35.58. Finished fast OPT passes. (There is nothing left to do.)

7.36. Executing XILINX_SRL pass (Xilinx shift register extraction).

7.37. Executing TECHMAP pass (map to technology primitives).

7.37.1. Executing Verilog-2005 frontend: /workspace/arty-frame-studio/scratch/ci-tools/oss-cad-suite/lib/../share/yosys/techmap.v
Parsing Verilog input from `/workspace/arty-frame-studio/scratch/ci-tools/oss-cad-suite/lib/../share/yosys/techmap.v' to AST representation.
Generating RTLIL representation for module `\_90_simplemap_bool_ops'.
Generating RTLIL representation for module `\_90_simplemap_reduce_ops'.
Generating RTLIL representation for module `\_90_simplemap_logic_ops'.
Generating RTLIL representation for module `\_90_simplemap_compare_ops'.
Generating RTLIL representation for module `\_90_simplemap_various'.
Generating RTLIL representation for module `\_90_simplemap_registers'.
Generating RTLIL representation for module `\_90_shift_ops_shr_shl_sshl_sshr'.
Generating RTLIL representation for module `\_90_shift_shiftx'.
Generating RTLIL representation for module `\_90_fa'.
Generating RTLIL representation for module `\_90_lcu_brent_kung'.
Generating RTLIL representation for module `\_90_alu'.
Generating RTLIL representation for module `\_90_macc'.
Generating RTLIL representation for module `\_90_alumacc'.
Generating RTLIL representation for module `$__div_mod_u'.
Generating RTLIL representation for module `$__div_mod_trunc'.
Generating RTLIL representation for module `\_90_div'.
Generating RTLIL representation for module `\_90_mod'.
Generating RTLIL representation for module `$__div_mod_floor'.
Generating RTLIL representation for module `\_90_divfloor'.
Generating RTLIL representation for module `\_90_modfloor'.
Generating RTLIL representation for module `\_90_pow'.
Generating RTLIL representation for module `\_90_pmux'.
Generating RTLIL representation for module `\_90_demux'.
Generating RTLIL representation for module `\_90_lut'.
Generating RTLIL representation for module `$connect'.
Generating RTLIL representation for module `$input_port'.
Successfully finished Verilog frontend.

7.37.2. Executing Verilog-2005 frontend: /workspace/arty-frame-studio/scratch/ci-tools/oss-cad-suite/lib/../share/yosys/xilinx/arith_map.v
Parsing Verilog input from `/workspace/arty-frame-studio/scratch/ci-tools/oss-cad-suite/lib/../share/yosys/xilinx/arith_map.v' to AST representation.
Generating RTLIL representation for module `\_80_xilinx_lcu'.
Generating RTLIL representation for module `\_80_xilinx_alu'.
Successfully finished Verilog frontend.

7.37.3. Continuing TECHMAP pass.
Using extmapper simplemap for cells of type $sdffe.
Using extmapper simplemap for cells of type $dffe.
Using extmapper simplemap for cells of type $sdff.
Using extmapper simplemap for cells of type $reduce_or.
Using extmapper simplemap for cells of type $not.
Using extmapper simplemap for cells of type $mux.
Using extmapper simplemap for cells of type $and.
Using extmapper simplemap for cells of type $reduce_and.
Using extmapper simplemap for cells of type $reduce_bool.
Using extmapper simplemap for cells of type $xor.
Using template $paramod$18fbf2ae0c1204f7117bee5244a0aa0c2207d642\_80_xilinx_alu for cells of type $alu.
Using template $paramod$c0fad36094f5798311ade15ed67a2ca296809857\_80_xilinx_alu for cells of type $alu.
Using template $paramod$018d4fbe2aad5eedec655c847f53ac2b782aedb0\_80_xilinx_alu for cells of type $alu.
Using template $paramod$db8e6ecc9d55e30ac39e4a71c23a85841d46f485\_80_xilinx_alu for cells of type $alu.
Using template $paramod$4a44808c934bde8afb0b5076010d49e796af99d9\_80_xilinx_alu for cells of type $alu.
Using template $paramod$2e6fa573ec247c71d1c073ac74c0c20475cdfbce\_80_xilinx_alu for cells of type $alu.
Using template $paramod$2fd5adf8d3439e57ccb7bf99c2e0b308a695c88e\_80_xilinx_alu for cells of type $alu.
Using template $paramod$ff370dd48af1833e6672377bfc846c960b5f62bc\_80_xilinx_alu for cells of type $alu.
Using template $paramod$91c850f208b09a82c432e5bc8cf4e2212817b89d\_80_xilinx_alu for cells of type $alu.
Using template $paramod$12970f0c6773674ac918a266872d394220d95a9b\_80_xilinx_alu for cells of type $alu.
Using template $paramod$817919053e360e32f1a00d067c5411f16a07f712\_80_xilinx_alu for cells of type $alu.
Using template $paramod$a7edf286f31cfb6a8d8cfd1cdc68226faed25e4d\_80_xilinx_alu for cells of type $alu.
Using template $paramod$6fd347745078726cb769a8b87a2d361e4cf2488c\_80_xilinx_alu for cells of type $alu.
Using template $paramod$674141544fade965cf052b5e9d5b65813fc4e151\_80_xilinx_alu for cells of type $alu.
Using template $paramod$175e67c02b86e96b1288b9dc100122520d7240d8\_90_alu for cells of type $alu.
Using template $paramod$constmap:2d9b07836354bc7e7bf0bf3730ca5639f4d1d55c$paramod$d3014b88c39b17f98b5c67d614eef90ee4d4f68b\_90_shift_shiftx for cells of type $shiftx.
Using extmapper simplemap for cells of type $ne.
Using extmapper simplemap for cells of type $dff.
Using extmapper simplemap for cells of type $eq.
Using extmapper simplemap for cells of type $logic_not.
Using extmapper simplemap for cells of type $logic_or.
Using extmapper simplemap for cells of type $or.
Using extmapper simplemap for cells of type $adff.
Using template $paramod$97b4ede9ac0b1e299c90f9b8e8f5b82f01419d4d\_90_pmux for cells of type $pmux.
Using template $paramod$constmap:9d7c541a436e2c9bb59914d3a53cc61c099f37b0$paramod$40ccfd5a7f1418017a9af25543d0c43a198b5946\_90_shift_shiftx for cells of type $shift.
Analyzing pattern of constant bits for this cell:
  Constant input on bit 0 of port A: 1'1
Creating constmapped module `$paramod$constmap:82d13b1faa4b21cb1487e5b4ddefba1164cb15a1$paramod$40ccfd5a7f1418017a9af25543d0c43a198b5946\_90_shift_shiftx'.

7.37.47. Executing OPT_MUXTREE pass (detect dead branches in mux trees).
Running muxtree optimizer on module $paramod$constmap:82d13b1faa4b21cb1487e5b4ddefba1164cb15a1$paramod$40ccfd5a7f1418017a9af25543d0c43a198b5946\_90_shift_shiftx..
  Creating internal representation of mux trees.
  Evaluating internal representation of mux trees.
  Analyzing evaluation results.
    dead port 2/2 on $mux $procmux$10488.
    dead port 2/2 on $mux $procmux$10494.
    dead port 2/2 on $mux $procmux$10500.
Removed 3 multiplexer ports.
<suppressed ~1357 debug messages>

7.37.48. Executing OPT_EXPR pass (perform const folding).
Optimizing module $paramod$constmap:82d13b1faa4b21cb1487e5b4ddefba1164cb15a1$paramod$40ccfd5a7f1418017a9af25543d0c43a198b5946\_90_shift_shiftx.
<suppressed ~2 debug messages>
Removed 0 unused cells and 9 unused wires.
Using template $paramod$constmap:82d13b1faa4b21cb1487e5b4ddefba1164cb15a1$paramod$40ccfd5a7f1418017a9af25543d0c43a198b5946\_90_shift_shiftx for cells of type $shift.
Using extmapper simplemap for cells of type $logic_and.
Using template $paramod$c5c783b17ab1d780abfad8cfe6563a0a7b47a3b0\_90_pmux for cells of type $pmux.
Using template $paramod\_90_lcu_brent_kung\WIDTH=s32'00000000000000000000000000000010 for cells of type $lcu.
Using template $paramod\_80_xilinx_lcu\WIDTH=s32'00000000000000000000000000000101 for cells of type $lcu.
Using template $paramod$32e7c4d6f92ff4337599ece53082d2e88a82a9f2\_90_pmux for cells of type $pmux.
Using template $paramod$constmap:76fda8b78eeadda0573ba1e70360e6f2bbb0f9dd$paramod$7f3770611668623e30460e3c2aec37d3972dc1d3\_90_shift_shiftx for cells of type $shiftx.
Using template $paramod\_90_lcu_brent_kung\WIDTH=s32'00000000000000000000000000000001 for cells of type $lcu.
Using template $paramod$constmap:f254d84575ad66985728954e3e13fe2475fa24c4$paramod$79add5fde3a2ee8e2bf663d9c5364c8bb4600d35\_90_shift_ops_shr_shl_sshl_sshr for cells of type $shl.
Using extmapper simplemap for cells of type $pos.
Using template $paramod\_90_fa\WIDTH=32'00000000000000000000000000000010 for cells of type $fa.
No more expansions possible.
<suppressed ~1561 debug messages>

7.38. Executing OPT pass (performing simple optimizations).

7.38.1. Executing OPT_EXPR pass (perform const folding).
Optimizing module arty_top.
<suppressed ~2375 debug messages>

7.38.2. Executing OPT_MERGE pass (detect identical cells).
Finding identical cells in module `\arty_top'.
Computing hashes of 4724 cells of `\arty_top'.
Finding duplicate cells in `\arty_top'.
Computing hashes of 4429 cells of `\arty_top'.
Finding duplicate cells in `\arty_top'.
Computing hashes of 4328 cells of `\arty_top'.
Finding duplicate cells in `\arty_top'.
Computing hashes of 4299 cells of `\arty_top'.
Finding duplicate cells in `\arty_top'.
Computing hashes of 4281 cells of `\arty_top'.
Finding duplicate cells in `\arty_top'.
<suppressed ~1329 debug messages>
Removed a total of 443 cells.

7.38.3. Executing OPT_DFF pass (perform DFF optimizations).

7.38.4. Executing OPT_CLEAN pass (remove unused cells and wires).
Finding unused cells or wires in module \arty_top..
Removed 723 unused cells and 1557 unused wires.
<suppressed ~724 debug messages>

7.38.5. Finished fast OPT passes.

7.39. Executing IOPADMAP pass (mapping inputs/outputs to IO-PAD cells).
Marking already mapped port: IBUF.I[0].
Marking already mapped port: arty_top.clk100[0].
Mapping port arty_top.data_out using OBUF.
Mapping port arty_top.frame_clk using OBUF.
Mapping port arty_top.latch_enable using OBUF.
Mapping port arty_top.led using OBUF.
Mapping port arty_top.reset_n using IBUF.
Mapping port arty_top.uart_rx using IBUF.
Mapping port arty_top.uart_tx using OBUF.

7.40. Executing TECHMAP pass (map to technology primitives).

7.40.1. Executing Verilog-2005 frontend: /workspace/arty-frame-studio/scratch/ci-tools/oss-cad-suite/lib/../share/yosys/techmap.v
Parsing Verilog input from `/workspace/arty-frame-studio/scratch/ci-tools/oss-cad-suite/lib/../share/yosys/techmap.v' to AST representation.
Generating RTLIL representation for module `\_90_simplemap_bool_ops'.
Generating RTLIL representation for module `\_90_simplemap_reduce_ops'.
Generating RTLIL representation for module `\_90_simplemap_logic_ops'.
Generating RTLIL representation for module `\_90_simplemap_compare_ops'.
Generating RTLIL representation for module `\_90_simplemap_various'.
Generating RTLIL representation for module `\_90_simplemap_registers'.
Generating RTLIL representation for module `\_90_shift_ops_shr_shl_sshl_sshr'.
Generating RTLIL representation for module `\_90_shift_shiftx'.
Generating RTLIL representation for module `\_90_fa'.
Generating RTLIL representation for module `\_90_lcu_brent_kung'.
Generating RTLIL representation for module `\_90_alu'.
Generating RTLIL representation for module `\_90_macc'.
Generating RTLIL representation for module `\_90_alumacc'.
Generating RTLIL representation for module `$__div_mod_u'.
Generating RTLIL representation for module `$__div_mod_trunc'.
Generating RTLIL representation for module `\_90_div'.
Generating RTLIL representation for module `\_90_mod'.
Generating RTLIL representation for module `$__div_mod_floor'.
Generating RTLIL representation for module `\_90_divfloor'.
Generating RTLIL representation for module `\_90_modfloor'.
Generating RTLIL representation for module `\_90_pow'.
Generating RTLIL representation for module `\_90_pmux'.
Generating RTLIL representation for module `\_90_demux'.
Generating RTLIL representation for module `\_90_lut'.
Generating RTLIL representation for module `$connect'.
Generating RTLIL representation for module `$input_port'.
Successfully finished Verilog frontend.

7.40.2. Executing Verilog-2005 frontend: /workspace/arty-frame-studio/scratch/ci-tools/oss-cad-suite/lib/../share/yosys/xilinx/cells_map.v
Parsing Verilog input from `/workspace/arty-frame-studio/scratch/ci-tools/oss-cad-suite/lib/../share/yosys/xilinx/cells_map.v' to AST representation.
Generating RTLIL representation for module `$__SHREG_'.
Generating RTLIL representation for module `$__XILINX_SHREG_'.
Generating RTLIL representation for module `$__XILINX_MUXF78'.
Successfully finished Verilog frontend.

7.40.3. Continuing TECHMAP pass.
No more expansions possible.
<suppressed ~80 debug messages>
Removed 0 unused cells and 2 unused wires.

7.41. Executing DFFLEGALIZE pass (convert FFs to types supported by the target).

7.42. Executing TECHMAP pass (map to technology primitives).

7.42.1. Executing Verilog-2005 frontend: /workspace/arty-frame-studio/scratch/ci-tools/oss-cad-suite/lib/../share/yosys/xilinx/ff_map.v
Parsing Verilog input from `/workspace/arty-frame-studio/scratch/ci-tools/oss-cad-suite/lib/../share/yosys/xilinx/ff_map.v' to AST representation.
Generating RTLIL representation for module `$_DFFE_NP0P_'.
Generating RTLIL representation for module `$_DFFE_PP0P_'.
Generating RTLIL representation for module `$_DFFE_NP1P_'.
Generating RTLIL representation for module `$_DFFE_PP1P_'.
Generating RTLIL representation for module `$_DFFSRE_NPPP_'.
Generating RTLIL representation for module `$_DFFSRE_PPPP_'.
Generating RTLIL representation for module `$_SDFFE_NP0P_'.
Generating RTLIL representation for module `$_SDFFE_PP0P_'.
Generating RTLIL representation for module `$_SDFFE_NP1P_'.
Generating RTLIL representation for module `$_SDFFE_PP1P_'.
Generating RTLIL representation for module `$_DLATCH_NP0_'.
Generating RTLIL representation for module `$_DLATCH_PP0_'.
Generating RTLIL representation for module `$_DLATCH_NP1_'.
Generating RTLIL representation for module `$_DLATCH_PP1_'.
Generating RTLIL representation for module `$_DLATCH_NPP_'.
Generating RTLIL representation for module `$_DLATCH_PPP_'.
Successfully finished Verilog frontend.

7.42.2. Continuing TECHMAP pass.
Using template $paramod$_SDFFE_PP0P_\_TECHMAP_WIREINIT_Q_=1'1 for cells of type $_SDFFE_PP0P_.
Using template $paramod$_DFFE_PP1P_\_TECHMAP_WIREINIT_Q_=1'1 for cells of type $_DFFE_PP1P_.
Using template $paramod$_SDFFE_PP0P_\_TECHMAP_WIREINIT_Q_=1'x for cells of type $_SDFFE_PP0P_.
Using template $paramod$_SDFFE_PP1P_\_TECHMAP_WIREINIT_Q_=1'x for cells of type $_SDFFE_PP1P_.
No more expansions possible.
<suppressed ~1254 debug messages>

7.43. Executing OPT_EXPR pass (perform const folding).
Optimizing module arty_top.
<suppressed ~20 debug messages>

7.44. Executing Verilog-2005 frontend: /workspace/arty-frame-studio/scratch/ci-tools/oss-cad-suite/lib/../share/yosys/xilinx/abc9_model.v
Parsing Verilog input from `/workspace/arty-frame-studio/scratch/ci-tools/oss-cad-suite/lib/../share/yosys/xilinx/abc9_model.v' to AST representation.
Generating RTLIL representation for module `$__XILINX_MUXF78'.
Successfully finished Verilog frontend.

7.45. Executing ABC9 pass.

7.45.1. Executing ABC9_OPS pass (helper functions for ABC9).

7.45.2. Executing ABC9_OPS pass (helper functions for ABC9).

7.45.3. Executing PROC pass (convert processes to netlists).

7.45.3.1. Executing PROC_CLEAN pass (remove empty switches from decision trees).
Cleaned up 0 empty switches.

7.45.3.2. Executing PROC_RMDEAD pass (remove dead branches from decision trees).
Marked 1 switch rules as full_case in process $proc$/workspace/arty-frame-studio/scratch/ci-tools/oss-cad-suite/lib/../share/yosys/xilinx/cells_sim.v:774$17885 in module $paramod\FDPE\INIT=1'1.
Removed a total of 0 dead cases.

7.45.3.3. Executing PROC_PRUNE pass (remove redundant assignments in processes).
Removed 0 redundant assignments.
Promoted 1 assignment to connection.

7.45.3.4. Executing PROC_INIT pass (extract init attributes).
Found init rule in `$paramod\FDPE\INIT=1'1.$proc$/workspace/arty-frame-studio/scratch/ci-tools/oss-cad-suite/lib/../share/yosys/xilinx/cells_sim.v:772$17887'.
  Set init value: \Q = 1'1

7.45.3.5. Executing PROC_ARST pass (detect async resets in processes).
Found async reset \PRE in `$paramod\FDPE\INIT=1'1.$proc$/workspace/arty-frame-studio/scratch/ci-tools/oss-cad-suite/lib/../share/yosys/xilinx/cells_sim.v:774$17885'.

7.45.3.6. Executing PROC_ROM pass (convert switches to ROMs).
Converted 0 switches.
<suppressed ~1 debug messages>

7.45.3.7. Executing PROC_MUX pass (convert decision trees to multiplexers).
Creating decoders for process `$paramod\FDPE\INIT=1'1.$proc$/workspace/arty-frame-studio/scratch/ci-tools/oss-cad-suite/lib/../share/yosys/xilinx/cells_sim.v:772$17887'.
Creating decoders for process `$paramod\FDPE\INIT=1'1.$proc$/workspace/arty-frame-studio/scratch/ci-tools/oss-cad-suite/lib/../share/yosys/xilinx/cells_sim.v:774$17885'.
     1/1: $0\Q[0:0]

7.45.3.8. Executing PROC_DLATCH pass (convert process syncs to latches).

7.45.3.9. Executing PROC_DFF pass (convert process syncs to FFs).
Creating register for signal `$paramod\FDPE\INIT=1'1.\Q' using process `$paramod\FDPE\INIT=1'1.$proc$/workspace/arty-frame-studio/scratch/ci-tools/oss-cad-suite/lib/../share/yosys/xilinx/cells_sim.v:774$17885'.
  created $adff cell `$procdff$17892' with positive edge clock and positive level reset.

7.45.3.10. Executing PROC_MEMWR pass (convert process memory writes to cells).

7.45.3.11. Executing PROC_CLEAN pass (remove empty switches from decision trees).
Removing empty process `$paramod\FDPE\INIT=1'1.$proc$/workspace/arty-frame-studio/scratch/ci-tools/oss-cad-suite/lib/../share/yosys/xilinx/cells_sim.v:772$17887'.
Found and cleaned up 1 empty switch in `$paramod\FDPE\INIT=1'1.$proc$/workspace/arty-frame-studio/scratch/ci-tools/oss-cad-suite/lib/../share/yosys/xilinx/cells_sim.v:774$17885'.
Removing empty process `$paramod\FDPE\INIT=1'1.$proc$/workspace/arty-frame-studio/scratch/ci-tools/oss-cad-suite/lib/../share/yosys/xilinx/cells_sim.v:774$17885'.
Cleaned up 1 empty switch.

7.45.4. Executing SCC pass (detecting logic loops).
Found 0 SCCs in module arty_top.
Found 0 SCCs.

7.45.5. Executing ABC9_OPS pass (helper functions for ABC9).

7.45.6. Executing TECHMAP pass (map to technology primitives).

7.45.6.1. Executing Verilog-2005 frontend: /workspace/arty-frame-studio/scratch/ci-tools/oss-cad-suite/lib/../share/yosys/techmap.v
Parsing Verilog input from `/workspace/arty-frame-studio/scratch/ci-tools/oss-cad-suite/lib/../share/yosys/techmap.v' to AST representation.
Generating RTLIL representation for module `\_90_simplemap_bool_ops'.
Generating RTLIL representation for module `\_90_simplemap_reduce_ops'.
Generating RTLIL representation for module `\_90_simplemap_logic_ops'.
Generating RTLIL representation for module `\_90_simplemap_compare_ops'.
Generating RTLIL representation for module `\_90_simplemap_various'.
Generating RTLIL representation for module `\_90_simplemap_registers'.
Generating RTLIL representation for module `\_90_shift_ops_shr_shl_sshl_sshr'.
Generating RTLIL representation for module `\_90_shift_shiftx'.
Generating RTLIL representation for module `\_90_fa'.
Generating RTLIL representation for module `\_90_lcu_brent_kung'.
Generating RTLIL representation for module `\_90_alu'.
Generating RTLIL representation for module `\_90_macc'.
Generating RTLIL representation for module `\_90_alumacc'.
Generating RTLIL representation for module `$__div_mod_u'.
Generating RTLIL representation for module `$__div_mod_trunc'.
Generating RTLIL representation for module `\_90_div'.
Generating RTLIL representation for module `\_90_mod'.
Generating RTLIL representation for module `$__div_mod_floor'.
Generating RTLIL representation for module `\_90_divfloor'.
Generating RTLIL representation for module `\_90_modfloor'.
Generating RTLIL representation for module `\_90_pow'.
Generating RTLIL representation for module `\_90_pmux'.
Generating RTLIL representation for module `\_90_demux'.
Generating RTLIL representation for module `\_90_lut'.
Generating RTLIL representation for module `$connect'.
Generating RTLIL representation for module `$input_port'.
Successfully finished Verilog frontend.

7.45.6.2. Continuing TECHMAP pass.
No more expansions possible.
<suppressed ~508 debug messages>

7.45.7. Executing OPT pass (performing simple optimizations).

7.45.7.1. Executing OPT_EXPR pass (perform const folding).
Optimizing module $paramod\FDPE\INIT=1'1.

7.45.7.2. Executing OPT_MERGE pass (detect identical cells).
Finding identical cells in module `$paramod\FDPE\INIT=1'1'.
Computing hashes of 2 cells of `$paramod\FDPE\INIT=1'1'.
Finding duplicate cells in `$paramod\FDPE\INIT=1'1'.
Removed a total of 0 cells.

7.45.7.3. Executing OPT_MUXTREE pass (detect dead branches in mux trees).
Running muxtree optimizer on module $paramod\FDPE\INIT=1'1..
  Creating internal representation of mux trees.
  No muxes found in this module.
Removed 0 multiplexer ports.

7.45.7.4. Executing OPT_REDUCE pass (consolidate $*mux and $reduce_* inputs).
  Optimizing cells in module $paramod\FDPE\INIT=1'1.
Performed a total of 0 changes.

7.45.7.5. Executing OPT_MERGE pass (detect identical cells).
Finding identical cells in module `$paramod\FDPE\INIT=1'1'.
Computing hashes of 2 cells of `$paramod\FDPE\INIT=1'1'.
Finding duplicate cells in `$paramod\FDPE\INIT=1'1'.
Removed a total of 0 cells.

7.45.7.6. Executing OPT_DFF pass (perform DFF optimizations).

7.45.7.7. Executing OPT_CLEAN pass (remove unused cells and wires).
Finding unused cells or wires in module $paramod\FDPE\INIT=1'1..

7.45.7.8. Executing OPT_EXPR pass (perform const folding).
Optimizing module $paramod\FDPE\INIT=1'1.

7.45.7.9. Finished fast OPT passes. (There is nothing left to do.)

7.45.8. Executing TECHMAP pass (map to technology primitives).

7.45.8.1. Executing Verilog-2005 frontend: /workspace/arty-frame-studio/scratch/ci-tools/oss-cad-suite/lib/../share/yosys/abc9_map.v
Parsing Verilog input from `/workspace/arty-frame-studio/scratch/ci-tools/oss-cad-suite/lib/../share/yosys/abc9_map.v' to AST representation.
Successfully finished Verilog frontend.

7.45.8.2. Continuing TECHMAP pass.
Using template $paramod\FDPE\INIT=1'1 for cells of type $paramod\FDPE\INIT=1'1.
No more expansions possible.
<suppressed ~7 debug messages>

7.45.9. Executing Verilog-2005 frontend: /workspace/arty-frame-studio/scratch/ci-tools/oss-cad-suite/lib/../share/yosys/abc9_model.v
Parsing Verilog input from `/workspace/arty-frame-studio/scratch/ci-tools/oss-cad-suite/lib/../share/yosys/abc9_model.v' to AST representation.
Generating RTLIL representation for module `$__ABC9_DELAY'.
Generating RTLIL representation for module `$__ABC9_SCC_BREAKER'.
Generating RTLIL representation for module `$__DFF_N__$abc9_flop'.
Generating RTLIL representation for module `$__DFF_P__$abc9_flop'.
Successfully finished Verilog frontend.

7.45.10. Executing ABC9_OPS pass (helper functions for ABC9).
<suppressed ~2 debug messages>

7.45.11. Executing ABC9_OPS pass (helper functions for ABC9).

7.45.12. Executing ABC9_OPS pass (helper functions for ABC9).
<suppressed ~2 debug messages>

7.45.13. Executing TECHMAP pass (map to technology primitives).

7.45.13.1. Executing Verilog-2005 frontend: /workspace/arty-frame-studio/scratch/ci-tools/oss-cad-suite/lib/../share/yosys/techmap.v
Parsing Verilog input from `/workspace/arty-frame-studio/scratch/ci-tools/oss-cad-suite/lib/../share/yosys/techmap.v' to AST representation.
Generating RTLIL representation for module `\_90_simplemap_bool_ops'.
Generating RTLIL representation for module `\_90_simplemap_reduce_ops'.
Generating RTLIL representation for module `\_90_simplemap_logic_ops'.
Generating RTLIL representation for module `\_90_simplemap_compare_ops'.
Generating RTLIL representation for module `\_90_simplemap_various'.
Generating RTLIL representation for module `\_90_simplemap_registers'.
Generating RTLIL representation for module `\_90_shift_ops_shr_shl_sshl_sshr'.
Generating RTLIL representation for module `\_90_shift_shiftx'.
Generating RTLIL representation for module `\_90_fa'.
Generating RTLIL representation for module `\_90_lcu_brent_kung'.
Generating RTLIL representation for module `\_90_alu'.
Generating RTLIL representation for module `\_90_macc'.
Generating RTLIL representation for module `\_90_alumacc'.
Generating RTLIL representation for module `$__div_mod_u'.
Generating RTLIL representation for module `$__div_mod_trunc'.
Generating RTLIL representation for module `\_90_div'.
Generating RTLIL representation for module `\_90_mod'.
Generating RTLIL representation for module `$__div_mod_floor'.
Generating RTLIL representation for module `\_90_divfloor'.
Generating RTLIL representation for module `\_90_modfloor'.
Generating RTLIL representation for module `\_90_pow'.
Generating RTLIL representation for module `\_90_pmux'.
Generating RTLIL representation for module `\_90_demux'.
Generating RTLIL representation for module `\_90_lut'.
Generating RTLIL representation for module `$connect'.
Generating RTLIL representation for module `$input_port'.
Successfully finished Verilog frontend.

7.45.13.2. Continuing TECHMAP pass.
Using template CARRY4 for cells of type CARRY4.
Using extmapper simplemap for cells of type $xor.
Using extmapper simplemap for cells of type $mux.
Using extmapper simplemap for cells of type $or.
No more expansions possible.
<suppressed ~520 debug messages>

7.45.14. Executing OPT pass (performing simple optimizations).

7.45.14.1. Executing OPT_EXPR pass (perform const folding).
Optimizing module arty_top.

7.45.14.2. Executing OPT_MERGE pass (detect identical cells).
Finding identical cells in module `\arty_top'.
Computing hashes of 62 cells of `\arty_top'.
Finding duplicate cells in `\arty_top'.
Computing hashes of 61 cells of `\arty_top'.
Finding duplicate cells in `\arty_top'.
<suppressed ~3 debug messages>
Removed a total of 1 cells.

7.45.14.3. Executing OPT_MUXTREE pass (detect dead branches in mux trees).
Running muxtree optimizer on module \arty_top..
  Creating internal representation of mux trees.
  No muxes found in this module.
Removed 0 multiplexer ports.

7.45.14.4. Executing OPT_REDUCE pass (consolidate $*mux and $reduce_* inputs).
  Optimizing cells in module \arty_top.
Performed a total of 0 changes.

7.45.14.5. Executing OPT_MERGE pass (detect identical cells).
Finding identical cells in module `\arty_top'.
Computing hashes of 61 cells of `\arty_top'.
Finding duplicate cells in `\arty_top'.
Removed a total of 0 cells.

7.45.14.6. Executing OPT_DFF pass (perform DFF optimizations).

7.45.14.7. Executing OPT_CLEAN pass (remove unused cells and wires).
Finding unused cells or wires in module \arty_top..
Removed 0 unused cells and 14 unused wires.
<suppressed ~3 debug messages>

7.45.14.8. Executing OPT_EXPR pass (perform const folding).
Optimizing module arty_top.

7.45.14.9. Rerunning OPT passes. (Maybe there is more to do..)

7.45.14.10. Executing OPT_MUXTREE pass (detect dead branches in mux trees).
Running muxtree optimizer on module \arty_top..
  Creating internal representation of mux trees.
  No muxes found in this module.
Removed 0 multiplexer ports.

7.45.14.11. Executing OPT_REDUCE pass (consolidate $*mux and $reduce_* inputs).
  Optimizing cells in module \arty_top.
Performed a total of 0 changes.

7.45.14.12. Executing OPT_MERGE pass (detect identical cells).
Finding identical cells in module `\arty_top'.
Computing hashes of 61 cells of `\arty_top'.
Finding duplicate cells in `\arty_top'.
Removed a total of 0 cells.

7.45.14.13. Executing OPT_DFF pass (perform DFF optimizations).

7.45.14.14. Executing OPT_CLEAN pass (remove unused cells and wires).
Finding unused cells or wires in module \arty_top..

7.45.14.15. Executing OPT_EXPR pass (perform const folding).
Optimizing module arty_top.

7.45.14.16. Finished fast OPT passes. (There is nothing left to do.)

7.45.15. Executing AIGMAP pass (map logic to AIG).
Module arty_top: replaced 9 cells with 60 new cells, skipped 52 cells.
  replaced 3 cell types:
       4 $_MUX_
       1 $_OR_
       4 $_XOR_
  not replaced 1 cell types:
      52 $specify2

7.45.16. Executing AIGMAP pass (map logic to AIG).
Module arty_top: replaced 1542 cells with 9102 new cells, skipped 2010 cells.
  replaced 3 cell types:
     942 $_MUX_
     564 $_OR_
      36 $_XOR_
  not replaced 13 cell types:
     424 $_AND_
     315 $_NOT_
       5 $scopeinfo
       2 BUFG
    1138 FDRE
      50 FDSE
       3 IBUF
       1 PLLE2_ADV
       3 ODDR
       8 OBUF
      53 CARRY4
       4 $paramod\FDPE\INIT=1'1_$abc9_byp
       4 $paramod\FDPE\INIT=1'1

7.45.16.1. Executing ABC9_OPS pass (helper functions for ABC9).

7.45.16.2. Executing ABC9_OPS pass (helper functions for ABC9).

7.45.16.3. Executing XAIGER backend.
<suppressed ~1203 debug messages>
Extracted 3922 AND gates and 11893 wires from module `arty_top' to a netlist network with 1214 inputs and 1016 outputs.

7.45.16.4. Executing ABC9_EXE pass (technology mapping using ABC9).

7.45.16.5. Executing ABC9.
Running ABC command: "<yosys-exe-dir>/yosys-abc" -s -f <abc-temp-dir>/abc.script 2>&1
ABC: ======== ABC command line "source <abc-temp-dir>/abc.script"
ABC: + read_lut <abc-temp-dir>/input.lut 
ABC: + read_box <abc-temp-dir>/input.box 
ABC: + &read <abc-temp-dir>/input.xaig 
ABC: + &ps 
ABC: <abc-temp-dir>/input : i/o =   1214/   1016  and =    3355  lev =   25 (2.03)  mem = 0.09 MB  box = 57  bb = 4
ABC: + &scorr 
ABC: Warning: The network is combinational.
ABC: + &sweep 
ABC: + &dc2 
ABC: + &dch -f -r 
ABC: + &ps 
ABC: <abc-temp-dir>/input : i/o =   1214/   1016  and =    5055  lev =   16 (1.62)  mem = 0.11 MB  ch =  755  box = 57  bb = 4
ABC: cst =       0  cls =    697  lit =     755  unused =    5245  proof =     0
ABC: + &if -W 300 -v 
ABC: K = 8. Memory (bytes): Truth =    0. Cut =   68. Obj =  152. Set =  708. CutMin = no
ABC: Node =    5055.  Ch =   697.  Total mem =    1.32 MB. Peak cut mem =    0.07 MB.
ABC: P:  Del = 3220.00.  Ar =    4163.0.  Edge =     4460.  Cut =    72699.  T =     0.01 sec
ABC: P:  Del = 3220.00.  Ar =    4138.0.  Edge =     4472.  Cut =    70467.  T =     0.01 sec
ABC: P:  Del = 3220.00.  Ar =    2967.0.  Edge =     3797.  Cut =    99506.  T =     0.01 sec
ABC: F:  Del = 3220.00.  Ar =    2670.0.  Edge =     3432.  Cut =    77875.  T =     0.01 sec
ABC: A:  Del = 3220.00.  Ar =    2599.0.  Edge =     3265.  Cut =    78536.  T =     0.02 sec
ABC: A:  Del = 3220.00.  Ar =    2598.0.  Edge =     3265.  Cut =    78665.  T =     0.02 sec
ABC: Total time =     0.08 sec
ABC: + &write -n <abc-temp-dir>/output.aig 
ABC: + &mfs 
ABC: + &ps -l 
ABC: <abc-temp-dir>/input : i/o =   1214/   1016  and =    3314  lev =   16 (1.73)  mem = 0.09 MB  box = 57  bb = 4
ABC: Mapping (K=8)  :  lut =    802  edge =    3196  lev =    6 (0.80)  levB =    8  mem = 0.04 MB
ABC: LUT = 802 : 2=193 24.1 %  3=119 14.8 %  4=146 18.2 %  5=197 24.6 %  6=146 18.2 %  7=0 0.0 %  8=1 0.1 %  Ave = 3.99
ABC: + &write -n <abc-temp-dir>/output.aig 
ABC: + &verify 
ABC: Networks are equivalent.  Time =     0.05 sec
ABC: + time 
ABC: elapse: 0.35 seconds, total: 0.35 seconds

7.45.16.6. Executing AIGER frontend.
<suppressed ~4471 debug messages>
Removed 5328 unused cells and 8759 unused wires.

7.45.16.7. Executing ABC9_OPS pass (helper functions for ABC9).
ABC RESULTS:              $lut cells:      930
ABC RESULTS:           \CARRY4 cells:       53
ABC RESULTS:   $paramod\FDPE\INIT=1'1_$abc9_byp cells:        4
ABC RESULTS:           input signals:       79
ABC RESULTS:          output signals:      181
Removing temp directory.

7.45.17. Executing TECHMAP pass (map to technology primitives).

7.45.17.1. Executing Verilog-2005 frontend: /workspace/arty-frame-studio/scratch/ci-tools/oss-cad-suite/lib/../share/yosys/abc9_unmap.v
Parsing Verilog input from `/workspace/arty-frame-studio/scratch/ci-tools/oss-cad-suite/lib/../share/yosys/abc9_unmap.v' to AST representation.
Generating RTLIL representation for module `$__DFF_x__$abc9_flop'.
Generating RTLIL representation for module `$__ABC9_SCC_BREAKER'.
Successfully finished Verilog frontend.

7.45.17.2. Continuing TECHMAP pass.
Using template $paramod\FDPE\INIT=1'1 for cells of type $paramod\FDPE\INIT=1'1.
Using template $paramod\FDPE\INIT=1'1_$abc9_byp for cells of type $paramod\FDPE\INIT=1'1_$abc9_byp.
No more expansions possible.
<suppressed ~15 debug messages>
Removed 134 unused cells and 18942 unused wires.

7.46. Executing XILINX_SRL pass (Xilinx shift register extraction).

7.47. Executing TECHMAP pass (map to technology primitives).

7.47.1. Executing Verilog-2005 frontend: /workspace/arty-frame-studio/scratch/ci-tools/oss-cad-suite/lib/../share/yosys/xilinx/lut_map.v
Parsing Verilog input from `/workspace/arty-frame-studio/scratch/ci-tools/oss-cad-suite/lib/../share/yosys/xilinx/lut_map.v' to AST representation.
Generating RTLIL representation for module `$lut'.
Successfully finished Verilog frontend.

7.47.2. Executing Verilog-2005 frontend: /workspace/arty-frame-studio/scratch/ci-tools/oss-cad-suite/lib/../share/yosys/xilinx/cells_map.v
Parsing Verilog input from `/workspace/arty-frame-studio/scratch/ci-tools/oss-cad-suite/lib/../share/yosys/xilinx/cells_map.v' to AST representation.
Generating RTLIL representation for module `$__SHREG_'.
Generating RTLIL representation for module `$__XILINX_SHREG_'.
Generating RTLIL representation for module `$__XILINX_MUXF78'.
Successfully finished Verilog frontend.

7.47.3. Continuing TECHMAP pass.
Using template $paramod$0c845bc01566011ca86cb05dae2d5f3ad02b38d3$lut for cells of type $lut.
Using template $paramod$lut\WIDTH=32'00000000000000000000000000000010\LUT=4'0100 for cells of type $lut.
Using template $paramod$lut\WIDTH=32'00000000000000000000000000000010\LUT=4'0110 for cells of type $lut.
Using template $paramod$f305b0e0162b2c92f82dc5adb15b8ac0ea321e81$lut for cells of type $lut.
Using template $paramod$6a7cc3b0877d20b55f87daf036ff6323491d4378$lut for cells of type $lut.
Using template $paramod$20f3f4b8e32f8a8b038b0056872dc94926194798$lut for cells of type $lut.
Using template $paramod$c11ee6bbb8d9fd9cf391261624c378fb45e86b84$lut for cells of type $lut.
Using template $paramod$lut\WIDTH=32'00000000000000000000000000000010\LUT=4'0111 for cells of type $lut.
Using template $paramod$lut\WIDTH=32'00000000000000000000000000000010\LUT=4'0010 for cells of type $lut.
Using template $paramod$lut\WIDTH=32'00000000000000000000000000000010\LUT=4'1110 for cells of type $lut.
Using template $paramod$lut\WIDTH=32'00000000000000000000000000000011\LUT=8'00000010 for cells of type $lut.
Using template $paramod$lut\WIDTH=32'00000000000000000000000000000010\LUT=4'1011 for cells of type $lut.
Using template $paramod$95994721d3c832b251cca338772f7ec207995711$lut for cells of type $lut.
Using template $paramod$lut\WIDTH=32'00000000000000000000000000000011\LUT=8'00001000 for cells of type $lut.
Using template $paramod$lut\WIDTH=32'00000000000000000000000000000011\LUT=8'10000000 for cells of type $lut.
Using template $paramod$lut\WIDTH=32'00000000000000000000000000000010\LUT=4'1000 for cells of type $lut.
Using template $paramod$lut\WIDTH=32'00000000000000000000000000000010\LUT=4'0001 for cells of type $lut.
Using template $paramod$4ade6981f98767873fc862ab1b435bfb196f4273$lut for cells of type $lut.
Using template $paramod$lut\WIDTH=32'00000000000000000000000000000010\LUT=4'1101 for cells of type $lut.
Using template $paramod$lut\WIDTH=32'00000000000000000000000000000011\LUT=8'11110001 for cells of type $lut.
Using template $paramod$658b9ed803f0d3d335616d3858b53e0a2522f1e8$lut for cells of type $lut.
Using template $paramod$cf652acbfbf67d2248e3045cd0f09c58ca55886c$lut for cells of type $lut.
Using template $paramod$9ae0f136c9ed34a2deb323e9b2a3a520eea61514$lut for cells of type $lut.
Using template $paramod$de3406006c16cf7256a0a2fdcbb1597ad8f6cb54$lut for cells of type $lut.
Using template $paramod$6e238df02989b317f10820a22773676e71120644$lut for cells of type $lut.
Using template $paramod$2f2b96bbed179a5b8f8ecbb6dcdf240e0b4579dd$lut for cells of type $lut.
Using template $paramod$ee19d45db61acb4c70d938b97483a4ed4b792645$lut for cells of type $lut.
Using template $paramod$6023c671e114c4eb0467aa8a0b08e183f33ec2fd$lut for cells of type $lut.
Using template $paramod$lut\WIDTH=32'00000000000000000000000000000011\LUT=8'11011111 for cells of type $lut.
Using template $paramod$lut\WIDTH=32'00000000000000000000000000000011\LUT=8'00000001 for cells of type $lut.
Using template $paramod$359fe4e746656bf9c72aecaff84fc7bdea9f55a5$lut for cells of type $lut.
Using template $paramod$c28a8b7ce0535d090c4cfb52e9c74affd52b110c$lut for cells of type $lut.
Using template $paramod$f5d1c5d5f77f45ffe17befc28ba399e703b6f0a5$lut for cells of type $lut.
Using template $paramod$lut\WIDTH=32'00000000000000000000000000000011\LUT=8'00010000 for cells of type $lut.
Using template $paramod$b4f15f202f50520dbc381cd0880ac94f830f05a8$lut for cells of type $lut.
Using template $paramod$lut\WIDTH=32'00000000000000000000000000000011\LUT=8'11001101 for cells of type $lut.
Using template $paramod$4282def8dbd6df3d1248ad282c629bee684502c2$lut for cells of type $lut.
Using template $paramod$lut\WIDTH=32'00000000000000000000000000000011\LUT=8'00111010 for cells of type $lut.
Using template $paramod$916b014a004e17c443a8d6bf7aaa791670fd31c4$lut for cells of type $lut.
Using template $paramod$lut\WIDTH=32'00000000000000000000000000000011\LUT=8'00101010 for cells of type $lut.
Using template $paramod$209c904e60199323a5f391aa59a2effb52ed2156$lut for cells of type $lut.
Using template $paramod$0fa351d24d2713ce0a93e46f5deedd65d95d22b8$lut for cells of type $lut.
Using template $paramod$7e2a54848bdfd3a79f4ef5ed39bdd60d6c085df9$lut for cells of type $lut.
Using template $paramod$94ac66a11090dca84889e55fcf03297912a5b7ec$lut for cells of type $lut.
Using template $paramod$ad823946862e656cf7f96d606b18b8f972dc6d6c$lut for cells of type $lut.
Using template $paramod$eba7de026ff587370e320127e266317dae097a89$lut for cells of type $lut.
Using template $paramod$lut\WIDTH=32'00000000000000000000000000000011\LUT=8'01000000 for cells of type $lut.
Using template $paramod$872def176acf0af46aee1a4df67a9291309e3c01$lut for cells of type $lut.
Using template $paramod$2f0d23f9978cc1d2aea8e457cf7622a923313618$lut for cells of type $lut.
Using template $paramod$3a7777b2508525339fdd9d4d4a4334ec90f3008d$lut for cells of type $lut.
Using template $paramod$lut\WIDTH=32'00000000000000000000000000000011\LUT=8'00000111 for cells of type $lut.
Using template $paramod$01f6718a20347d01b5319628e8df9cb3afb12799$lut for cells of type $lut.
Using template $paramod$lut\WIDTH=32'00000000000000000000000000000011\LUT=8'10100010 for cells of type $lut.
Using template $paramod$b4a7b97b82e873ad2007f328ba00e2e517cb8aca$lut for cells of type $lut.
Using template $paramod$d738c0fcdf3e936907abac3b7f38a9019564959a$lut for cells of type $lut.
Using template $paramod$c791ca4813066f1564f9c6dc175aa4fa65132f64$lut for cells of type $lut.
Using template $paramod$7491e7206ae8c682d288373efe06a43b67c277cf$lut for cells of type $lut.
Using template $paramod$d546db88fc169832512e499a9cdf9a41b89ab74e$lut for cells of type $lut.
Using template $paramod$891d17c049ef97ffbed57a5d4edf3f9e83d4f776$lut for cells of type $lut.
Using template $paramod$9bdc414229f06e785dc8fd97a243faa9336e164a$lut for cells of type $lut.
Using template $paramod$1441752f75f40414168532910704745ad88e7c69$lut for cells of type $lut.
Using template $paramod$79faec867518213fe3ba8fe517b66fafcb847f47$lut for cells of type $lut.
Using template $paramod$7e8d331d1e06632d29fbdf6c3afc2de1856d3c67$lut for cells of type $lut.
Using template $paramod$7930b2157db0834824ceb167cda5f19295579834$lut for cells of type $lut.
Using template $paramod$b2192df6f90569fea4015d0a6658bdc192199f95$lut for cells of type $lut.
Using template $paramod$2645ed3928f2726e8ccb403cb23252de43b617d7$lut for cells of type $lut.
Using template $paramod$c59627c2ddd45344d154504f37f2ef1f9cb76817$lut for cells of type $lut.
Using template $paramod$c97b3c4aba055dfe9ccb3c6873dcdb5ee003bea0$lut for cells of type $lut.
Using template $paramod$b45e5cb971154e30a797eecb0461619c3eeae12d$lut for cells of type $lut.
Using template $paramod$cc22e09e1036d6a012c3a3d696273ca29f26ef20$lut for cells of type $lut.
Using template $paramod$5585db2e6f977b7653075c20059d0f7164606cae$lut for cells of type $lut.
Using template $paramod$6a9b42dd2737c91073e6a695b8ac858c4a8587d7$lut for cells of type $lut.
Using template $paramod$3ae7a36bd0083947d4c3315c13c9cbdecd216c86$lut for cells of type $lut.
Using template $paramod$aab54572d5ffecd31253b36e73e9cb718d05be34$lut for cells of type $lut.
Using template $paramod$e7f1a5f096ac8b58816d9f700ee1bd34a3762c95$lut for cells of type $lut.
Using template $paramod$c56e29e1247062feb42e48815fc9e282e6d96c76$lut for cells of type $lut.
Using template $paramod$lut\WIDTH=32'00000000000000000000000000000011\LUT=8'10101100 for cells of type $lut.
Using template $paramod$8d7a8d6e3356de09670738ba85f2c6b874f6b06d$lut for cells of type $lut.
Using template $paramod$2382b0dd4cb27fd4312681c40a6dd179c2a7a26a$lut for cells of type $lut.
Using template $paramod$2d07c1a6c53c7b878509360922c4fa5ebedc3011$lut for cells of type $lut.
Using template $paramod$559d8f61325f7b4ee17556605f88d95718b41383$lut for cells of type $lut.
Using template $paramod$lut\WIDTH=32'00000000000000000000000000000010\LUT=4'1001 for cells of type $lut.
Using template $paramod$251994398653c4cf8de320f1e306e535d5d2d624$lut for cells of type $lut.
Using template $paramod$200337237619ba4c0bed9a492562f1d1b57fb569$lut for cells of type $lut.
Using template $paramod$571404c0889eaf57f492cb5e37f8acb5df5852f9$lut for cells of type $lut.
Using template $paramod$8c8a4d2267d9e6eaaf248a5e83f3d3bc9da5773b$lut for cells of type $lut.
Using template $paramod$804fe9d60b3e337236f37a5c9b5a3a06e1db10e3$lut for cells of type $lut.
Using template $paramod$3830fbfbec2ed4d6e3e957e17e4fca97b7adef1f$lut for cells of type $lut.
Using template $paramod$254002bc13ba7349bfb53f31f82c7f2613529231$lut for cells of type $lut.
Using template $paramod$f27860690dff370739fd656d013697ab4c5b8fc2$lut for cells of type $lut.
Using template $paramod$5b86c44f0efdee8d612fc46787b79cf7bb30d652$lut for cells of type $lut.
Using template $paramod$f91974ed76679978bb5ed737ed2baef1784b50ab$lut for cells of type $lut.
Using template $paramod$e0b16dfc58d6dc3ae917cfff261c594dc4e8ff57$lut for cells of type $lut.
Using template $paramod$d8dbce64d9749ea1ef58e0a597abcba18bfff19c$lut for cells of type $lut.
Using template $paramod$66ac1d264bfb6787fe25136927abbec337509c61$lut for cells of type $lut.
Using template $paramod$lut\WIDTH=32'00000000000000000000000000000011\LUT=8'11100010 for cells of type $lut.
Using template $paramod$6c3e4280b81e5696e80952a51594ccce3e3d8242$lut for cells of type $lut.
Using template $paramod$f0e5fac63d80f03c93d1f47b6d9b99bd63cde38c$lut for cells of type $lut.
Using template $paramod$aaa455c4d7ed4f625c2bfd88593f811257f3a074$lut for cells of type $lut.
Using template $paramod$26dbbe00b9256d9df335c7dd4020a36204319b74$lut for cells of type $lut.
Using template $paramod$0a4d85497e20c50068555dd5ad9ad3a7952cab73$lut for cells of type $lut.
Using template $paramod$635bf47fc326ee9621c92c83e2348378cb81fdc5$lut for cells of type $lut.
Using template $paramod$786b81b2d4fce61fcbb657ccbd9a1f36586f135e$lut for cells of type $lut.
Using template $paramod$904f1dc9798e81709aad21bfe77160d17b1ac9e4$lut for cells of type $lut.
Using template $paramod$542bf3e2433ba1807ed337c1856ae93742a72e79$lut for cells of type $lut.
Using template $paramod$ef02ea28c4f9766a22068d6502e87f79cf2d9131$lut for cells of type $lut.
Using template $paramod$11311d0910fad93e18b3bb1bff370579d2864878$lut for cells of type $lut.
Using template $paramod$c2801e2e15bd868e803881f09d5b0966f6fc72cd$lut for cells of type $lut.
Using template $paramod$94764f9831beee75d4e9593410f401cbfd142e9e$lut for cells of type $lut.
Using template $paramod$lut\WIDTH=32'00000000000000000000000000000011\LUT=8'00100000 for cells of type $lut.
Using template $paramod$39a84ebb087d20a5a75e013ddc7e44c25df67e21$lut for cells of type $lut.
Using template $paramod$46b76b5a166238cdd8303432f546ef66580facb8$lut for cells of type $lut.
Using template $paramod$fa45f28daf300aaa781ee4b9baa5ce968b1d8c66$lut for cells of type $lut.
Using template $paramod$7d680f46185ec5a72eec6a715f196934e49a2b69$lut for cells of type $lut.
Using template $paramod$32b4e51da269893c8b54ddd99c9c50ae31522f8c$lut for cells of type $lut.
Using template $paramod$f55f4b90ec8e3e648d5c29eab1fa5ddd64b3f973$lut for cells of type $lut.
Using template $paramod$3624c20ff0529d5093a08276f6a913f7924cb5ca$lut for cells of type $lut.
Using template $paramod$lut\WIDTH=32'00000000000000000000000000000011\LUT=8'11111000 for cells of type $lut.
Using template $paramod$lut\WIDTH=32'00000000000000000000000000000011\LUT=8'00001101 for cells of type $lut.
Using template $paramod$55668dfd6e901cbdb37e2cafeb410b9fc2f26615$lut for cells of type $lut.
Using template $paramod$eeed37ce45abdda29d3e180f2d1dfc0c4c376530$lut for cells of type $lut.
Using template $paramod$82ef0e5f8c78949d147c5dd94e09c34034b80237$lut for cells of type $lut.
Using template $paramod$51f09467e40de53c6edaa1074acf47337b836f7c$lut for cells of type $lut.
Using template $paramod$fef6b99862d84e9b0d4e06a681889eb4f5a74266$lut for cells of type $lut.
Using template $paramod$e49f6e3576ef1a6d2f58c54414dbb786af8cc869$lut for cells of type $lut.
Using template $paramod$01f5650154e893c50319c1d6a983870ecebd79b5$lut for cells of type $lut.
Using template $paramod$a14e73fd3bec82fc6347a987f8204d2402a5b481$lut for cells of type $lut.
Using template $paramod$497aa714ffa399423aed5fe789a8dd35df92638a$lut for cells of type $lut.
Using template $paramod$f4af5746c63689a8ab2b9d0a91491f7f833b82a0$lut for cells of type $lut.
Using template $paramod$37c9af120c85145419565a9ccf4ceb7397fbbe92$lut for cells of type $lut.
Using template $paramod$7bc39f5e7dd88f163b105f328d9a139650c773f2$lut for cells of type $lut.
Using template $paramod$99e98c18b6f187b0029bb796c4b7a92ad0ba5eb3$lut for cells of type $lut.
Using template $paramod$lut\WIDTH=32'00000000000000000000000000000011\LUT=8'10101110 for cells of type $lut.
Using template $paramod$f0ef0ec2309673955d0d3e55e3cbe21c3bd693da$lut for cells of type $lut.
Using template $paramod$97128c8e71f4612b23a4b06d9993ef384a6c0ebe$lut for cells of type $lut.
Using template $paramod$01641ba81c949894b317ec0470c6807ab1f49bca$lut for cells of type $lut.
Using template $paramod$6b7c9c56fc2a32a479d463d5f3b0d3f4673b67f1$lut for cells of type $lut.
Using template $paramod$904df8b1eb23384675349f23ffb96e1a919308bf$lut for cells of type $lut.
Using template $paramod$82abb8f9ddaac453e6ee24bf456879be259b8e87$lut for cells of type $lut.
Using template $paramod$9bb5ba9aa21bc87eff75b0b7ac113eb7b41e85bd$lut for cells of type $lut.
Using template $paramod$lut\WIDTH=32'00000000000000000000000000000011\LUT=8'01110010 for cells of type $lut.
Using template $paramod$lut\WIDTH=32'00000000000000000000000000000011\LUT=8'11100100 for cells of type $lut.
Using template $paramod$lut\WIDTH=32'00000000000000000000000000000011\LUT=8'11011000 for cells of type $lut.
Using template $paramod$8bda1f127fa4e8e6a0aed4b4606bbca88d5cdc73$lut for cells of type $lut.
Using template $paramod$df2642f05f5a74776850200bc94ea206bfacf03d$lut for cells of type $lut.
Using template $paramod$lut\WIDTH=32'00000000000000000000000000000011\LUT=8'01001011 for cells of type $lut.
Using template $paramod$aeb1a81840f6930807f3c33485ea0b270b9bd85b$lut for cells of type $lut.
Using template $paramod$be48d952fcad8a16b8d84daa4c48a3065f343e5e$lut for cells of type $lut.
Using template $paramod$b48f550fe9dac2df71a2e97a78f994190deff621$lut for cells of type $lut.
Using template $paramod$6d05ee5be4fbc817e6482b590e1831ddde15ffbe$lut for cells of type $lut.
Using template $paramod$b06f647ce20c37e3f99cc37ba373a955944d583a$lut for cells of type $lut.
Using template $paramod$19d6d16790bfa1b80d80e6815822e7ca447ba350$lut for cells of type $lut.
Using template $paramod$0b77dc8b32370a17504ef75d1f3714af2d19c7ce$lut for cells of type $lut.
Using template $paramod$lut\WIDTH=32'00000000000000000000000000000011\LUT=8'01101001 for cells of type $lut.
Using template $paramod$c057b6728803548a9bc8a081f71c2f2f063aeaf5$lut for cells of type $lut.
Using template $paramod$1ad9ca75a5e52e69f39f16c0b8ffb14773a0b7f2$lut for cells of type $lut.
Using template $paramod$684403890f68da4a31c2367f14532cd352863fdd$lut for cells of type $lut.
Using template $paramod$b5d2ddcf66f5237fb7b81882f14baf21a2e8ebb7$lut for cells of type $lut.
Using template $paramod$0540a1e2a35e2851e7775d44fe8f3ad52fc198e5$lut for cells of type $lut.
Using template $paramod$lut\WIDTH=32'00000000000000000000000000000011\LUT=8'11001010 for cells of type $lut.
Using template $paramod$4f09540800ac966d6e31a7ccf5f32a559a8ce57a$lut for cells of type $lut.
Using template $paramod$4b9b235bc4444ff899bef0c648e4109b26737f1a$lut for cells of type $lut.
Using template $paramod$c9f792954b29999df4e015292fcde98aba88c9bb$lut for cells of type $lut.
Using template $paramod$452f28c803b9a64f21928a1358bab549c10985ab$lut for cells of type $lut.
Using template $paramod$762d2efedb19f384667a9a0edddbdf7c0d712caa$lut for cells of type $lut.
Using template $paramod$085cb83d0db09780ae5aa544a0f286ba9445143f$lut for cells of type $lut.
Using template $paramod$lut\WIDTH=32'00000000000000000000000000000011\LUT=8'10110011 for cells of type $lut.
Using template $paramod$f109125ffdede8321ac65719b1066c75ff1eaef0$lut for cells of type $lut.
Using template $paramod$f3122fc2ff51a408bfb90801d48593f4a2ec77f6$lut for cells of type $lut.
Using template $paramod$633ea4e924c3cee46c4996099b701ece3907518d$lut for cells of type $lut.
Using template $paramod$47072a0659ca63bfcc563d92795adbbaaa2c46ae$lut for cells of type $lut.
Using template $paramod$cda984ca0d7835b502159e61bdfbf67836d59d91$lut for cells of type $lut.
Using template $paramod$b10362b71f0fae22c5be855d27fcefe2e81551bf$lut for cells of type $lut.
Using template $paramod$793fc28cf61120083daef76d0ad6adfe307204e0$lut for cells of type $lut.
Using template $paramod$00f684efd6ccf072dc46297a83ef2462afc8f01b$lut for cells of type $lut.
Using template $paramod$7aa04f139383fa51c7416f38a07b7c28700b1738$lut for cells of type $lut.
Using template $paramod$d330f39a497e29dd1c29fbd6c090f86e91f25241$lut for cells of type $lut.
Using template $paramod$43462ec914e326563f9948adb1f25896ffa1a60f$lut for cells of type $lut.
Using template $paramod$lut\WIDTH=32'00000000000000000000000000000001\LUT=2'01 for cells of type $lut.
Using template $paramod$e5f53fb2cb3e702c9422ebddd3ba952e5a8f3401$lut for cells of type $lut.
Using template $paramod$101238f3d8d49ab12a9b49a2f01cd503b26e9c61$lut for cells of type $lut.
Using template $paramod$8e44661def013b6bf9fe6f8b049ef2c838d749f9$lut for cells of type $lut.
Using template $paramod$f9813472aa48e533b3838c6f2316dc2e78c66111$lut for cells of type $lut.
Using template $paramod$a5516fc31d1e552de2435200bb732b4d4ad63a9c$lut for cells of type $lut.
Using template $paramod$d6ca727e39f31d51d29072e0f33aa09c65e37336$lut for cells of type $lut.
Using template $paramod$345e594e3e86fb5714f53304e99d8ef40a9499ad$lut for cells of type $lut.
Using template $paramod$046bd331bd9f6de074d2877cb021cb7bbb92f62d$lut for cells of type $lut.
Using template $paramod$5076a9b521f13af7c5d1c35833cc1b2260625b01$lut for cells of type $lut.
Using template $paramod$477da4277c03c2ef33b36398805e65ce04b52e70$lut for cells of type $lut.
Using template $paramod$lut\WIDTH=32'00000000000000000000000000000011\LUT=8'10111000 for cells of type $lut.
Using template $paramod$df9129ba5c4bb59bd3031f030196b50735fc7417$lut for cells of type $lut.
Using template $paramod$778cfa89a311116b4664a0be7522bd19e4c50232$lut for cells of type $lut.
Using template $paramod$290bf53f21bdb6a552ea8bab453a53f6c6c1109b$lut for cells of type $lut.
Using template $paramod$9ab494594f178f1b2722725c1a755ee5c002129c$lut for cells of type $lut.
Using template $paramod$a64732f582ea8289cbced924e0b49666f5719dd7$lut for cells of type $lut.
Using template $paramod$f4fa1651741be6abfc1905ad57b45e873d297471$lut for cells of type $lut.
Using template $paramod$6d6beead1425af15cf78b27fd9b11b41b5d4bce8$lut for cells of type $lut.
Using template $paramod$313e06cb856cd0dba4480b5d9db74db4a01348f9$lut for cells of type $lut.
Using template $paramod$1b4a80eac6882ccb3913b7d460f551c03d412cab$lut for cells of type $lut.
Using template $paramod$9cf044275e70b6dc34d2f815a6f8ffc23f9694a0$lut for cells of type $lut.
Using template $paramod$fe4be41ca99978dcdb8f8c64fa471e60bfede3a5$lut for cells of type $lut.
Using template $paramod$lut\WIDTH=32'00000000000000000000000000000011\LUT=8'10110000 for cells of type $lut.
Using template $paramod$7bb6a37e65823eeb4b38c370fec30ab082759a14$lut for cells of type $lut.
Using template $paramod$f2901847b464ae69fe4409de0e9bcf9025307e1f$lut for cells of type $lut.
Using template $paramod$adbb1dde6c987d24ce9039960a9f4e56a141c78d$lut for cells of type $lut.
Using template $paramod$b922726d44d6ae651b8a94be373a492021525920$lut for cells of type $lut.
Using template $paramod$76be5a5900f80a135961ac09b0cf70ec8308af2c$lut for cells of type $lut.
Using template $paramod$7f7628783c4bce0004ad33a8b19eb7a98c9598af$lut for cells of type $lut.
Using template $paramod$a693950588942c165c27c6621fc023eca9e75aa8$lut for cells of type $lut.
Using template $paramod$3ef319efded008eed5f930491a82ee1762b3c0df$lut for cells of type $lut.
Using template $paramod$7455e32bd8f3339ff89626ce2f20cb75204cfd6f$lut for cells of type $lut.
Using template $paramod$c39b4ae3eed03ff4e0ef2a41844cc5ea3df00d09$lut for cells of type $lut.
Using template $paramod$272652f6c6fbe9a75eff76e45cc7e2788835518b$lut for cells of type $lut.
Using template $paramod$lut\WIDTH=32'00000000000000000000000000000011\LUT=8'01110000 for cells of type $lut.
Using template $paramod$lut\WIDTH=32'00000000000000000000000000000011\LUT=8'11100000 for cells of type $lut.
Using template $paramod$6353cdfa5109a17ea817eacc18883dd3cbf8ee5e$lut for cells of type $lut.
Using template $paramod$011998c9bc40e79d3b9378981668ce5683b7cfe4$lut for cells of type $lut.
Using template $paramod$90687826ecc50762f08b06e0c2f0be8f8b42044c$lut for cells of type $lut.
Using template $paramod$00ef00d9115c2fabd39d83f02215a8671aeed20a$lut for cells of type $lut.
Using template $paramod$5ed059b4e4d917104a14ca4288ca3f18f1408bd6$lut for cells of type $lut.
Using template $paramod$2d52a1d6cf603c98ba7b908cd4e344a0536dbeca$lut for cells of type $lut.
Using template $paramod$90d040213a8233db7241b749c7c2e3ba613c2f3c$lut for cells of type $lut.
Using template $paramod$460a1b6b29173a1844f99933e3b6329f5a7967a0$lut for cells of type $lut.
Using template $paramod$38167f48412c114092b63f8464ec55c6413771da$lut for cells of type $lut.
Using template $paramod$5e7ce33521ec825031c98f84c69e72da2e7b4b8b$lut for cells of type $lut.
Using template $paramod$1d6919d92fff6785f7e773a1dca73732e4811aa2$lut for cells of type $lut.
Using template $paramod$d8faa39ceabdfb3c3df06f32e51de957df1026ef$lut for cells of type $lut.
Using template $paramod$8f8f3ed0dfbd822273417c0b66ef033f29ee6b95$lut for cells of type $lut.
Using template $paramod$c1e8a1aced06393036eece8ec1cda20d4f77322e$lut for cells of type $lut.
Using template $paramod$ee4719be90cb5e99ba51526a9f283fc572670293$lut for cells of type $lut.
Using template $paramod$c1fb529d4c7062138a3eb24bdd225005a2bb75d8$lut for cells of type $lut.
Using template $paramod$lut\WIDTH=32'00000000000000000000000000000011\LUT=8'11000100 for cells of type $lut.
Using template $paramod$c20e3e49943d81c32f342d9fd06ee2acc9f90598$lut for cells of type $lut.
Using template $paramod$b2065551aa6fa0eb8d7526c4c241605aea936dd9$lut for cells of type $lut.
Using template $paramod$33e58adf67c6b686a154c9ce8ebbc4b04b8cabc5$lut for cells of type $lut.
Using template $paramod$371fe52b7730fd7254b5eb1e2c1182401575cbe8$lut for cells of type $lut.
Using template $paramod$d8498bacb4164b5284f9399518c95718bdeccc06$lut for cells of type $lut.
Using template $paramod$0260ba258d9e1a608f5e349a51c65fb9e84b9283$lut for cells of type $lut.
Using template $paramod$782961deb8dc512aef835b73aa3765da3ab3c15c$lut for cells of type $lut.
Using template $paramod$2766a5474671ce15b31d4ca5775340eaf9a0c604$lut for cells of type $lut.
Using template $paramod$a5dd9ee10fc2202a29791f7d68d4afcce241aee5$lut for cells of type $lut.
Using template $paramod$d62fc140c26bd45d16de3ebed6da0aa258adf691$lut for cells of type $lut.
Using template $paramod$ae6e76c89ee618479487917c6bdbf40f2c71e712$lut for cells of type $lut.
Using template $paramod$3a481aeaeaa47883600dd402cb31511d7cfe4305$lut for cells of type $lut.
Using template $paramod$c62f30f5b36494e696c8b051d622af4a49f96559$lut for cells of type $lut.
Using template $paramod$34b7d359c5e631d8d3a358dd7ebcee67a8d92ac2$lut for cells of type $lut.
Using template $paramod$c362ad8dedc7d166ed978091aca319ab1e81a2d4$lut for cells of type $lut.
Using template $paramod$364c9ffbffac467d60dfec81bba4e18476c15602$lut for cells of type $lut.
Using template $paramod$9012d8b502c883155256cbe7ecb6b0a0ae1ddcda$lut for cells of type $lut.
Using template $paramod$e2666593e4c9df7baa46b77dc4fa318b00aff61e$lut for cells of type $lut.
Using template $paramod$f46e3be7242959e2d4ce1b51eb89e35fdd1ba156$lut for cells of type $lut.
Using template $paramod$a47ab8a9401965088c690edab226b5e61dd268e6$lut for cells of type $lut.
Using template $paramod$ce15874c299a587dd16825ec2d2d2759b547554e$lut for cells of type $lut.
Using template $paramod$7de651d7fb8f3d6a37bffb1727ec48e818688195$lut for cells of type $lut.
Using template $paramod$daf647bf6403143068eea8188cee93c3147be893$lut for cells of type $lut.
Using template $paramod$18cf9fd94f3dfbc0eec2d36733e8b7f907525098$lut for cells of type $lut.
Using template $paramod$d7059b1dbb7ca22904d545c1cf9519f2cc84a0a7$lut for cells of type $lut.
Using template $paramod$7b809938766c3068dc017c276033f224fcfb7189$lut for cells of type $lut.
Using template $paramod$1b53a9695a0f80de7517b50863b438fd2b7f56da$lut for cells of type $lut.
Using template $paramod$68c4537a09eac9ce630528580b63d6ed5073b381$lut for cells of type $lut.
Using template $paramod$ba32cac615b828201662f81669e652dd9b01019f$lut for cells of type $lut.
Using template $paramod$52acd744af558b1acd7f06b0e1d721506b042b9b$lut for cells of type $lut.
Using template $paramod$4e9e23686d07a1fd91232ab07371e48a0e62a680$lut for cells of type $lut.
Using template $paramod$fe89c52e83c5b0456317806a3190c48a5e8494e5$lut for cells of type $lut.
Using template $paramod$234997bee759301806c8ada31f0c044884c8f8c5$lut for cells of type $lut.
Using template $paramod$lut\WIDTH=32'00000000000000000000000000000011\LUT=8'00101110 for cells of type $lut.
Using template $paramod$47a8214374025465e226fa66bee690ff33268a25$lut for cells of type $lut.
Using template $paramod$dc41e9665158f6caac97365e95c1c2f88dcb2656$lut for cells of type $lut.
Using template $paramod$70988a678d1dbdb3b5ec278eeddef1f6bc0467b8$lut for cells of type $lut.
Using template $paramod$d0587f0a7b97f22f6e49b86d92a01a8e6f14f5b1$lut for cells of type $lut.
Using template $paramod$b0878fe1110407fee18c8a936649bef81b1047a4$lut for cells of type $lut.
Using template $paramod$bba54c1ef87367812b4c15f4aed5ac70773df775$lut for cells of type $lut.
Using template $paramod$278bd683847eac7727dff8003a1c1f2b20cfb7c6$lut for cells of type $lut.
Using template $paramod$0086a2b7bdc8a5c0f6a4a9980bebe54b6094fcf9$lut for cells of type $lut.
Using template $paramod$fdcae86fcfd036c1880a04306ae771a9d7579c31$lut for cells of type $lut.
Using template $paramod$eb201f73930cc189c12b9849b90bc828eee1c539$lut for cells of type $lut.
Using template $paramod$8adf7fbd410d2cc654c288d5be5f7508ee8809b0$lut for cells of type $lut.
Using template $paramod$085ac6daadd555b0f8cf8f603c7849f876be6cbc$lut for cells of type $lut.
Using template $paramod$lut\WIDTH=32'00000000000000000000000000000011\LUT=8'10100011 for cells of type $lut.
Using template $paramod$852529cdb0af9b4cffe1576ba2e3aec9b4760246$lut for cells of type $lut.
Using template $paramod$b40080b643baa8bb528ec249e10d82b2d80dfed9$lut for cells of type $lut.
Using template $paramod$07b1b12ce0305f55108770e958fd02caedfebdf8$lut for cells of type $lut.
Using template $paramod$0c6b5885c408d7fee7bdcd2b7a944e5e1af1ee0a$lut for cells of type $lut.
Using template $paramod$b98bdc0666d2743d3ea285b4b4fb0dd0f7eb8bd3$lut for cells of type $lut.
Using template $paramod$lut\WIDTH=32'00000000000000000000000000000011\LUT=8'01100011 for cells of type $lut.
Using template $paramod$1e5a72a7b277498b623c408cafdb37a89ed55dab$lut for cells of type $lut.
Using template $paramod$1c4dbeeea04b6c56ac33dc0603a780c532ee2f98$lut for cells of type $lut.
Using template $paramod$c86401afeb07c93aca873f67529be46833526bed$lut for cells of type $lut.
Using template $paramod$4f9212ba02c67002501e28d1b9b4a012b3feebd1$lut for cells of type $lut.
Using template $paramod$65c9e18a425629c750b14817c49675a3d67d3fea$lut for cells of type $lut.
Using template $paramod$c2d81197bea43c3d8ddfdf7128b6050e64491277$lut for cells of type $lut.
Using template $paramod$f5b34b5d43c393a5d943ffa4793b731ba32e5c40$lut for cells of type $lut.
Using template $paramod$6e239d07e94d4c88985a0b087d3d31c4f0ccb186$lut for cells of type $lut.
Using template $paramod$789ea136008ae3a64e13cdc6202ed5c5ae9b11e0$lut for cells of type $lut.
No more expansions possible.
<suppressed ~4764 debug messages>

7.48. Executing XILINX_DFFOPT pass (optimize FF control signal usage).
Optimizing FFs in arty_top.
  Merging D + CE LUTs for $auto$ff.cc:337:slice$10115/transmitter.count (2 -> 4)
  Merging D + CE LUTs for $auto$ff.cc:337:slice$10114/transmitter.count (2 -> 5)
  Merging D + CE LUTs for $auto$ff.cc:337:slice$10113/transmitter.count (2 -> 4)
  Merging D + CE LUTs for $auto$ff.cc:337:slice$10112/transmitter.count (2 -> 4)
  Merging D + CE LUTs for $auto$ff.cc:337:slice$10111/transmitter.count (2 -> 5)
  Merging D + CE LUTs for $auto$ff.cc:337:slice$10110/transmitter.count (2 -> 5)
  Merging D + CE LUTs for $auto$ff.cc:337:slice$10109/transmitter.count (2 -> 5)
  Merging D + CE LUTs for $auto$ff.cc:337:slice$10108/transmitter.count (2 -> 4)
  Merging D + CE LUTs for $auto$ff.cc:337:slice$10107/transmitter.count (2 -> 4)
  Merging D + CE LUTs for $auto$ff.cc:337:slice$10104/transmitter.bits_left (2 -> 5)
  Merging D + CE LUTs for $auto$ff.cc:337:slice$8411/transmitter.shift (3 -> 6)
  Merging D + CE LUTs for $auto$ff.cc:337:slice$8410/transmitter.shift (3 -> 6)
  Merging D + CE LUTs for $auto$ff.cc:337:slice$8409/transmitter.shift (3 -> 6)
  Merging D + CE LUTs for $auto$ff.cc:337:slice$8408/transmitter.shift (3 -> 6)
  Merging D + CE LUTs for $auto$ff.cc:337:slice$9742/controller.engine.remaining (3 -> 5)
  Merging D + CE LUTs for $auto$ff.cc:337:slice$8404/transmitter.shift (2 -> 5)
  Merging D + CE LUTs for $auto$ff.cc:337:slice$9741/controller.engine.remaining (3 -> 5)
  Merging D + CE LUTs for $auto$ff.cc:337:slice$9740/controller.engine.remaining (3 -> 5)
  Merging D + CE LUTs for $auto$ff.cc:337:slice$9739/controller.engine.remaining (3 -> 5)
  Merging D + CE LUTs for $auto$ff.cc:337:slice$9738/controller.engine.remaining (3 -> 5)
  Merging D + CE LUTs for $auto$ff.cc:337:slice$9737/controller.engine.remaining (3 -> 5)
  Merging D + CE LUTs for $auto$ff.cc:337:slice$9736/controller.engine.remaining (3 -> 5)
  Merging D + CE LUTs for $auto$ff.cc:337:slice$9735/controller.engine.remaining (3 -> 5)
  Merging D + CE LUTs for $auto$ff.cc:337:slice$9734/controller.engine.remaining (3 -> 5)
  Merging D + CE LUTs for $auto$ff.cc:337:slice$9733/controller.engine.remaining (3 -> 5)
  Merging D + CE LUTs for $auto$ff.cc:337:slice$9732/controller.engine.remaining (3 -> 5)
  Merging D + CE LUTs for $auto$ff.cc:337:slice$9731/controller.engine.remaining (3 -> 5)
  Merging D + CE LUTs for $auto$ff.cc:337:slice$9730/controller.engine.remaining (3 -> 5)
  Merging D + CE LUTs for $auto$ff.cc:337:slice$9729/controller.engine.remaining (3 -> 5)
  Merging D + CE LUTs for $auto$ff.cc:337:slice$9728/controller.engine.remaining (3 -> 5)
  Merging D + CE LUTs for $auto$ff.cc:337:slice$10220/receiver.index (2 -> 6)
  Merging D + CE LUTs for $auto$ff.cc:337:slice$10172/receiver.count (2 -> 4)
  Merging D + CE LUTs for $auto$ff.cc:337:slice$10106/transmitter.count (2 -> 3)
  Merging D + CE LUTs for $auto$ff.cc:337:slice$10102/transmitter.bits_left (2 -> 4)
  Merging D + CE LUTs for $auto$ff.cc:337:slice$10087/controller.engine.gap_three (2 -> 5)
  Merging D + CE LUTs for $auto$ff.cc:337:slice$10086/controller.engine.gap_two (2 -> 5)
  Merging D + CE LUTs for $auto$ff.cc:337:slice$10085/controller.engine.gap_one (3 -> 6)
  Merging D + CE LUTs for $auto$ff.cc:337:slice$10084/controller.engine.gap_zero (2 -> 5)
  Merging D + CE LUTs for $auto$ff.cc:337:slice$10076/controller.engine.latch_three (2 -> 5)
  Merging D + CE LUTs for $auto$ff.cc:337:slice$9687/controller.engine.latch_two (3 -> 6)
  Merging D + CE LUTs for $auto$ff.cc:337:slice$9686/controller.engine.latch_one (3 -> 6)
  Merging D + CE LUTs for $auto$ff.cc:337:slice$9641/controller.engine.gap_minus_one (1 -> 4)
  Merging D + CE LUTs for $auto$ff.cc:337:slice$9572/controller.engine.divider_three (2 -> 5)
  Merging D + CE LUTs for $auto$ff.cc:337:slice$9482/controller.write_pointer (2 -> 4)
  Merging D + CE LUTs for $auto$ff.cc:337:slice$9501/controller.reply_count (1 -> 3)
  Merging D + CE LUTs for $auto$ff.cc:337:slice$9533/controller.engine.divider_minus_one (1 -> 4)
  Merging D + CE LUTs for $auto$ff.cc:337:slice$9479/controller.read_pointer (1 -> 6)
  Merging D + CE LUTs for $auto$ff.cc:337:slice$9478/controller.engine.divider_two (2 -> 5)
  Merging D + S LUTs for $auto$ff.cc:337:slice$9469/controller.engine.phase (4 -> 6)
  Merging D + CE LUTs for $auto$ff.cc:337:slice$9445/controller.engine.latch_minus_one (1 -> 4)
  Merging D + CE LUTs for $auto$ff.cc:337:slice$9444/controller.engine.divider_one (2 -> 5)
  Merging D + CE LUTs for $auto$ff.cc:337:slice$9335/controller.engine.completed (2 -> 4)
  Merging D + CE LUTs for $auto$ff.cc:337:slice$9303/controller.parser.timeout_count (2 -> 6)
  Merging D + CE LUTs for $auto$ff.cc:337:slice$9287/controller.parser.crc (3 -> 6)
  Merging D + CE LUTs for $auto$ff.cc:337:slice$9275/controller.parser.last_payload_index (1 -> 6)
  Merging D + CE LUTs for $auto$ff.cc:337:slice$9255/controller.parser.payload_index (2 -> 6)
  Merging D + R + CE LUTs for $auto$ff.cc:337:slice$9727/controller.engine.remaining (3 -> 6)
  Merging D + CE LUTs for $auto$ff.cc:337:slice$9481/controller.write_pointer (1 -> 3)
  Merging D + R LUTs for $auto$ff.cc:337:slice$9468/controller.engine.phase (3 -> 5)
  Merging D + R LUTs for $auto$ff.cc:337:slice$9467/controller.engine.phase (3 -> 5)
  Merging D + CE LUTs for $auto$ff.cc:337:slice$9350/controller.engine.completed (2 -> 5)
  Merging D + CE LUTs for $auto$ff.cc:337:slice$9349/controller.engine.completed (2 -> 5)
  Merging D + CE LUTs for $auto$ff.cc:337:slice$9348/controller.engine.completed (2 -> 5)
  Merging D + CE LUTs for $auto$ff.cc:337:slice$9347/controller.engine.completed (2 -> 5)
  Merging D + CE LUTs for $auto$ff.cc:337:slice$9346/controller.engine.completed (2 -> 5)
  Merging D + CE LUTs for $auto$ff.cc:337:slice$9345/controller.engine.completed (2 -> 5)
  Merging D + CE LUTs for $auto$ff.cc:337:slice$9344/controller.engine.completed (2 -> 5)
  Merging D + CE LUTs for $auto$ff.cc:337:slice$9343/controller.engine.completed (2 -> 5)
  Merging D + CE LUTs for $auto$ff.cc:337:slice$9342/controller.engine.completed (2 -> 5)
  Merging D + CE LUTs for $auto$ff.cc:337:slice$9341/controller.engine.completed (2 -> 5)
  Merging D + CE LUTs for $auto$ff.cc:337:slice$9340/controller.engine.completed (2 -> 5)
  Merging D + CE LUTs for $auto$ff.cc:337:slice$9339/controller.engine.completed (2 -> 5)
  Merging D + CE LUTs for $auto$ff.cc:337:slice$9338/controller.engine.completed (2 -> 5)
  Merging D + CE LUTs for $auto$ff.cc:337:slice$9337/controller.engine.completed (2 -> 5)
  Merging D + CE LUTs for $auto$ff.cc:337:slice$9336/controller.engine.completed (2 -> 5)
  Merging D + CE LUTs for $auto$ff.cc:337:slice$9302/controller.parser.crc (3 -> 6)
  Merging D + CE LUTs for $auto$ff.cc:337:slice$9301/controller.parser.crc (3 -> 6)
  Merging D + CE LUTs for $auto$ff.cc:337:slice$9300/controller.parser.crc (3 -> 6)
  Merging D + CE LUTs for $auto$ff.cc:337:slice$9295/controller.parser.crc (3 -> 6)
  Merging D + CE LUTs for $auto$ff.cc:337:slice$9291/controller.parser.crc (3 -> 6)
  Merging D + CE LUTs for $auto$ff.cc:337:slice$8534/controller.parser.request_status (2 -> 5)
  Merging D + CE LUTs for $auto$ff.cc:337:slice$10182/receiver.count (2 -> 5)
  Merging D + CE LUTs for $auto$ff.cc:337:slice$10181/receiver.count (2 -> 5)
  Merging D + CE LUTs for $auto$ff.cc:337:slice$10180/receiver.count (3 -> 6)
  Merging D + CE LUTs for $auto$ff.cc:337:slice$10179/receiver.count (2 -> 5)
  Merging D + CE LUTs for $auto$ff.cc:337:slice$10178/receiver.count (2 -> 5)
  Merging D + CE LUTs for $auto$ff.cc:337:slice$10177/receiver.count (3 -> 6)
  Merging D + CE LUTs for $auto$ff.cc:337:slice$10176/receiver.count (2 -> 6)
  Merging D + CE LUTs for $auto$ff.cc:337:slice$10175/receiver.count (2 -> 6)
  Merging D + CE LUTs for $auto$ff.cc:337:slice$10174/receiver.count (2 -> 5)
  Merging D + CE LUTs for $auto$ff.cc:337:slice$10173/receiver.count (2 -> 5)
  Merging D + CE LUTs for $auto$ff.cc:337:slice$10116/transmitter.count (2 -> 4)

7.49. Executing OPT_LUT_INS pass (discard unused LUT inputs).
Optimizing LUTs in arty_top.
  Optimizing lut $abc$36427$lut$flatten\controller.\engine.$procmux$3796_Y[0].genblk1.genblk1.genblk1.genblk1.genblk1.genblk1.genblk1.genblk1.genblk1.genblk1.lut0.genblk1.genblk1.genblk1.genblk1.genblk1.genblk1.genblk1.genblk1.genblk1.lut1 (6 -> 3)
  Optimizing lut $abc$36427$lut$flatten\controller.\engine.$procmux$3796_Y[0].genblk1.genblk1.genblk1.genblk1.genblk1.genblk1.genblk1.genblk1.genblk1.genblk1.lut0.genblk1.genblk1.genblk1.genblk1.genblk1.genblk1.genblk1.genblk1.genblk1.lut0 (6 -> 3)
  Optimizing lut $abc$36427$lut$flatten\controller.\engine.$procmux$3796_Y[0].genblk1.genblk1.genblk1.genblk1.genblk1.genblk1.genblk1.genblk1.genblk1.genblk1.lut1.genblk1.genblk1.genblk1.genblk1.genblk1.genblk1.genblk1.genblk1.genblk1.lut1 (6 -> 3)
  Optimizing lut $abc$36427$lut$flatten\controller.\engine.$procmux$3796_Y[0].genblk1.genblk1.genblk1.genblk1.genblk1.genblk1.genblk1.genblk1.genblk1.genblk1.lut1.genblk1.genblk1.genblk1.genblk1.genblk1.genblk1.genblk1.genblk1.genblk1.lut0 (6 -> 3)

7.50. Executing CLKBUFMAP pass (inserting clock buffers).
Removed 94 unused cells and 2013 unused wires.

7.51. Executing HIERARCHY pass (managing design hierarchy).
Attribute `top' found on module `arty_top'. Setting top module to arty_top.

7.51.1. Analyzing design hierarchy..
Top module:  \arty_top

7.51.2. Analyzing design hierarchy..
Top module:  \arty_top
Removed 0 unused modules.

7.52. Printing statistics.

=== arty_top ===

        +----------Local Count, excluding submodules.
        | 
     1135 wires
     4645 wire bits
      176 public wires
     2269 public wire bits
        8 ports
       11 port bits
      953 cells
        5   $scopeinfo
        2   BUFG
        3   IBUF
      121   INV
      141   LUT2
       92   LUT3
      158   LUT4
      249   LUT5
      170   LUT6
        8   OBUF
        3   ODDR
        1   PLLE2_ADV
     1248 submodules
       53   CARRY4
        4   FDPE
     1138   FDRE
       50   FDSE
        2   MUXF7
        1   MUXF8

   Estimated number of LCs:        669

=== design hierarchy ===

        +----------Count including submodules.
        | 
      953 arty_top

        +----------Count including submodules.
        | 
     1135 wires
     4645 wire bits
      176 public wires
     2269 public wire bits
        8 ports
       11 port bits
        - memories
        - memory bits
        - processes
      953 cells
        5   $scopeinfo
        2   BUFG
        3   IBUF
      121   INV
      141   LUT2
       92   LUT3
      158   LUT4
      249   LUT5
      170   LUT6
        8   OBUF
        3   ODDR
        1   PLLE2_ADV
     1248 submodules
       53   CARRY4
        4   FDPE
     1138   FDRE
       50   FDSE
        2   MUXF7
        1   MUXF8

   Estimated number of LCs:        669

7.53. Executing CHECK pass (checking for obvious problems).
Checking module arty_top...
Found and reported 0 problems.

8. Executing JSON backend.

Warnings: 1 unique messages, 1 total
End of script. Logfile hash: 1f90ca685c, time: 5.84s, user: 5.17s, system: 0.29s, MEM: 163.21 MB peak
Yosys 0.63+173 (git sha1 66306a8ca, clang++ 18.1.8 -fPIC -O3)
Time spent: 38% 32x read_verilog (2 sec), 11% 12x techmap (0 sec), ...
[exit 0]
[ODDR himbaechel] 3 connexion(s) S inactive(s) retirée(s), R conservé ; copie /workspace/arty-frame-studio/build/runs/461cbd33135942a5bf11e9cc76c90e68/arty_frame.himbaechel.json, original Yosys /workspace/arty-frame-studio/build/runs/461cbd33135942a5bf11e9cc76c90e68/arty_frame.json.
$ /workspace/arty-frame-studio/scratch/ci-tools/openxc7/bin/nextpnr-xilinx --chipdb /workspace/arty-frame-studio/scratch/ci-tools/openxc7/chipdb/chipdb-xc7a100t.bin --json /workspace/arty-frame-studio/build/runs/461cbd33135942a5bf11e9cc76c90e68/arty_frame.himbaechel.json --freq 200 --device xc7a100tcsg324-1 -o xdc=/workspace/arty-frame-studio/firmware/constraints/arty_a7_100t.xdc -o fasm=/workspace/arty-frame-studio/build/runs/461cbd33135942a5bf11e9cc76c90e68/arty_frame.fasm --report /workspace/arty-frame-studio/build/runs/461cbd33135942a5bf11e9cc76c90e68/timing.json --write /workspace/arty-frame-studio/build/runs/461cbd33135942a5bf11e9cc76c90e68/routed.json
Info: Using uarch 'xilinx' for device 'xc7a100tcsg324-1'

Info: Parsing XDC file...
Warning: ignoring unsupported XDC option '-name' (on line 7)
Warning: ignoring unsupported XDC option '-name' (on line 8)
Info: Packing constants..
Info:     folded inverter '$abc$36427$lut$not$aiger36426$61' into pll.RST (IS_RST_INVERTED=1)
Info:     folded 1 inverter(s) into CMT control pins
Info: Inserting IO buffers..
Info:     IO port 'reset_n' driven by IBUF '$iopadmap$arty_top.reset_n'
Info:     IO port 'led[3]' driven by OBUF '$iopadmap$arty_top.led_3'
Info:     IO port 'led[2]' driven by OBUF '$iopadmap$arty_top.led_2'
Info:     IO port 'led[1]' driven by OBUF '$iopadmap$arty_top.led_1'
Info:     IO port 'led[0]' driven by OBUF '$iopadmap$arty_top.led'
Info:     IO port 'latch_enable' driven by OBUF '$iopadmap$arty_top.latch_enable'
Info:     IO port 'frame_clk' driven by OBUF '$iopadmap$arty_top.frame_clk'
Info:     IO port 'data_out' driven by OBUF '$iopadmap$arty_top.data_out'
Info:     IO port 'clk100' driven by IBUF 'input_buffer'
Info:     IO port 'uart_tx' driven by OBUF '$iopadmap$arty_top.uart_tx'
Info:     IO port 'uart_rx' driven by IBUF '$iopadmap$arty_top.uart_rx'
Info:     Constraining 'reset_n' to pad 'X147Y86/IOB_X0Y1.IOB33M.PAD'
Info:     Constraining 'led[3]' to pad 'X0Y154/IOB_X0Y0.IOB33S.PAD'
Info:     Constraining 'led[2]' to pad 'X0Y154/IOB_X0Y1.IOB33M.PAD'
Info:     Constraining 'led[1]' to pad 'X147Y103/IOB_X0Y0.IOB33.PAD'
Info:     Constraining 'led[0]' to pad 'X147Y102/IOB_X0Y0.IOB33S.PAD'
Info:     Constraining 'latch_enable' to pad 'X0Y77/IOB_X0Y1.IOB33M.PAD'
Info:     Constraining 'frame_clk' to pad 'X0Y75/IOB_X0Y0.IOB33S.PAD'
Info:     Constraining 'data_out' to pad 'X0Y75/IOB_X0Y1.IOB33M.PAD'
Info:     Constraining 'clk100' to pad 'X147Y77/IOB_X0Y1.IOB33M.PAD'
Info:     Constraining 'uart_tx' to pad 'X0Y30/IOB_X0Y0.IOB33S.PAD'
Info:     Constraining 'uart_rx' to pad 'X0Y40/IOB_X0Y0.IOB33S.PAD'
Info: Generating input buffer for '$iopadmap$arty_top.reset_n'
Info: Generating output buffer for '$iopadmap$arty_top.led_3'
Info: Generating output buffer for '$iopadmap$arty_top.led_2'
Info: Generating output buffer for '$iopadmap$arty_top.led_1'
Info: Generating output buffer for '$iopadmap$arty_top.led'
Info: Generating output buffer for '$iopadmap$arty_top.latch_enable'
Info: Generating output buffer for '$iopadmap$arty_top.frame_clk'
Info: Generating output buffer for '$iopadmap$arty_top.data_out'
Info: Generating input buffer for 'input_buffer'
Info: Generating output buffer for '$iopadmap$arty_top.uart_tx'
Info: Generating input buffer for '$iopadmap$arty_top.uart_rx'
Info:     Created 11 PAD cells from:
Info:             11x PAD
Info: Preparing clocking...
Info: Packing constants..
Info: Packing IOLOGIC...
Info:    binding output DDR cell 'latch_ddr' to bel 'X1Y77/OLOGIC_X0Y1.OUTFF'
Info:    binding output DDR cell 'data_ddr' to bel 'X1Y75/OLOGIC_X0Y1.OUTFF'
Info:    binding output DDR cell 'clock_ddr' to bel 'X1Y75/OLOGIC_X0Y0.OUTFF'
Info: Packing cfg...
Info: Packing PLLs...
Info: Packing global buffers...
Info:     Constrained PLLE2_ADV_PLLE2_ADV 'pll' to bel 'X139Y60/PLLE2_ADV_X0Y0.PLLE2_ADV' based on dedicated routing
Info:     Constrained BUFGCTRL 'feedback_buffer' to bel 'X78Y103/BUFGCTRL_X0Y0.BUFGCTRL' based on dedicated routing
Info:     Constrained BUFGCTRL 'core_buffer' to bel 'X78Y103/BUFGCTRL_X0Y5.BUFGCTRL' based on dedicated routing
Info: Packing Gigabit Transceivers..
Info: Generating derived timing constraints...
Info:     Derived frequency constraint of 100.0 MHz for net input_clock
Info:     Input frequency of PLL 'pll' is constrained to 100.0 MHz
Info:     Input frequency of PLL 'pll' is constrained to 100.0 MHz
Info: Packing MUX[789]s..
Info: Packing carries..
Info:    Grouped 212 MUXCYs and 212 XORCYs into 25 chains.
Info:    Moved 3 shared LUTs driving carry S inputs into the carry site.
Info:    Duplicated 1 shared LUTs driving carry S inputs.
Info:    Blasted 0 non-chain MUXCYs and 0 non-chain XORCYs to soft logic
Info: Packing LUTs..
Info:     Created 1237 SLICE_LUTX cells from:
Info:            427x LUT1
Info:            141x LUT2
Info:             92x LUT3
Info:            158x LUT4
Info:            249x LUT5
Info:            170x LUT6
Info: Packing DRAM..
Info:    Transformed 0 tied-low DRAM address inputs to be tied-high
Info: Packing BRAM..
Info: BRAM cascade scan: 0 BRAM(s), 0 tie(s) seen, 0 dropped
Info: Packing DSPs..
Info: Packing flipflops..
Info:     Created 1192 SLICE_FFX cells from:
Info:              4x FDPE
Info:           1138x FDRE
Info:             50x FDSE
Info:     Created 3 SELMUX2_1 cells from:
Info:              2x MUXF7
Info:              1x MUXF8
Info: Constrained 408 LUTFF pairs.
Info: Checksum: 0xf86eab1c

Info: Device utilisation:
Info: 	          SLICE_LUTX:    1237/ 126800     0%
Info: 	           SLICE_FFX:    1192/ 126800     0%
Info: 	              CARRY4:      58/  15850     0%
Info: 	          PSEUDO_GND:       1/      1   100%
Info: 	          PSEUDO_VCC:       1/      1   100%
Info: 	               HARD0:       0/   2376     0%
Info: 	             DSP48E1:       0/    240     0%
Info: 	                 PAD:      11/    630     1%
Info: 	       IOB33M_OUTBUF:       0/    144     0%
Info: 	       IOB33S_OUTBUF:       0/    144     0%
Info: 	        IOB33_OUTBUF:       8/    300     2%
Info: 	     IOB33M_INBUF_EN:       0/    144     0%
Info: 	     IOB33S_INBUF_EN:       0/    144     0%
Info: 	      IOB33_INBUF_EN:       3/    300     1%
Info: 	IOB33M_TERM_OVERRIDE:       0/    144     0%
Info: 	IOB33S_TERM_OVERRIDE:       0/    144     0%
Info: 	 IOB33_TERM_OVERRIDE:       0/    300     0%
Info: 	       PULL_OR_KEEP1:       0/    588     0%
Info: 	            IDELAYE2:       0/    300     0%
Info: 	        OLOGICE3_TFF:       0/    300     0%
Info: 	      OLOGICE3_OUTFF:       3/    300     1%
Info: 	       OLOGICE3_MISR:       0/    300     0%
Info: 	           OSERDESE2:       0/    300     0%
Info: 	        ILOGICE3_IFF:       0/    300     0%
Info: 	ILOGICE3_ZHOLD_DELAY:       0/    300     0%
Info: 	           ISERDESE2:       0/    300     0%
Info: 	                BUFR:       0/     24     0%
Info: 	               BUFIO:       0/     24     0%
Info: 	            BUFGCTRL:       2/     32     6%
Info: 	            PCIE_2_1:       0/      1     0%
Info: 	               BSCAN:       0/      4     0%
Info: 	            DCIRESET:       0/      1     0%
Info: 	            DNA_PORT:       0/      1     0%
Info: 	           EFUSE_USR:       0/      1     0%
Info: 	                BUFG:       0/     32     0%
Info: 	              BUFHCE:       0/     96     0%
Info: 	            FIFO18E1:       0/    135     0%
Info: 	       GTPE2_CHANNEL:       0/      8     0%
Info: 	        GTPE2_COMMON:       0/      2     0%
Info: 	         IBUFDS_GTE2:       0/      4     0%
Info: 	          IDELAYCTRL:       0/      6     0%
Info: 	            INVERTER:       0/    144     0%
Info: 	          MMCME2_ADV:       0/      6     0%
Info: 	        OLOGICE2_TFF:       0/    300     0%
Info: 	      OLOGICE2_OUTFF:       0/    300     0%
Info: 	           PLLE2_ADV:       1/      6    16%
Info: 	            RAMB18E1:       0/    270     0%
Info: 	            RAMB36E1:       0/    135     0%
Info: 	           SELMUX2_1:       3/  48750     0%
Info: 	        RAMBFIFO36E1:       0/    135     0%
Info: 	           FRAME_ECC:       0/      1     0%
Info: 	                ICAP:       0/      2     0%
Info: 	             STARTUP:       0/      1     0%
Info: 	          USR_ACCESS:       0/      1     0%
Info: 	              BUFFER:       0/     42     0%
Info: 	        ILOGICE2_IFF:       0/    300     0%
Info: 	       OLOGICE2_MISR:       0/    300     0%

Info:     source at X72Y103 reached 816 of 2401 offsets
Info:     source at X59Y110 reached 658 of 2401 offsets
Info:     source at X84Y94 reached 799 of 2401 offsets
Info: Delay matrix: 1675 of 2401 offsets measured from 3 sources in 1.95s (window 24).
Info: Delay matrix: interpolated 726 structural holes.
Info: Delay matrix: out-of-window rates 13.1 ps/tile (x), 20.6 ps/tile (y).
Info: Indexed 56 control sets.
Info: Placed 11 cells based on constraints.
Info: Creating initial analytic placement for 1614 cells, random placement wirelen = 367381.
Info:     at initial placer iter 0, wirelen = 1850
Info:     at initial placer iter 1, wirelen = 1571
Info:     at initial placer iter 2, wirelen = 1564
Info:     at initial placer iter 3, wirelen = 1583
Info: Running main analytical placer, max placement attempts per cell = 793800.
Info:     at iteration #1, type ALL: wirelen solved = 1573, spread = 15772, legal = 27732; time = 0.17s
Info:     at iteration #2, type ALL: wirelen solved = 2020, spread = 13245, legal = 26530; time = 0.22s
Info:     at iteration #3, type ALL: wirelen solved = 2410, spread = 11999, legal = 26826; time = 0.30s
Info:     at iteration #4, type ALL: wirelen solved = 2919, spread = 11676, legal = 23909; time = 0.31s
Info:     at iteration #5, type ALL: wirelen solved = 3510, spread = 11999, legal = 21994; time = 0.27s
Info:     at iteration #6, type ALL: wirelen solved = 3690, spread = 11761, legal = 21004; time = 0.24s
Info:     at iteration #7, type ALL: wirelen solved = 4231, spread = 12601, legal = 21353; time = 0.20s
Info:     at iteration #8, type ALL: wirelen solved = 4498, spread = 11440, legal = 19803; time = 0.21s
Info:     at iteration #9, type ALL: wirelen solved = 4831, spread = 12416, legal = 20270; time = 0.23s
Info:     at iteration #10, type ALL: wirelen solved = 5331, spread = 11724, legal = 19940; time = 0.24s
Info:     at iteration #11, type ALL: wirelen solved = 5418, spread = 11966, legal = 20398; time = 0.28s
Info:     at iteration #12, type ALL: wirelen solved = 5668, spread = 12391, legal = 20220; time = 0.29s
Info:     at iteration #13, type ALL: wirelen solved = 6205, spread = 13502, legal = 20649; time = 0.23s
Info: HeAP Placer Time: 3.85s
Info:   of which solving equations: 0.42s
Info:   of which spreading cells: 0.16s
Info:   of which strict legalisation: 2.70s

Info: Running simulated annealing placer for refinement.
Info:   at iteration #1: temp = 0.000000, timing cost = 25, wirelen = 19803
Info:   at iteration #5: temp = 0.000000, timing cost = 75, wirelen = 16564
Info:   at iteration #10: temp = 0.000000, timing cost = 67, wirelen = 15740
Info:   at iteration #15: temp = 0.000000, timing cost = 69, wirelen = 15307
Info:   at iteration #20: temp = 0.000000, timing cost = 64, wirelen = 15173
Info:   at iteration #25: temp = 0.000000, timing cost = 62, wirelen = 15118
Info:   at iteration #26: temp = 0.000000, timing cost = 63, wirelen = 15119 
Info: SA placement time 2.62s

Info: Max frequency for clock 'core_clock': 229.89 MHz (PASS at 200.00 MHz)

Info: Slack histogram:
Info:  legend: * represents 13 endpoint(s)
Info:          + represents [1,13) endpoint(s)
Info: [   650,    839) |+
Info: [   839,   1028) | 
Info: [  1028,   1217) |+
Info: [  1217,   1406) |****+
Info: [  1406,   1595) |******+
Info: [  1595,   1784) |*****+
Info: [  1784,   1973) |******+
Info: [  1973,   2162) |*********+
Info: [  2162,   2351) |***********+
Info: [  2351,   2540) |****************+
Info: [  2540,   2729) |**************+
Info: [  2729,   2918) |**********+
Info: [  2918,   3107) |****+
Info: [  3107,   3296) |******+
Info: [  3296,   3485) |************+
Info: [  3485,   3674) |***************+
Info: [  3674,   3863) |***************+
Info: [  3863,   4052) |************************************************************ 
Info: [  4052,   4241) |********************+
Info: [  4241,   4430) |******+
Info: Checksum: 0xe44cd8bf
Info: Running post-placement legalisation...
Info: Routing global clocks...
Info:     routing clock 'core_clock'
Info:     routing clock 'feedback_clock'
Info:     routing clock 'feedback_raw'
Info:     routing clock 'clock_raw'
Info:     routing clock 'input_clock'
Info: Running router2...
Info: Setting up routing resources...
Info: Running main router loop...
Info:     iter=1 wires=36956 overused=1898 overuse=2067 archfail=NA
Info:     iter=2 wires=37964 overused=679 overuse=685 archfail=NA
Info:     iter=3 wires=38217 overused=178 overuse=178 archfail=NA
Info:     iter=4 wires=38304 overused=64 overuse=64 archfail=NA
Info:     iter=5 wires=38326 overused=30 overuse=30 archfail=NA
Info:     iter=6 wires=38350 overused=14 overuse=14 archfail=NA
Info:     iter=7 wires=38352 overused=6 overuse=6 archfail=NA
Info:     iter=8 wires=38353 overused=4 overuse=4 archfail=NA
Info:     iter=9 wires=38355 overused=2 overuse=2 archfail=NA
Info:     iter=10 wires=38355 overused=2 overuse=2 archfail=NA
Info:     iter=11 wires=38355 overused=2 overuse=2 archfail=NA
Info:     iter=12 wires=38355 overused=2 overuse=2 archfail=NA
Info:     iter=13 wires=38355 overused=2 overuse=2 archfail=NA
Info:     iter=14 wires=38355 overused=2 overuse=2 archfail=NA
Info:     iter=15 wires=38355 overused=2 overuse=2 archfail=NA
Info:     iter=16 wires=38355 overused=2 overuse=2 archfail=NA
Info:     iter=17 wires=38355 overused=2 overuse=2 archfail=NA
Info:     iter=18 wires=38361 overused=0 overuse=0 archfail=0
Info: 1000 slowest nets by runtime:
                                                                         $PACKER_GND_NET    285 179.7ms
                                                                                   reset    947 66.5ms
                              $techmap36591$auto$abc9_ops.cc:1613:reintegrate$36553.A[1]    109 60.1ms
                                        $techmap36657$abc$36427$lut$aiger36426$2160.A[2]     35 29.1ms
                              $techmap36591$auto$abc9_ops.cc:1613:reintegrate$36553.A[0]     58 28.1ms
                                        $techmap36652$abc$36427$lut$aiger36426$2141.A[3]     37 27.3ms
                                                              controller.read_pointer[0]     38 22.8ms
                                        $techmap36654$abc$36427$lut$aiger36426$2149.A[2]     32 22.6ms
                                                        controller.captured_payload[104]     28 21.2ms
                              $techmap36593$auto$abc9_ops.cc:1613:reintegrate$36552.A[2]    128 19.1ms
                                 $abc$36427$auto$opt_dff.cc:251:make_patterns_logic$5995    138 17.8ms
                                $abc$36427$flatten\controller.\parser.$procmux$2635_Y[7]     14 17.5ms
                                $abc$36427$flatten\controller.\parser.$procmux$2635_Y[6]     14 16.7ms
                                                                         $PACKER_VCC_NET    768 16.0ms
                                                     controller.captured_shift_amount[1]     28 15.9ms
                                                     controller.captured_shift_amount[3]     33 15.8ms
                              $techmap36582$auto$abc9_ops.cc:1613:reintegrate$36555.A[1]     27 15.5ms
                                                                 controller.tx_packet[0]     16 14.6ms
                                                                   controller.take_reply     44 14.6ms
                              $techmap36585$auto$abc9_ops.cc:1613:reintegrate$36554.A[1]     24 14.6ms
                                        $techmap37342$abc$36427$lut$aiger36426$1948.A[1]     31 14.4ms
                                $abc$36427$flatten\controller.\parser.$procmux$2635_Y[3]     14 13.8ms
                               $abc$36427$memory\controller.replies$wren[1][0][0]$y$8074     36 13.1ms
                                                              controller.engine.flags[0]     27 12.5ms
                                                     controller.captured_shift_amount[4]     24 12.3ms
                                $abc$36427$flatten\controller.\parser.$procmux$2635_Y[4]     14 12.0ms
                                $abc$36427$flatten\controller.\parser.$procmux$2635_Y[0]     14 11.6ms
                                                              controller.parser.state[2]     16 11.2ms
           $techmap37363$abc$36427$lut$auto$opt_dff.cc:251:make_patterns_logic$5949.A[1]     17 10.7ms
                              $techmap36663$auto$abc9_ops.cc:1613:reintegrate$36533.A[2]     21 10.6ms
                                $abc$36427$flatten\controller.\parser.$procmux$2635_Y[1]     14 10.5ms
                                        $techmap36646$abc$36427$lut$aiger36426$2117.A[5]     16 10.5ms
                                                              controller.read_pointer[1]     37 10.4ms
                                                                        received_byte[5]     16 10.4ms
                                                                        received_byte[4]     16 10.2ms
                                $abc$36427$flatten\controller.\parser.$procmux$2635_Y[2]     14 10.2ms
                                                              $abc$36427$iopadmap$led[3]      1 10.2ms
                                                                controller.stop_eligible     15 10.1ms
                                                     controller.captured_shift_amount[2]     28 10.1ms
                                        $techmap36638$abc$36427$lut$aiger36426$2103.A[3]     17 10.0ms
                                                                        received_byte[6]     16 9.9ms
                                $abc$36427$flatten\controller.\parser.$procmux$2635_Y[5]     14 9.7ms
                                                     controller.captured_shift_amount[0]     30 9.7ms
                                                                  controller.tx_index[1]     28 9.6ms
                                                                 controller.crc_index[1]     22 9.5ms
                                                                controller.write_pending      8 9.4ms
                               $abc$36427$memory\controller.replies$wren[0][0][0]$y$8066     36 9.1ms
                                        $techmap36743$abc$36427$lut$aiger36426$2831.A[5]     17 8.9ms
                                                              controller.engine.phase[0]     10 8.8ms
                                                                        received_byte[3]     14 8.5ms
                                                              controller.engine.phase[4]     15 8.4ms
                                                          controller.captured_payload[1]      4 8.3ms
                                                                 controller.crc_index[0]     22 8.2ms
                                        $techmap37139$abc$36427$lut$aiger36426$1721.A[1]      8 8.1ms
           $techmap37248$abc$36427$lut$auto$opt_dff.cc:251:make_patterns_logic$6033.A[3]     21 7.8ms
                                                              controller.engine.gap_zero     11 7.8ms
                                        $techmap36743$abc$36427$lut$aiger36426$2831.A[4]     15 7.8ms
                                                             controller.pending_reply[1]      4 7.8ms
                              $techmap36632$auto$abc9_ops.cc:1613:reintegrate$36537.A[2]     18 7.7ms
                                                                        received_byte[1]     13 7.4ms
                                                                controller.send_eligible      4 7.4ms
                                                                  controller.payload[36]      9 7.4ms
                                 $abc$36427$auto$opt_dff.cc:251:make_patterns_logic$6068      8 7.3ms
                                                              controller.engine.phase[2]     15 7.0ms
                                                        controller.validated_payload[47]      5 6.9ms
                                                               controller.replies[1][11]      1 6.8ms
                              $techmap36639$auto$abc9_ops.cc:1613:reintegrate$36534.A[0]     19 6.7ms
                                                        controller.validated_payload[40]     12 6.7ms
                                                                        received_byte[2]     14 6.7ms
                                 $abc$36427$auto$opt_dff.cc:251:make_patterns_logic$6040      8 6.6ms
                                                                  controller.tx_index[0]     28 6.6ms
                                                               controller.reply_count[2]      5 6.5ms
                                                                          transmit_valid     16 6.3ms
                                                                    controller.preparing     23 6.1ms
                              $techmap36618$auto$abc9_ops.cc:1613:reintegrate$36545.A[0]     15 6.0ms
                                                             controller.engine.ticks_one     10 5.9ms
                               $abc$36427$memory\controller.replies$wren[2][0][0]$y$8082     36 5.9ms
                                        $techmap37237$abc$36427$lut$aiger36426$1828.A[1]      4 5.9ms
                                        $techmap36656$abc$36427$lut$aiger36426$2156.A[3]      4 5.7ms
                                                                  controller.tx_index[3]     17 5.7ms
                              $techmap36624$auto$abc9_ops.cc:1613:reintegrate$36543.A[2]      9 5.6ms
                                        $techmap36600$abc$36427$lut$aiger36426$1777.A[1]      6 5.6ms
                                                       controller.validated_payload[100]      1 5.5ms
                                                        controller.validated_payload[59]      4 5.5ms
                                                        controller.validated_payload[58]      4 5.5ms
                                        $techmap36590$abc$36427$lut$aiger36426$1713.A[5]      8 5.5ms
                                                   controller.validated_aligned_word[21]      2 5.4ms
                                        $techmap36635$abc$36427$lut$aiger36426$2089.A[2]      5 5.3ms
                                                        controller.validated_payload[84]      4 5.2ms
                                                                          received_valid      9 5.1ms
                              $techmap36676$auto$abc9_ops.cc:1613:reintegrate$36530.A[4]      2 5.1ms
                                                                  controller.payload[93]      2 5.1ms
                                                             controller.pending_reply[7]      4 5.0ms
           $techmap37395$abc$36427$lut$auto$opt_dff.cc:251:make_patterns_logic$8038.A[4]     16 5.0ms
                                        $techmap37150$abc$36427$lut$aiger36426$1723.A[1]      5 5.0ms
                                                      controller.parser.payload_index[0]      8 4.9ms
                                                      controller.parser.payload_index[1]      7 4.9ms
                                                                        received_byte[0]     14 4.9ms
                                                        controller.validated_payload[75]      4 4.9ms
                                                      controller.parser.payload_index[2]      6 4.9ms
                                                              controller.engine.phase[1]      9 4.8ms
                                                          controller.captured_payload[7]      5 4.8ms
                                                             controller.pending_reply[4]      4 4.8ms
                                        $techmap37342$abc$36427$lut$aiger36426$1948.A[4]     27 4.7ms
                                                                  controller.payload[34]     14 4.7ms
                                                        controller.validated_payload[60]      4 4.6ms
                                                                        received_byte[7]     16 4.6ms
                                                           controller.engine.divider_one      8 4.6ms
                              $techmap36606$auto$abc9_ops.cc:1613:reintegrate$36550.A[1]      8 4.5ms
                           $techmap37163$abc$36427$lut\controller.word_overflow[10].A[3]      9 4.4ms
                                                             controller.pending_reply[3]      4 4.4ms
                                                    controller.validated_aligned_word[0]      3 4.3ms
                              $techmap36676$auto$abc9_ops.cc:1613:reintegrate$36530.A[3]      4 4.3ms
                                                             controller.pending_reply[9]      4 4.3ms
                                        $techmap36600$abc$36427$lut$aiger36426$1777.A[0]      6 4.3ms
                                                        controller.validated_payload[55]      5 4.2ms
                                        $techmap36590$abc$36427$lut$aiger36426$1713.A[4]      8 4.2ms
                                                                 controller.crc_index[3]     17 4.2ms
                                                               controller.replies[0][24]      1 4.1ms
                                                                  controller.tx_index[2]     12 4.1ms
           $techmap37110$abc$36427$lut$auto$opt_dff.cc:251:make_patterns_logic$5653.A[1]     12 4.1ms
                                        $techmap36793$abc$36427$lut$aiger36426$3147.A[3]      5 4.1ms
                              $techmap36610$auto$abc9_ops.cc:1613:reintegrate$36548.A[2]      9 4.0ms
                                                           controller.parser.payload[31]      1 4.0ms
                                        $techmap36584$abc$36427$lut$aiger36426$1699.A[1]      7 4.0ms
                              $techmap36676$auto$abc9_ops.cc:1613:reintegrate$36530.A[5]      2 4.0ms
                                                            controller.pending_reply[16]      4 3.9ms
                                                         controller.captured_payload[16]      5 3.9ms
                                                                            completed[0]      4 3.9ms
                                        $techmap36703$abc$36427$lut$aiger36426$2341.A[0]      2 3.8ms
                                                          controller.engine.bits_left[4]      5 3.7ms
                                                                  controller.payload[33]     11 3.7ms
                                 $abc$36427$auto$opt_dff.cc:251:make_patterns_logic$6103      8 3.7ms
                                                        controller.validated_payload[50]      5 3.7ms
                                                                 controller.crc_index[2]     13 3.7ms
                                                   controller.validated_aligned_word[25]      3 3.7ms
                                                        controller.validated_payload[83]      4 3.6ms
                                                      controller.parser.payload_index[3]      7 3.6ms
                                                               controller.reply_count[0]      6 3.6ms
                                                              controller.engine.phase[3]      7 3.5ms
                                                            controller.pending_reply[33]      4 3.5ms
                              $techmap36628$auto$abc9_ops.cc:1613:reintegrate$36539.A[1]     22 3.4ms
          $techmap37370$abc$36427$lut$flatten\controller.\parser.$procmux$3370_Y[2].A[0]      1 3.4ms
                                                            controller.pending_reply[15]      4 3.4ms
                                                                controller.replies[3][4]      1 3.4ms
                                 $abc$36427$auto$opt_dff.cc:251:make_patterns_logic$6054      8 3.4ms
                                                        controller.validated_payload[48]      5 3.4ms
                                                                       receiver.state[3]      6 3.4ms
                                                           controller.pending_address[1]      4 3.4ms
                                                                controller.replies[1][1]      1 3.4ms
                                                                        receiver.rx_sync     14 3.3ms
                              $techmap36606$auto$abc9_ops.cc:1613:reintegrate$36550.A[2]      6 3.3ms
                                                            controller.pending_reply[11]      4 3.3ms
                                                              controller.parser.state[1]     16 3.3ms
                                                                           completed[13]      4 3.3ms
                                                            controller.pending_reply[24]      4 3.3ms
                                                          controller.engine.remaining[6]      4 3.3ms
                                        $techmap36898$abc$36427$lut$aiger36426$4124.A[0]      1 3.2ms
                              $techmap36678$auto$abc9_ops.cc:1613:reintegrate$36529.A[1]     12 3.2ms
                                                                  controller.payload[43]      2 3.2ms
                                                                 controller.payload[101]      2 3.2ms
                                                         controller.captured_payload[22]      3 3.2ms
                                      $abc$36427$auto$opt_dff.cc:275:combine_resets$5782     40 3.2ms
                                        $techmap37175$abc$36427$lut$aiger36426$2518.A[4]      2 3.2ms
                                 $abc$36427$auto$opt_dff.cc:251:make_patterns_logic$6047      8 3.1ms
                                                                controller.replies[2][8]      1 3.1ms
          $techmap37340$abc$36427$lut$flatten\controller.\parser.$procmux$3370_Y[3].A[0]      1 3.1ms
                                                        controller.validated_payload[46]      5 3.1ms
                                 $abc$36427$auto$opt_dff.cc:251:make_patterns_logic$5967      9 3.0ms
                                                                controller.tx_packet[36]      2 3.0ms
                               $abc$36427$memory\controller.replies$wren[3][0][0]$y$8088     36 3.0ms
                            $techmap37141$abc$36427$lut\controller.word_overflow[8].A[4]     15 3.0ms
                                                            controller.pending_reply[18]      4 3.0ms
           $techmap37262$abc$36427$lut$auto$opt_dff.cc:251:make_patterns_logic$6054.A[0]      4 3.0ms
                                                                controller.tx_packet[66]      2 3.0ms
                                                                       receiver.state[2]      7 2.9ms
                                                          controller.captured_payload[0]      4 2.9ms
                                                                controller.replies[2][9]      1 2.9ms
                                                             controller.pending_reply[0]      4 2.9ms
                                                               controller.captured_op[6]      2 2.9ms
                                                            controller.pending_reply[47]      4 2.8ms
                                                           controller.engine.divider_two      3 2.8ms
                                                          controller.captured_payload[8]      5 2.8ms
                                                               controller.replies[2][46]      1 2.8ms
                                                          controller.captured_payload[2]      5 2.8ms
                                                              controller.parser.state[0]     16 2.8ms
                                        $techmap36716$abc$36427$lut$aiger36426$2412.A[2]      1 2.7ms
                                                        controller.validated_payload[53]      5 2.7ms
                                                                controller.replies[1][2]      1 2.7ms
                                                               controller.replies[3][18]      1 2.7ms
                              $techmap36777$auto$abc9_ops.cc:1613:reintegrate$36495.A[5]      1 2.7ms
                                                               controller.engine.gap_one      4 2.7ms
                                                  controller.engine.divider_minus_one[9]      1 2.7ms
                                                     controller.parser.timeout_count[12]      3 2.7ms
                                                        controller.validated_payload[43]      5 2.7ms
                              $techmap36901$auto$abc9_ops.cc:1613:reintegrate$36455.A[5]      1 2.7ms
        $techmap37216$abc$36427$lut$flatten\controller.\engine.$eq$/workspace/arty-frame-studio/firmware/rtl/frame_engine.v:251$2042_Y.A[1]      3 2.7ms
                                                                  controller.payload[32]      4 2.6ms
                                                        controller.validated_payload[67]      4 2.6ms
                                                               controller.replies[1][44]      1 2.6ms
                                                                  controller.payload[49]      2 2.6ms
                                                     controller.parser.timeout_count[25]      3 2.6ms
                                 $abc$36427$auto$opt_dff.cc:251:make_patterns_logic$6033      8 2.6ms
                                                            controller.pending_reply[40]      4 2.6ms
                                                             controller.pending_reply[6]      4 2.6ms
                                                                  controller.payload[57]      2 2.6ms
                                                                  controller.payload[35]      9 2.6ms
                                                            controller.pending_reply[10]      4 2.5ms
                                                              controller.engine.ticks[5]      3 2.5ms
                                                          controller.engine.bits_left[2]      5 2.5ms
                                                        controller.validated_payload[77]      4 2.5ms
                                                                    transmitter.count[3]      4 2.5ms
                                                               controller.replies[1][37]      1 2.5ms
                                                                  controller.payload[98]      2 2.5ms
           $techmap36615$abc$36427$lut$auto$opt_dff.cc:251:make_patterns_logic$5977.A[3]      9 2.5ms
                                        $techmap36837$abc$36427$lut$aiger36426$3666.A[1]      2 2.5ms
                                                             controller.pending_reply[2]      4 2.5ms
                              $techmap36618$auto$abc9_ops.cc:1613:reintegrate$36545.A[1]      8 2.5ms
                                                                  controller.payload[52]      2 2.5ms
                                                                            completed[7]      4 2.5ms
                           $techmap37292$abc$36427$lut\controller.word_overflow[19].A[1]      4 2.5ms
                                                                controller.tx_packet[37]      2 2.5ms
                                                         controller.captured_payload[14]      5 2.5ms
                                                          controller.engine.bits_left[0]      4 2.4ms
                                                        controller.validated_payload[54]      5 2.4ms
                                      $abc$36427$auto$opt_dff.cc:275:combine_resets$5692      3 2.4ms
                                        $techmap36799$abc$36427$lut$aiger36426$3317.A[2]      7 2.4ms
                                                         controller.captured_payload[97]      1 2.4ms
                                                        controller.validated_payload[78]      4 2.4ms
                                        $techmap36686$abc$36427$lut$aiger36426$2415.A[3]      2 2.4ms
                                                                controller.replies[1][6]      1 2.4ms
                                                                controller.replies[0][8]      1 2.4ms
                                                                           completed[10]      4 2.4ms
                                                             controller.pending_reply[5]      4 2.3ms
                                                           controller.parser.payload[70]      1 2.3ms
                                                               controller.replies[2][15]      1 2.3ms
                                                         controller.captured_payload[17]      4 2.3ms
                            $techmap37155$abc$36427$lut\controller.word_overflow[0].A[2]      5 2.3ms
                                                            controller.pending_reply[44]      4 2.3ms
                                                                controller.tx_packet[95]      2 2.3ms
                                                        controller.engine.shift_word[21]      2 2.3ms
                                                    controller.engine.latch_minus_one[0]      2 2.3ms
                                                   controller.captured_word_overflow[31]      1 2.3ms
                                                          controller.engine.bits_left[3]      5 2.3ms
                                                                              core_clock   1195 2.3ms
                                                        controller.validated_payload[44]      5 2.2ms
                                                                controller.tx_packet[69]      2 2.2ms
                                                        controller.validated_payload[62]      4 2.2ms
                                                                           completed[14]      4 2.2ms
                                                   controller.validated_aligned_word[23]      2 2.2ms
                                        $techmap36651$abc$36427$lut$aiger36426$2135.A[5]      1 2.2ms
                                                            controller.pending_reply[17]      4 2.2ms
                                        $techmap36732$abc$36427$lut$aiger36426$2719.A[2]      3 2.2ms
                                                        controller.validated_payload[73]      5 2.2ms
                                                          controller.engine.remaining[2]      4 2.2ms
                            $techmap37141$abc$36427$lut\controller.word_overflow[8].A[3]      9 2.2ms
                                              $auto$alumacc.cc:512:replace_alu$7121.Y[2]      2 2.1ms
                                                  controller.engine.divider_minus_one[0]      2 2.1ms
                                                                       receiver.index[0]      8 2.1ms
                                                      controller.engine.gap_minus_one[5]      1 2.1ms
                                                         controller.captured_payload[10]      5 2.1ms
                                                                  controller.payload[95]      2 2.1ms
           $techmap37252$abc$36427$lut$auto$opt_dff.cc:251:make_patterns_logic$6040.A[0]      4 2.1ms
                                                            controller.pending_reply[14]      4 2.1ms
                                                            controller.engine.input_data      2 2.1ms
                                                                           completed[15]      4 2.1ms
                                                         controller.engine.remaining[15]      4 2.1ms
           $techmap37258$abc$36427$lut$auto$opt_dff.cc:251:make_patterns_logic$6047.A[0]      4 2.1ms
                              $techmap36770$auto$abc9_ops.cc:1613:reintegrate$36497.A[4]      3 2.1ms
                                                                       receiver.state[0]     14 2.1ms
                                                        controller.validated_payload[56]      6 2.1ms
                                        $techmap37173$abc$36427$lut$aiger36426$1754.A[4]      1 2.0ms
                                        $techmap36946$abc$36427$lut$aiger36426$4533.A[3]      2 2.0ms
                                                                controller.replies[3][0]      1 2.0ms
                                                               controller.replies[1][24]      1 2.0ms
                                                                  controller.payload[47]      2 2.0ms
                                                        controller.validated_payload[85]      4 2.0ms
                                                    controller.validated_aligned_word[8]      2 2.0ms
                                                         controller.engine.remaining[11]      4 2.0ms
                                 $abc$36427$auto$opt_dff.cc:251:make_patterns_logic$5889     31 2.0ms
                                        $techmap36905$abc$36427$lut$aiger36426$4181.A[1]      3 2.0ms
                                                        controller.validated_payload[86]      4 2.0ms
                                                            controller.pending_reply[46]      4 2.0ms
                                                            controller.pending_reply[13]      4 2.0ms
                                                        controller.validated_payload[52]      5 2.0ms
                                        $techmap36644$abc$36427$lut$aiger36426$2195.A[2]      4 2.0ms
                                        $techmap36604$abc$36427$lut$aiger36426$1786.A[3]      3 2.0ms
                                                               controller.reply_count[1]      5 2.0ms
                                                          controller.captured_payload[4]      5 2.0ms
                              $techmap36921$auto$abc9_ops.cc:1613:reintegrate$36445.A[5]      2 1.9ms
                                                            controller.pending_reply[36]      4 1.9ms
                                                                    controller.length[7]      1 1.9ms
                                 $abc$36427$auto$opt_dff.cc:251:make_patterns_logic$6061      8 1.9ms
                                                               controller.replies[0][39]      1 1.9ms
                                 $abc$36427$auto$opt_dff.cc:251:make_patterns_logic$6019      8 1.9ms
                                                          controller.engine.bits_left[1]      3 1.9ms
                                                        controller.validated_payload[45]      5 1.9ms
                                        $techmap37236$abc$36427$lut$aiger36426$2542.A[1]      7 1.9ms
                                                     controller.engine.gap_minus_one[15]      1 1.9ms
                              $techmap36612$auto$abc9_ops.cc:1613:reintegrate$36547.A[1]     13 1.9ms
           $techmap37110$abc$36427$lut$auto$opt_dff.cc:251:make_patterns_logic$5653.A[0]      8 1.9ms
                                                                controller.replies[3][2]      1 1.9ms
                                                                controller.tx_packet[81]      2 1.9ms
                                                         controller.captured_payload[11]      5 1.9ms
                                         $techmap37098$abc$36427$lut$not$aiger36426$61.A      2 1.9ms
                                                          controller.captured_payload[6]      5 1.9ms
                 $techmap37446$abc$36427$lut$flatten\transmitter.$procmux$4769_Y[3].A[0]      1 1.9ms
                                                                  controller.payload[23]      2 1.8ms
                                                        controller.validated_payload[32]      2 1.8ms
                                                                            completed[5]      4 1.8ms
                                                          controller.engine.gap_ticks[0]      1 1.8ms
                                                                            completed[8]      4 1.8ms
                                                          controller.engine.remaining[3]      4 1.8ms
                                                                            completed[1]      4 1.8ms
                                                            controller.engine.divider[6]      1 1.8ms
                                                              controller.parser.state[3]      8 1.8ms
                                                               controller.replies[1][39]      1 1.8ms
                                                                controller.tx_packet[65]      2 1.8ms
                                                                       receiver.count[5]      4 1.8ms
                                                                            completed[9]      4 1.8ms
                                                                  controller.payload[10]      2 1.8ms
                                                              controller.engine.ticks[1]      5 1.8ms
                                                        controller.validated_payload[74]      4 1.8ms
                                                           controller.pending_address[0]      4 1.7ms
                                                         controller.engine.divider_three      2 1.7ms
                                                               controller.replies[1][42]      1 1.7ms
                                                                  controller.payload[55]      2 1.7ms
                                                           controller.parser.payload[32]      1 1.7ms
                                                         controller.captured_payload[87]      1 1.7ms
                                                              controller.engine.phase[5]      5 1.7ms
                                                                controller.tx_packet[94]      2 1.7ms
                                                                            completed[4]      4 1.7ms
                                                              controller.validated_op[1]      1 1.7ms
                                                                       receiver.shift[6]      2 1.7ms
                              $techmap36706$auto$abc9_ops.cc:1613:reintegrate$36521.A[0]      2 1.7ms
                                                                    transmitter.count[6]      4 1.7ms
                                                             controller.pending_reply[8]      4 1.7ms
                                                                controller.tx_packet[73]      2 1.7ms
                                                                    transmitter.count[8]      4 1.7ms
                                                                controller.tx_packet[29]      2 1.7ms
                                                                controller.tx_packet[28]      2 1.7ms
                              $techmap36822$auto$abc9_ops.cc:1613:reintegrate$36484.A[1]      4 1.7ms
                              $techmap36803$auto$abc9_ops.cc:1613:reintegrate$36489.A[0]      3 1.7ms
                                                                controller.replies[1][8]      1 1.7ms
                                                                                    busy      1 1.7ms
                                                      controller.engine.gap_minus_one[4]      1 1.7ms
                                                          controller.engine.remaining[7]      4 1.7ms
        $abc$36427$flatten\controller.$shl$/workspace/arty-frame-studio/firmware/rtl/frame_controller.v:180$148_Y[6]      2 1.7ms
                                                        controller.validated_payload[57]      5 1.7ms
         $techmap37168$abc$36427$lut$flatten\controller.\parser.$procmux$3370_Y[21].A[0]      1 1.7ms
                                                               controller.replies[3][37]      1 1.7ms
                                                  controller.engine.divider_minus_one[2]      1 1.6ms
                                                        controller.validated_payload[81]      4 1.6ms
                                                                controller.replies[2][7]      1 1.6ms
                                                                           completed[11]      4 1.6ms
                                 $abc$36427$auto$opt_dff.cc:251:make_patterns_logic$6096      8 1.6ms
                                                          controller.engine.gap_ticks[7]      1 1.6ms
                                                         controller.engine.remaining[10]      4 1.6ms
                                                                   controller.payload[7]      2 1.6ms
                                                            controller.pending_reply[35]      4 1.6ms
                                                    controller.captured_parser_status[2]      3 1.6ms
                                                        controller.validated_payload[76]      4 1.6ms
                                                                controller.replies[3][7]      1 1.6ms
                              $techmap36688$auto$abc9_ops.cc:1613:reintegrate$36526.A[4]      3 1.6ms
                                                               controller.replies[3][24]      1 1.6ms
                                                             controller.parser.length[0]      2 1.6ms
                              $techmap36895$auto$abc9_ops.cc:1613:reintegrate$36457.A[1]      1 1.6ms
                                                                controller.parser.crc[8]      3 1.6ms
                              $techmap36632$auto$abc9_ops.cc:1613:reintegrate$36537.A[0]      3 1.6ms
                                                              controller.engine.ticks[6]      3 1.6ms
                                                         controller.captured_payload[19]      4 1.6ms
                                        $techmap36878$abc$36427$lut$aiger36426$3951.A[1]      2 1.6ms
                                                               controller.captured_op[1]      3 1.6ms
                                                               controller.replies[2][38]      1 1.6ms
                                                       controller.validated_payload[105]      2 1.6ms
                                                        controller.engine.latch_ticks[0]      1 1.6ms
                                                                           completed[12]      4 1.6ms
                                                               controller.replies[3][10]      1 1.6ms
                                                        controller.validated_payload[79]      4 1.6ms
                                        $techmap37223$abc$36427$lut$aiger36426$2538.A[1]      8 1.6ms
           $techmap37393$abc$36427$lut$auto$opt_dff.cc:251:make_patterns_logic$5889.A[1]      1 1.6ms
                                                               controller.replies[1][32]      1 1.5ms
                                                                controller.replies[3][1]      1 1.5ms
                                                        controller.engine.shift_word[11]      2 1.5ms
                                                        controller.validated_payload[80]      4 1.5ms
                                                                  controller.payload[58]      2 1.5ms
                                                            controller.pending_reply[34]      4 1.5ms
                                                            controller.pending_reply[42]      4 1.5ms
                                                        controller.validated_payload[63]      4 1.5ms
                                                           controller.parser.payload[73]      1 1.5ms
                                                                  controller.payload[38]      1 1.5ms
                                                          controller.captured_payload[9]      5 1.5ms
        $abc$36427$flatten\controller.$shl$/workspace/arty-frame-studio/firmware/rtl/frame_controller.v:180$152_Y[13]      4 1.5ms
                                                   controller.validated_aligned_word[11]      2 1.5ms
                                                           controller.parser.payload[63]      1 1.5ms
                                                       controller.engine.word_config[24]      1 1.5ms
                              $techmap36931$auto$abc9_ops.cc:1613:reintegrate$36443.A[3]      1 1.5ms
                                        $techmap36644$abc$36427$lut$aiger36426$2195.A[4]      2 1.5ms
                                                                controller.tx_packet[64]      2 1.5ms
                                                                controller.replies[2][3]      1 1.5ms
                                                                controller.tx_packet[30]      2 1.5ms
                                        $techmap36869$abc$36427$lut$aiger36426$3890.A[2]      3 1.5ms
                                                        controller.validated_payload[72]      7 1.5ms
                                                               controller.replies[3][17]      1 1.5ms
                                                   controller.validated_aligned_word[19]      2 1.4ms
                                                             controller.response_crc[13]      1 1.4ms
                                                            controller.parser.crc_low[6]      1 1.4ms
                                                            controller.engine.divider[8]      1 1.4ms
                                                               controller.replies[2][37]      1 1.4ms
                                                               controller.replies[2][45]      1 1.4ms
                                                                controller.replies[3][3]      1 1.4ms
                                                                controller.tx_packet[70]      2 1.4ms
                                                         controller.captured_payload[15]      5 1.4ms
                                                                controller.replies[1][3]      1 1.4ms
                                                        controller.captured_payload[103]      1 1.4ms
                                                            controller.pending_reply[43]      4 1.4ms
                                                        controller.engine.shift_word[17]      2 1.4ms
                                                         controller.captured_payload[24]      3 1.4ms
                                                          controller.captured_payload[5]      5 1.4ms
                                      $abc$36427$auto$opt_dff.cc:275:combine_resets$5952     26 1.4ms
                                                               controller.replies[3][15]      1 1.4ms
                                                        controller.captured_payload[105]      1 1.4ms
                                                           controller.parser.payload[92]      1 1.4ms
                                                                controller.replies[0][2]      1 1.4ms
                                                      controller.engine.gap_minus_one[6]      1 1.4ms
                                                                controller.tx_packet[24]      2 1.3ms
                                                                       receiver.count[9]      4 1.3ms
                                                               controller.replies[0][37]      1 1.3ms
                              $techmap36738$auto$abc9_ops.cc:1613:reintegrate$36509.A[4]      3 1.3ms
                                                         controller.captured_payload[20]      5 1.3ms
                                                                  controller.payload[70]      2 1.3ms
                                                         controller.captured_payload[13]      5 1.3ms
                                                          controller.engine.remaining[5]      4 1.3ms
                              $techmap36706$auto$abc9_ops.cc:1613:reintegrate$36521.A[1]      2 1.3ms
                                                      controller.engine.gap_minus_one[8]      1 1.3ms
                                                             controller.engine.ticks[15]      3 1.3ms
                                 $abc$36427$auto$opt_dff.cc:251:make_patterns_logic$6082      8 1.3ms
                                        $techmap36665$abc$36427$lut$aiger36426$2210.A[4]      1 1.3ms
                                                                controller.tx_packet[72]      2 1.3ms
                                                        controller.validated_payload[71]      4 1.3ms
                                                                             reset_async      4 1.3ms
                                                      controller.engine.gap_minus_one[9]      1 1.3ms
                                                               controller.replies[1][46]      1 1.3ms
                              $techmap36918$auto$abc9_ops.cc:1613:reintegrate$36446.A[1]      1 1.3ms
                                                                controller.tx_packet[31]      2 1.3ms
                                                               controller.parser.crc[11]      2 1.3ms
                                                                controller.replies[0][1]      1 1.3ms
                                              $auto$alumacc.cc:512:replace_alu$7099.Y[2]      2 1.3ms
                                 $abc$36427$auto$opt_dff.cc:251:make_patterns_logic$6110      8 1.3ms
                                                               controller.replies[2][10]      1 1.3ms
                                                    controller.validated_aligned_word[7]      2 1.3ms
                                                           controller.engine.divider[14]      1 1.3ms
                                                                controller.tx_packet[89]      2 1.3ms
                                                               controller.captured_op[2]      4 1.3ms
                                        $techmap36899$abc$36427$lut$aiger36426$4129.A[4]      1 1.3ms
           $techmap37355$abc$36427$lut$auto$opt_dff.cc:251:make_patterns_logic$5991.A[0]     26 1.3ms
                                                               controller.replies[0][38]      1 1.3ms
                                                               controller.replies[3][12]      1 1.3ms
                                                        controller.validated_payload[69]      4 1.3ms
                                                           controller.parser.payload[56]      1 1.2ms
                                                     controller.engine.gap_minus_one[12]      1 1.2ms
                                                                       receiver.shift[3]      2 1.2ms
                              $techmap36833$auto$abc9_ops.cc:1613:reintegrate$36480.A[3]      2 1.2ms
                                                               controller.replies[2][34]      1 1.2ms
                                                                                  locked      2 1.2ms
                                                      controller.parser.timeout_count[2]      2 1.2ms
                                                                       controller.seq[1]      1 1.2ms
                                                                controller.tx_packet[79]      2 1.2ms
                                                             controller.response_crc[14]      1 1.2ms
                                                              controller.validated_op[2]      1 1.2ms
                                                               controller.replies[1][40]      1 1.2ms
                                                           controller.parser.payload[54]      1 1.2ms
                                                          controller.engine.remaining[0]      4 1.2ms
                                                               controller.replies[2][16]      1 1.2ms
                                                         controller.captured_payload[71]      1 1.2ms
                                                            controller.engine.divider[5]      1 1.2ms
                                $abc$36427$flatten\controller.\engine.$procmux$3796_Y[0]      1 1.2ms
                                                        controller.engine.shift_word[19]      2 1.2ms
                                                               controller.replies[1][33]      1 1.2ms
                                                                  controller.payload[11]      2 1.2ms
                                                                controller.replies[3][6]      1 1.2ms
                              $techmap36783$auto$abc9_ops.cc:1613:reintegrate$36493.A[4]      1 1.2ms
                                                                controller.tx_packet[38]      2 1.2ms
                                                                 controller.payload[102]      2 1.2ms
                                                          controller.captured_payload[3]      5 1.2ms
                                                               controller.parser.crc[12]      4 1.2ms
                                        $techmap37107$abc$36427$lut$aiger36426$1663.A[3]      2 1.2ms
                                                           controller.parser.payload[49]      1 1.2ms
                                                          controller.engine.gap_ticks[2]      1 1.2ms
                                                                controller.tx_packet[93]      2 1.2ms
                                                                  controller.payload[21]      2 1.2ms
                                                               controller.parser.crc[14]      4 1.2ms
                                                              controller.engine.ticks[3]      4 1.2ms
                                        $techmap37239$abc$36427$lut$aiger36426$1829.A[1]      2 1.2ms
                                                           controller.parser.payload[88]      1 1.2ms
                                                               controller.replies[0][35]      1 1.2ms
                                                 controller.engine.divider_minus_one[13]      1 1.1ms
                              $techmap36806$auto$abc9_ops.cc:1613:reintegrate$36487.A[2]      4 1.1ms
                                                        controller.validated_payload[61]      4 1.1ms
                                                                controller.parser.seq[0]      1 1.1ms
         $techmap37154$abc$36427$lut$flatten\controller.\engine.$procmux$3872_Y[13].A[2]      1 1.1ms
                                        $techmap36773$abc$36427$lut$aiger36426$3097.A[4]      1 1.1ms
                                                                  controller.payload[56]      2 1.1ms
                                                                      receiver.count[10]      4 1.1ms
                              $techmap36841$auto$abc9_ops.cc:1613:reintegrate$36476.A[5]      2 1.1ms
                                                         controller.captured_payload[83]      1 1.1ms
                                                            controller.parser.version[7]      1 1.1ms
                                                  controller.engine.divider_minus_one[1]      1 1.1ms
                                                             controller.response_crc[10]      1 1.1ms
          $techmap37287$abc$36427$lut$flatten\controller.\parser.$procmux$3370_Y[9].A[0]      1 1.1ms
                                 $abc$36427$auto$opt_dff.cc:251:make_patterns_logic$6075      8 1.1ms
                                                                  controller.payload[54]      2 1.1ms
                                                        controller.engine.word_config[2]      1 1.1ms
                              $techmap36739$auto$abc9_ops.cc:1613:reintegrate$36508.A[2]      1 1.1ms
                              $techmap36797$auto$abc9_ops.cc:1613:reintegrate$36490.A[4]      4 1.1ms
                                                                controller.tx_packet[35]      2 1.1ms
                                                                  controller.payload[25]      2 1.1ms
                                                        controller.validated_payload[51]      5 1.1ms
                                                            controller.parser.crc_low[4]      1 1.1ms
                                                         controller.engine.shift_word[3]      2 1.1ms
                                                     controller.engine.gap_minus_one[14]      1 1.1ms
           $techmap37270$abc$36427$lut$auto$opt_dff.cc:251:make_patterns_logic$6075.A[3]      4 1.1ms
                                                            controller.pending_reply[41]      4 1.1ms
          $techmap37423$abc$36427$lut$flatten\controller.\engine.$procmux$3893_Y[2].A[0]      1 1.1ms
                                                      controller.parser.timeout_count[6]      2 1.1ms
                                                               controller.replies[2][12]      1 1.1ms
                                                            controller.pending_reply[38]      4 1.1ms
                                                        controller.captured_payload[102]      1 1.1ms
                                                            controller.parser.crc_low[3]      1 1.1ms
                                                                  controller.payload[90]      2 1.1ms
                                                              controller.validated_op[6]      1 1.1ms
                                        $techmap36714$abc$36427$lut$aiger36426$2404.A[4]      1 1.1ms
                                                                   controller.payload[3]      2 1.1ms
                                                             controller.engine.ticks[12]      3 1.1ms
                              $techmap36784$auto$abc9_ops.cc:1613:reintegrate$36492.A[1]      1 1.1ms
                                                                controller.tx_packet[67]      2 1.1ms
                                                               controller.replies[1][45]      1 1.1ms
                                        $techmap36938$abc$36427$lut$aiger36426$4438.A[2]      3 1.1ms
                              $techmap36886$auto$abc9_ops.cc:1613:reintegrate$36460.A[0]      1 1.1ms
                                                    controller.validated_aligned_word[3]      2 1.1ms
                                                          controller.validated_status[1]      1 1.0ms
                                                      controller.parser.payload_index[4]      3 1.0ms
                                                            controller.pending_reply[32]      4 1.0ms
                                        $techmap36881$abc$36427$lut$aiger36426$3982.A[0]      1 1.0ms
                        $techmap37301$abc$36427$lut$auto$wreduce.cc:514:run$6258[1].A[3]      1 1.0ms
                                 $abc$36427$auto$opt_dff.cc:251:make_patterns_logic$6026      8 1.0ms
                                                             controller.engine.latch_one      5 1.0ms
                                        $techmap36744$abc$36427$lut$aiger36426$2836.A[2]      1 1.0ms
                                                      controller.parser.timeout_count[8]      2 1.0ms
                                 $abc$36427$auto$opt_dff.cc:251:make_patterns_logic$5991      4 1.0ms
                                                        controller.validated_payload[93]      1 1.0ms
                                 $abc$36427$auto$opt_dff.cc:251:make_patterns_logic$6248      8 1.0ms
                                                  controller.engine.divider_minus_one[4]      1 1.0ms
                                                                    transmitter.count[7]      4 1.0ms
                                                         controller.engine.shift_word[5]      2 1.0ms
                                                           controller.parser.payload[30]      1 1.0ms
                                                               controller.replies[2][32]      1 1.0ms
                                                                  controller.payload[53]      2 1.0ms
                                                                    transmitter.shift[2]      1 1.0ms
                                                        controller.validated_payload[42]      5 1.0ms
                              $techmap36580$auto$abc9_ops.cc:1613:reintegrate$36556.A[0]      3 1.0ms
                                                            controller.pending_reply[39]      4 1.0ms
                                                                  controller.payload[59]      2 1.0ms
                                                         controller.captured_payload[99]      1 1.0ms
                                                    controller.engine.latch_minus_one[2]      1 1.0ms
                                                                controller.request_valid      1 1.0ms
                              $techmap36855$auto$abc9_ops.cc:1613:reintegrate$36471.A[1]      1 1.0ms
                                                               controller.captured_op[0]      4 1.0ms
                                                   controller.validated_aligned_word[24]      2 1.0ms
        $techmap36821$abc$36427$lut$flatten\controller.$shl$/workspace/arty-frame-studio/firmware/rtl/frame_controller.v:180$148_Y[7].A[4]      3 1.0ms
                                                                    transmitter.shift[3]      1 1.0ms
                                                              controller.engine.ticks[9]      3 1.0ms
                                                                 controller.parser.op[2]      1 1.0ms
                                                       controller.engine.word_config[14]      1 1.0ms
                                                                controller.replies[3][8]      1 1.0ms
                              $techmap36624$auto$abc9_ops.cc:1613:reintegrate$36543.A[3]      2 1.0ms
                              $techmap36748$auto$abc9_ops.cc:1613:reintegrate$36506.A[5]      1 1.0ms
                                                         controller.captured_payload[75]      1 1.0ms
          $techmap37348$abc$36427$lut$flatten\controller.\parser.$procmux$3421_Y[1].A[0]      1 1.0ms
                                                               controller.replies[0][16]      1 1.0ms
                                                                  controller.payload[88]      2 1.0ms
                                                     controller.parser.timeout_count[21]      2 1.0ms
                              $techmap36822$auto$abc9_ops.cc:1613:reintegrate$36484.A[0]      3 1.0ms
                                        $techmap36802$abc$36427$lut$aiger36426$3334.A[3]      1 1.0ms
                                        $techmap37325$abc$36427$lut$aiger36426$1928.A[4]      1 1.0ms
                                                                    transmitter.shift[4]      2 1.0ms
                                                                    controller.length[2]      2 1.0ms
                                        $techmap37213$abc$36427$lut$aiger36426$2535.A[4]      1 1.0ms
                                                                            completed[3]      4 0.9ms
                                                               controller.replies[3][39]      1 0.9ms
                                                                  controller.payload[16]      2 0.9ms
                                      $abc$36427$auto$opt_dff.cc:275:combine_resets$5843     16 0.9ms
        $techmap37152$abc$36427$lut$flatten\receiver.$2$lookahead\shift$1887[7:0]$1894[7].A[1]      5 0.9ms
                                                                controller.tx_packet[39]      2 0.9ms
                                                        controller.validated_payload[82]      4 0.9ms
                                                               controller.replies[2][47]      1 0.9ms
                                                               controller.replies[0][41]      1 0.9ms
                                                                controller.parser.seq[6]      1 0.9ms
                                                                controller.tx_packet[77]      2 0.9ms
                                                                controller.replies[0][6]      1 0.9ms
                                                    controller.validated_aligned_word[5]      2 0.9ms
                              $techmap36939$auto$abc9_ops.cc:1613:reintegrate$36439.A[4]      1 0.9ms
                                                               controller.replies[0][11]      1 0.9ms
                                                                  controller.payload[67]      2 0.9ms
                              $techmap36896$auto$abc9_ops.cc:1613:reintegrate$36456.A[1]      1 0.9ms
                                        $techmap37213$abc$36427$lut$aiger36426$2535.A[1]      1 0.9ms
                                                         controller.captured_payload[21]      4 0.9ms
                                                              controller.response_crc[1]      1 0.9ms
                                        $techmap37213$abc$36427$lut$aiger36426$2535.A[3]      1 0.9ms
                                                               controller.replies[3][40]      1 0.9ms
                                                         controller.engine.shift_word[4]      2 0.9ms
                                                                controller.parser.crc[1]      2 0.9ms
                                                                    transmitter.count[5]      4 0.9ms
                                                               controller.replies[3][32]      1 0.9ms
                                                                  controller.payload[89]      2 0.9ms
                                                                               data_fall      1 0.9ms
                                                         controller.captured_payload[23]      3 0.9ms
                                                                controller.tx_packet[91]      2 0.9ms
                                        $techmap37178$abc$36427$lut$aiger36426$1761.A[1]      2 0.9ms
                                                                 controller.parser.op[5]      1 0.9ms
                                                                   controller.payload[0]      2 0.9ms
                                        $techmap36974$abc$36427$lut$aiger36426$4782.A[3]      1 0.9ms
                                                            controller.engine.divider[3]      1 0.9ms
                                                          controller.parser.payload[107]      1 0.9ms
                                                    controller.engine.latch_minus_one[1]      1 0.9ms
                                                                    transmitter.count[9]      4 0.9ms
                              $techmap36901$auto$abc9_ops.cc:1613:reintegrate$36455.A[4]      1 0.9ms
                              $techmap36672$auto$abc9_ops.cc:1613:reintegrate$36532.A[3]      1 0.9ms
                                                                controller.tx_packet[76]      2 0.9ms
                                                             controller.response_crc[15]      1 0.9ms
                                                                            completed[6]      4 0.9ms
                                 $abc$36427$auto$opt_dff.cc:251:make_patterns_logic$5653      6 0.9ms
                                                         controller.engine.remaining[14]      4 0.9ms
                                                     controller.parser.timeout_count[17]      3 0.9ms
                                                                  controller.payload[61]      2 0.9ms
                                                                    controller.length[1]      2 0.9ms
                                 $abc$36427$auto$opt_dff.cc:251:make_patterns_logic$5959     10 0.9ms
                                                               controller.replies[0][45]      1 0.9ms
                                                               controller.replies[2][33]      1 0.9ms
                                                                  controller.payload[51]      2 0.9ms
                                                          controller.parser.payload[109]      1 0.9ms
                                        $techmap36716$abc$36427$lut$aiger36426$2412.A[1]      1 0.9ms
                                                        controller.validated_payload[65]      4 0.9ms
                                                                    transmitter.count[4]      4 0.9ms
                                                                controller.parser.seq[3]      1 0.9ms
                                                                 controller.parser.op[0]      1 0.9ms
                                                          controller.engine.initial_data      1 0.9ms
                                                                    transmitter.count[0]      3 0.9ms
                                                         controller.captured_payload[77]      1 0.9ms
                                                                  controller.payload[14]      2 0.9ms
                                                               controller.replies[0][32]      1 0.9ms
                                                                   controller.payload[8]      2 0.9ms
                                                          controller.engine.remaining[1]      4 0.9ms
                                                               controller.replies[0][14]      1 0.9ms
                              $techmap36917$auto$abc9_ops.cc:1613:reintegrate$36447.A[1]      1 0.8ms
                                                     controller.parser.timeout_count[13]      3 0.8ms
                              $techmap36884$auto$abc9_ops.cc:1613:reintegrate$36462.A[4]      1 0.8ms
                                        $techmap36864$abc$36427$lut$aiger36426$3844.A[2]      5 0.8ms
                                                                       receiver.count[1]      3 0.8ms
                              $techmap36632$auto$abc9_ops.cc:1613:reintegrate$36537.A[1]      3 0.8ms
                                                                  controller.payload[40]      2 0.8ms
                                 $abc$36427$auto$opt_dff.cc:251:make_patterns_logic$6089      8 0.8ms
                                                               controller.replies[0][10]      1 0.8ms
                                                                  controller.payload[24]      2 0.8ms
                                                                controller.parser.crc[5]      2 0.8ms
                                                             controller.engine.ticks[14]      3 0.8ms
                                                       controller.engine.word_config[20]      1 0.8ms
                                                       controller.engine.latch_ticks[15]      1 0.8ms
        $techmap37324$abc$36427$lut$flatten\controller.$shl$/workspace/arty-frame-studio/firmware/rtl/frame_controller.v:180$160_Y[0].A[1]      4 0.8ms
            $techmap36795$abc$36427$lut$auto$opt_expr.cc:206:group_cell_inputs$7996.A[4]      1 0.8ms
                              $techmap36932$auto$abc9_ops.cc:1613:reintegrate$36442.A[1]      1 0.8ms
                                                           controller.parser.payload[89]      1 0.8ms
                                                     controller.parser.timeout_count[16]      3 0.8ms
                                                       controller.engine.latch_ticks[12]      1 0.8ms
                                        $techmap36662$abc$36427$lut$aiger36426$2177.A[2]      1 0.8ms
                                                           controller.parser.payload[41]      1 0.8ms
                                                                transmitter.bits_left[0]      3 0.8ms
                              $techmap36720$auto$abc9_ops.cc:1613:reintegrate$36518.A[3]      2 0.8ms
                              $techmap36761$auto$abc9_ops.cc:1613:reintegrate$36502.A[2]      5 0.8ms
                                                      controller.engine.gap_minus_one[0]      2 0.8ms
                                                               controller.replies[2][13]      1 0.8ms
                                                       controller.validated_payload[102]      1 0.8ms
                                                   controller.captured_word_overflow[18]      1 0.8ms
                                                        controller.validated_payload[41]      6 0.8ms
                              $techmap36884$auto$abc9_ops.cc:1613:reintegrate$36462.A[5]      1 0.8ms
                                                    controller.captured_word_overflow[6]      1 0.8ms
                                                                controller.replies[2][0]      1 0.8ms
                                                           controller.engine.latch_three      2 0.8ms
                                                             controller.engine.gap_three      2 0.8ms
                                                         controller.captured_payload[40]      1 0.8ms
                                                        controller.validated_payload[88]      1 0.8ms
                              $techmap36740$auto$abc9_ops.cc:1613:reintegrate$36507.A[1]      1 0.8ms
                                        $techmap36745$abc$36427$lut$aiger36426$2837.A[0]      1 0.8ms
                                                           controller.parser.payload[79]      1 0.8ms
                                                     controller.engine.gap_minus_one[13]      1 0.8ms
                                                               controller.captured_valid      3 0.8ms
                                                   controller.validated_aligned_word[14]      2 0.8ms
                                                                controller.replies[0][3]      1 0.8ms
                                                           controller.engine.divider[15]      1 0.8ms
                                                              controller.captured_seq[1]      1 0.8ms
                 $techmap37399$abc$36427$lut$flatten\transmitter.$procmux$4758_Y[7].A[2]      1 0.8ms
                                                               controller.replies[2][41]      1 0.8ms
                                                         controller.captured_payload[33]      1 0.8ms
                                                             controller.validated_seq[4]      1 0.8ms
                                                                controller.tx_packet[48]      2 0.8ms
                                                        controller.validated_payload[98]      1 0.8ms
                              $techmap36867$auto$abc9_ops.cc:1613:reintegrate$36467.A[1]      1 0.8ms
                                        $techmap37213$abc$36427$lut$aiger36426$2535.A[0]      1 0.8ms
                                                               controller.replies[1][17]      1 0.8ms
                                                           controller.parser.payload[87]      1 0.8ms
                                        $techmap36848$abc$36427$lut$aiger36426$3781.A[1]      2 0.8ms
                                                               controller.replies[0][33]      1 0.8ms
                                                               controller.replies[1][43]      1 0.8ms
                                                               controller.parser.crc[15]      5 0.8ms
                                                     controller.parser.timeout_count[24]      3 0.8ms
                                                             controller.parser.length[1]      2 0.8ms
           $techmap37116$abc$36427$lut$auto$opt_dff.cc:251:make_patterns_logic$5995.A[1]      3 0.8ms
                                        $techmap36760$abc$36427$lut$aiger36426$2954.A[1]      6 0.8ms
                                                   controller.captured_word_overflow[15]      1 0.8ms
                                                                       controller.seq[4]      1 0.8ms
                                                         controller.captured_payload[12]      5 0.8ms
                                                         controller.captured_payload[70]      1 0.8ms
                                                        controller.validated_payload[49]      5 0.8ms
                                                  controller.engine.divider_minus_one[7]      1 0.8ms
                                                   controller.validated_aligned_word[17]      2 0.8ms
                                                                controller.tx_packet[85]      2 0.8ms
                                                                controller.tx_packet[92]      2 0.8ms
                                                           controller.parser.payload[34]      1 0.8ms
                                                            controller.pending_reply[45]      4 0.8ms
         $techmap37473$abc$36427$lut$flatten\controller.\engine.$procmux$3872_Y[11].A[2]      1 0.8ms
                                                                  controller.payload[97]      2 0.7ms
                                                   controller.captured_word_overflow[28]      1 0.7ms
                              $techmap36823$auto$abc9_ops.cc:1613:reintegrate$36483.A[1]      1 0.7ms
                                                                   controller.payload[5]      2 0.7ms
          $techmap37271$abc$36427$lut$flatten\controller.\parser.$procmux$3370_Y[5].A[0]      1 0.7ms
                 $techmap37238$abc$36427$lut$flatten\transmitter.$procmux$4769_Y[8].A[0]      1 0.7ms
                                 $abc$36427$auto$opt_dff.cc:251:make_patterns_logic$5785     16 0.7ms
                                                                  controller.payload[62]      2 0.7ms
                                                          controller.engine.gap_ticks[6]      1 0.7ms
                                                    controller.engine.latch_minus_one[3]      1 0.7ms
                                        $techmap36643$abc$36427$lut$aiger36426$2184.A[2]      2 0.7ms
                                                         controller.captured_payload[73]      1 0.7ms
                                                                controller.tx_packet[49]      2 0.7ms
                                                               controller.replies[0][34]      1 0.7ms
                                        $techmap37398$abc$36427$lut$aiger36426$3722.A[4]      1 0.7ms
                                                         controller.engine.remaining[13]      4 0.7ms
                                                           controller.parser.payload[26]      1 0.7ms
                                                                controller.tx_packet[27]      2 0.7ms
                                                        controller.validated_payload[70]      4 0.7ms
                                                            controller.pending_reply[12]      4 0.7ms
                              $techmap36718$auto$abc9_ops.cc:1613:reintegrate$36519.A[0]      1 0.7ms
                              $techmap36717$auto$abc9_ops.cc:1613:reintegrate$36520.A[5]      2 0.7ms
                                                              controller.engine.ticks[0]      2 0.7ms
                                                             controller.response_crc[12]      1 0.7ms
                                                                  controller.payload[94]      2 0.7ms
                                                          controller.parser.payload[106]      1 0.7ms
                                                                   controller.payload[2]      2 0.7ms
                                                                       receiver.count[4]      4 0.7ms
                                                                controller.tx_packet[82]      2 0.7ms
                                                               controller.replies[0][15]      1 0.7ms
                                                                controller.tx_packet[25]      2 0.7ms
                                        $techmap37236$abc$36427$lut$aiger36426$2542.A[2]      4 0.7ms
                                                      controller.parser.timeout_count[9]      3 0.7ms
          $techmap37458$abc$36427$lut$flatten\controller.\engine.$procmux$3893_Y[3].A[0]      1 0.7ms
           $techmap37248$abc$36427$lut$auto$opt_dff.cc:251:make_patterns_logic$6033.A[4]      4 0.7ms
                                                             controller.response_crc[11]      1 0.7ms
                                                          controller.engine.remaining[4]      4 0.7ms
                                                        controller.validated_payload[36]      2 0.7ms
                                                    controller.validated_aligned_word[2]      2 0.7ms
                                                                controller.parser.crc[2]      2 0.7ms
                                                              controller.engine.ticks[4]      3 0.7ms
                                                               controller.replies[3][11]      1 0.7ms
                                                        controller.engine.latch_ticks[2]      1 0.7ms
                                                           controller.parser.payload[81]      1 0.7ms
        $techmap37256$abc$36427$lut$flatten\controller.$shl$/workspace/arty-frame-studio/firmware/rtl/frame_controller.v:180$152_Y[7].A[4]      1 0.7ms
                                                        controller.validated_payload[64]      4 0.7ms
                                                    controller.captured_word_overflow[5]      1 0.7ms
                                                         controller.captured_payload[59]      1 0.7ms
                                                                       controller.seq[7]      1 0.7ms
                                                                controller.replies[1][5]      1 0.7ms
                                                               controller.replies[2][24]      1 0.7ms
                                                           controller.engine.divider[12]      1 0.7ms
                                                   controller.captured_word_overflow[21]      1 0.7ms
                                                               controller.replies[0][46]      1 0.7ms
                                                                controller.replies[1][7]      1 0.7ms
                                        $techmap36755$abc$36427$lut$aiger36426$2933.A[4]      1 0.7ms
                                                             controller.parser.length[3]      2 0.7ms
                                                               controller.replies[3][13]      1 0.7ms
                              $techmap36894$auto$abc9_ops.cc:1613:reintegrate$36458.A[4]      1 0.7ms
                                                               controller.replies[2][18]      1 0.7ms
                              $techmap36906$auto$abc9_ops.cc:1613:reintegrate$36452.A[5]      2 0.7ms
                                                                controller.tx_packet[83]      2 0.7ms
                                                        controller.validated_payload[66]      4 0.7ms
                                        $techmap36913$abc$36427$lut$aiger36426$4253.A[4]      1 0.7ms
                                                       controller.engine.word_config[25]      1 0.7ms
                                        $techmap36651$abc$36427$lut$aiger36426$2135.A[4]      1 0.7ms
                                                               controller.replies[2][11]      1 0.7ms
                                                     controller.parser.timeout_count[23]      3 0.7ms
                                                         controller.engine.shift_word[2]      2 0.6ms
                                                     controller.parser.timeout_count[22]      2 0.6ms
                                                         controller.engine.shift_word[8]      2 0.6ms
                                                         controller.captured_payload[62]      1 0.6ms
                                                                controller.replies[0][0]      1 0.6ms
                                        $techmap37161$abc$36427$lut$aiger36426$2509.A[2]      1 0.6ms
                                        $techmap36774$abc$36427$lut$aiger36426$3101.A[4]      1 0.6ms
                                                                  controller.payload[48]      2 0.6ms
                                                                 controller.payload[100]      2 0.6ms
                                                             controller.validated_seq[7]      1 0.6ms
                                                              controller.engine.flags[1]      3 0.6ms
                                                                controller.tx_packet[74]      2 0.6ms
                                                           controller.parser.payload[94]      1 0.6ms
                                                               controller.engine.gap_two      3 0.6ms
                                                        controller.validated_payload[92]      1 0.6ms
                                                    controller.validated_aligned_word[9]      2 0.6ms
                                                            controller.parser.crc_low[1]      1 0.6ms
                                        $techmap36662$abc$36427$lut$aiger36426$2177.A[0]      2 0.6ms
                              $techmap36860$auto$abc9_ops.cc:1613:reintegrate$36470.A[3]      1 0.6ms
                              $techmap36733$auto$abc9_ops.cc:1613:reintegrate$36512.A[4]      3 0.6ms
                              $techmap36606$auto$abc9_ops.cc:1613:reintegrate$36550.A[4]      2 0.6ms
                                                    controller.engine.latch_minus_one[7]      1 0.6ms
                                                             controller.engine.ticks[11]      3 0.6ms
                                                                  controller.payload[65]      2 0.6ms
                                                                  controller.payload[13]      2 0.6ms
                                                              controller.engine.ticks[2]      4 0.6ms
                                 $abc$36427$auto$opt_dff.cc:251:make_patterns_logic$5622      2 0.6ms
                                                        controller.engine.shift_word[15]      2 0.6ms
                                                      controller.parser.timeout_count[1]      1 0.6ms
                                                     controller.parser.timeout_count[11]      3 0.6ms
                                                           controller.parser.payload[82]      1 0.6ms
                                                                               data_rise      2 0.6ms
                                                     controller.parser.timeout_count[15]      3 0.6ms
                                                             controller.parser.length[2]      2 0.6ms
                                                             controller.parser.length[6]      2 0.6ms
                                                                   controller.payload[1]      2 0.6ms
                                                         controller.captured_payload[25]      2 0.6ms
                                 $abc$36427$auto$opt_dff.cc:251:make_patterns_logic$6244      8 0.6ms
                                                               controller.replies[1][16]      1 0.6ms
         $techmap37328$abc$36427$lut$flatten\controller.\engine.$procmux$3872_Y[14].A[2]      1 0.6ms
                                                                       receiver.count[8]      4 0.6ms
                                                           controller.parser.payload[66]      1 0.6ms
                                        $techmap36857$abc$36427$lut$aiger36426$3820.A[0]      1 0.6ms
                                                           controller.parser.payload[47]      1 0.6ms
          $techmap37286$abc$36427$lut$flatten\controller.\parser.$procmux$3370_Y[4].A[0]      1 0.6ms
                                                             controller.write_pointer[0]      3 0.6ms
                                                         controller.captured_payload[85]      1 0.6ms
                                                                controller.tx_packet[56]      2 0.6ms
                                        $techmap36599$abc$36427$lut$aiger36426$1776.A[4]      1 0.6ms
                              $techmap36761$auto$abc9_ops.cc:1613:reintegrate$36502.A[1]      2 0.6ms
                                                               controller.replies[3][14]      1 0.6ms
                              $techmap36865$auto$abc9_ops.cc:1613:reintegrate$36469.A[5]      1 0.6ms
                                        $techmap36699$abc$36427$lut$aiger36426$2324.A[4]      2 0.6ms
                                                         controller.captured_payload[32]      1 0.6ms
                                                           controller.parser.payload[25]      1 0.6ms
                                                                controller.tx_packet[78]      2 0.6ms
                                        $techmap36662$abc$36427$lut$aiger36426$2177.A[1]      2 0.6ms
                                                               controller.replies[1][10]      1 0.6ms
                                                   controller.validated_aligned_word[22]      2 0.6ms
                                                   controller.engine.latch_minus_one[11]      1 0.6ms
                              $techmap36797$auto$abc9_ops.cc:1613:reintegrate$36490.A[2]      1 0.6ms
                                        $techmap36669$abc$36427$lut$aiger36426$2226.A[2]      1 0.6ms
                                                      controller.parser.timeout_count[4]      2 0.6ms
                                                             controller.parser.length[7]      2 0.6ms
                                        $techmap36816$abc$36427$lut$aiger36426$3439.A[5]      1 0.6ms
                                                                controller.parser.crc[4]      3 0.6ms
                              $techmap36850$auto$abc9_ops.cc:1613:reintegrate$36474.A[3]      2 0.6ms
                                        $techmap36716$abc$36427$lut$aiger36426$2412.A[0]      1 0.6ms
                                                         controller.captured_payload[49]      1 0.6ms
                                                               controller.replies[3][35]      1 0.6ms
                                                            controller.engine.divider[0]      1 0.6ms
                                                                 controller.parser.op[6]      1 0.6ms
                              $techmap36672$auto$abc9_ops.cc:1613:reintegrate$36532.A[1]      1 0.6ms
                                                        controller.validated_payload[91]      1 0.6ms
                                                  controller.engine.divider_minus_one[5]      1 0.6ms
                                                                  controller.payload[81]      1 0.6ms
                                                                       controller.seq[5]      1 0.6ms
                                                      controller.parser.timeout_count[5]      2 0.6ms
                                                    controller.captured_parser_status[0]      2 0.6ms
                                                        controller.engine.word_config[5]      1 0.6ms
                                                               controller.captured_op[3]      4 0.6ms
                                                              controller.captured_seq[4]      1 0.6ms
                              $techmap36884$auto$abc9_ops.cc:1613:reintegrate$36462.A[3]      1 0.6ms
                                                               controller.replies[2][35]      1 0.6ms
                                                                  controller.payload[50]      2 0.6ms
                                                        controller.engine.latch_ticks[6]      1 0.6ms
                              $techmap36730$auto$abc9_ops.cc:1613:reintegrate$36513.A[4]      1 0.6ms
                                                         controller.captured_payload[47]      1 0.6ms
                              $techmap36761$auto$abc9_ops.cc:1613:reintegrate$36502.A[3]      2 0.6ms
                                        $techmap36703$abc$36427$lut$aiger36426$2341.A[1]      2 0.6ms
                                                                              clock_rise      2 0.5ms
                                                                  controller.payload[91]      2 0.5ms
                                                         controller.captured_payload[51]      1 0.5ms
                                        $techmap36967$abc$36427$lut$aiger36426$4710.A[2]      1 0.5ms
                              $techmap36846$auto$abc9_ops.cc:1613:reintegrate$36475.A[4]      1 0.5ms
                                                                       receiver.shift[7]      2 0.5ms
                                                      controller.parser.payload_index[7]      3 0.5ms
                                                        controller.engine.shift_word[18]      2 0.5ms
                                                                   transmitter.count[10]      4 0.5ms
                                                                controller.parser.crc[7]      2 0.5ms
                                                                          transmitter.tx      1 0.5ms
                                                          controller.engine.remaining[9]      4 0.5ms
                                                            controller.pending_reply[37]      4 0.5ms
                                                 controller.engine.divider_minus_one[15]      1 0.5ms
                                                            controller.engine.divider[4]      1 0.5ms
                                                        controller.validated_payload[89]      1 0.5ms
                                                               controller.replies[1][34]      1 0.5ms
                                                                 controller.payload[104]      1 0.5ms
                                                         controller.captured_payload[65]      1 0.5ms
                                                                       receiver.shift[4]      2 0.5ms
                                                                       receiver.count[3]      4 0.5ms
                                                                controller.parser.seq[7]      1 0.5ms
                                                         controller.captured_payload[58]      1 0.5ms
                                                        controller.validated_payload[34]      2 0.5ms
                                                                       receiver.shift[0]      2 0.5ms
                                                 controller.parser.last_payload_index[6]      1 0.5ms
                              $techmap36972$auto$abc9_ops.cc:1613:reintegrate$36431.A[3]      1 0.5ms
                                                                controller.replies[0][4]      1 0.5ms
                                                              controller.response_crc[3]      1 0.5ms
                                                                            completed[2]      4 0.5ms
                                                                controller.tx_packet[50]      2 0.5ms
                                                               controller.replies[3][44]      1 0.5ms
         $techmap37400$abc$36427$lut$flatten\controller.\engine.$procmux$3893_Y[13].A[0]      1 0.5ms
                                        $techmap36872$abc$36427$lut$aiger36426$3901.A[0]      1 0.5ms
                              $techmap36807$auto$abc9_ops.cc:1613:reintegrate$36486.A[0]      1 0.5ms
                                                    controller.validated_aligned_word[6]      2 0.5ms
                              $techmap36765$auto$abc9_ops.cc:1613:reintegrate$36500.A[4]      3 0.5ms
                              $techmap36834$auto$abc9_ops.cc:1613:reintegrate$36479.A[1]      1 0.5ms
                              $techmap36910$auto$abc9_ops.cc:1613:reintegrate$36450.A[5]      2 0.5ms
        $abc$36427$flatten\controller.$ternary$/workspace/arty-frame-studio/firmware/rtl/frame_controller.v:180$171_Y[5]      2 0.5ms
                                                                       receiver.shift[5]      2 0.5ms
                                                                       receiver.state[1]      7 0.5ms
                                                           controller.parser.payload[74]      1 0.5ms
                                        $techmap36703$abc$36427$lut$aiger36426$2341.A[4]      1 0.5ms
           $techmap37355$abc$36427$lut$auto$opt_dff.cc:251:make_patterns_logic$5991.A[1]      1 0.5ms
                                        $techmap36581$abc$36427$lut$aiger36426$1647.A[0]      2 0.5ms
                                                           controller.parser.payload[33]      1 0.5ms
                                                             controller.write_pointer[1]      2 0.5ms
                                                               controller.parser.crc[13]      4 0.5ms
                 $techmap37352$abc$36427$lut$flatten\transmitter.$procmux$4758_Y[2].A[3]      1 0.5ms
        $abc$36427$flatten\controller.$shl$/workspace/arty-frame-studio/firmware/rtl/frame_controller.v:180$168_Y[6]      2 0.5ms
                                                           controller.parser.payload[44]      1 0.5ms
                              $techmap36936$auto$abc9_ops.cc:1613:reintegrate$36440.A[4]      2 0.5ms
                                                                       receiver.count[6]      4 0.5ms
                                                               controller.replies[2][14]      1 0.5ms
                                                         controller.captured_payload[76]      1 0.5ms
                                                          controller.engine.remaining[8]      4 0.5ms
                              $techmap36663$auto$abc9_ops.cc:1613:reintegrate$36533.A[4]      1 0.5ms
                                                                  controller.payload[27]      1 0.5ms
                              $techmap36683$auto$abc9_ops.cc:1613:reintegrate$36527.A[1]      5 0.5ms
                                                           controller.parser.payload[45]      1 0.5ms
                                        $techmap36864$abc$36427$lut$aiger36426$3844.A[3]      1 0.5ms
                                        $techmap36786$abc$36427$lut$aiger36426$3227.A[3]      3 0.5ms
                                                                controller.replies[3][9]      1 0.5ms
                                                        controller.engine.shift_word[24]      3 0.5ms
                                                                controller.replies[1][9]      1 0.5ms
                                                                controller.replies[1][4]      1 0.5ms
                                                                  controller.payload[44]      2 0.5ms
                                                                 controller.payload[103]      2 0.5ms
                                                             controller.validated_seq[3]      1 0.5ms
                                                    controller.validated_aligned_word[4]      2 0.5ms
                                                             controller.parser.length[4]      2 0.5ms
                              $techmap36910$auto$abc9_ops.cc:1613:reintegrate$36450.A[4]      2 0.5ms
                                                               controller.replies[2][39]      1 0.5ms
                                                        controller.engine.latch_ticks[8]      1 0.5ms
                                                   controller.captured_word_overflow[20]      1 0.5ms
                                                       controller.validated_payload[104]      2 0.5ms
                                        $techmap36892$abc$36427$lut$aiger36426$4068.A[4]      1 0.5ms
                                                           controller.parser.payload[11]      1 0.5ms
                                                                       receiver.index[1]      2 0.5ms
          $techmap37482$abc$36427$lut$flatten\controller.\parser.$procmux$3370_Y[8].A[0]      1 0.5ms
                                                           controller.parser.payload[99]      1 0.5ms
                                        $techmap37335$abc$36427$lut$aiger36426$3257.A[4]      1 0.5ms
         $techmap37443$abc$36427$lut$flatten\controller.\engine.$procmux$3893_Y[12].A[0]      1 0.5ms
                              $techmap36672$auto$abc9_ops.cc:1613:reintegrate$36532.A[5]      1 0.5ms
                                                                controller.tx_packet[33]      2 0.5ms
           $techmap37258$abc$36427$lut$auto$opt_dff.cc:251:make_patterns_logic$6047.A[3]      4 0.5ms
                                        $techmap37123$abc$36427$lut$aiger36426$2492.A[3]      1 0.5ms
         $techmap37361$abc$36427$lut$flatten\controller.\parser.$procmux$3370_Y[10].A[0]      1 0.5ms
                                                   controller.validated_aligned_word[20]      2 0.5ms
                                                    controller.engine.latch_minus_one[4]      1 0.5ms
                                                        controller.captured_payload[101]      1 0.5ms
        $techmap37256$abc$36427$lut$flatten\controller.$shl$/workspace/arty-frame-studio/firmware/rtl/frame_controller.v:180$152_Y[7].A[3]      1 0.5ms
                                                               controller.replies[2][43]      1 0.5ms
                                                                    transmitter.shift[5]      2 0.5ms
                                                           controller.parser.payload[35]      1 0.5ms
                                        $techmap37184$abc$36427$lut$aiger36426$3578.A[4]      1 0.5ms
                                        $techmap36703$abc$36427$lut$aiger36426$2341.A[3]      1 0.5ms
        $techmap37207$abc$36427$lut$flatten\controller.\engine.$eq$/workspace/arty-frame-studio/firmware/rtl/frame_engine.v:244$2035_Y.A[1]      2 0.5ms
                                                         controller.captured_payload[64]      1 0.5ms
                                                      controller.parser.payload_index[5]      3 0.5ms
                                                        controller.engine.word_config[7]      1 0.5ms
                                                               controller.captured_op[4]      2 0.5ms
                              $techmap36879$auto$abc9_ops.cc:1613:reintegrate$36463.A[5]      2 0.5ms
                                        $techmap36756$abc$36427$lut$aiger36426$2937.A[4]      1 0.5ms
                                                   controller.validated_aligned_word[12]      2 0.5ms
         $techmap37435$abc$36427$lut$flatten\controller.\engine.$procmux$3872_Y[16].A[2]      1 0.5ms
                                                           controller.parser.payload[58]      1 0.5ms
                                                         controller.captured_payload[43]      1 0.4ms
                                                        controller.engine.shift_word[10]      2 0.4ms
                                        $techmap36844$abc$36427$lut$aiger36426$3738.A[4]      1 0.4ms
                                                             controller.engine.ticks[13]      3 0.4ms
Info: Router2 time 5.94s
Info: Running router1 to check that route is legal...

Info: Routing..
Info: Setting up routing queue.
Info: Routing 0 arcs.
Info:            |   (re-)routed arcs  |   delta    | remaining|       time spent     |
Info:    IterCnt |  w/ripup   wo/ripup |  w/r  wo/r |      arcs| batch(sec) total(sec)|
Info:          0 |        0          0 |    0     0 |         0|       0.11       0.11|
Info: Routing complete.
Info: Router1 time 0.11s
Info: Checksum: 0xfdb80257

Info: Critical path report for clock 'core_clock' (posedge -> posedge):
Info:       type curr  total name
Info:   clk-to-q  0.35  0.35 Source $auto$ff.cc:337:slice$9304.Q
Info:    routing  0.47  0.82 Net controller.parser.timeout_count[1] (10,35) -> (10,37)
Info:                          Sink controller.parser.timeout_count[1]$LUT$$auto$alumacc.cc:512:replace_alu$7139.genblk1.slice[0].genblk1.carry4$split$muxcy0$PACKED_CARRY4$$S[1].A1
Info:                          Defined in:
Info:                               /workspace/arty-frame-studio/firmware/rtl/packet_rx.v:22.29-22.42
Info:      logic  0.12  0.94 Source controller.parser.timeout_count[1]$LUT$$auto$alumacc.cc:512:replace_alu$7139.genblk1.slice[0].genblk1.carry4$split$muxcy0$PACKED_CARRY4$$S[1].O6
Info:    routing  0.00  0.94 Net controller.parser.timeout_count[1]$legal$$auto$alumacc.cc:512:replace_alu$7139.genblk1.slice[0].genblk1.carry4$split$muxcy0$PACKED_CARRY4$$S[1] (10,37) -> (10,37)
Info:                          Sink $auto$alumacc.cc:512:replace_alu$7139.genblk1.slice[0].genblk1.carry4$split$muxcy0$PACKED_CARRY4$.S1
Info:      logic  0.56  1.50 Source $auto$alumacc.cc:512:replace_alu$7139.genblk1.slice[0].genblk1.carry4$split$muxcy0$PACKED_CARRY4$.O2
Info:    routing  0.46  1.96 Net $abc$36427$aiger36426$1468 (10,37) -> (10,34)
Info:                          Sink $abc$36427$aiger36426$1468$LUT$$flatten\controller.\parser.$ge$/workspace/arty-frame-studio/firmware/rtl/packet_rx.v:118$2375.genblk1.slice[0].genblk1.carry4$split$muxcy0$PACKED_CARRY4$$S[0].A1
Info:      logic  0.12  2.09 Source $abc$36427$aiger36426$1468$LUT$$flatten\controller.\parser.$ge$/workspace/arty-frame-studio/firmware/rtl/packet_rx.v:118$2375.genblk1.slice[0].genblk1.carry4$split$muxcy0$PACKED_CARRY4$$S[0].O6
Info:    routing  0.00  2.09 Net $abc$36427$aiger36426$1468$legal$$flatten\controller.\parser.$ge$/workspace/arty-frame-studio/firmware/rtl/packet_rx.v:118$2375.genblk1.slice[0].genblk1.carry4$split$muxcy0$PACKED_CARRY4$$S[0] (10,34) -> (10,34)
Info:                          Sink $flatten\controller.\parser.$ge$/workspace/arty-frame-studio/firmware/rtl/packet_rx.v:118$2375.genblk1.slice[0].genblk1.carry4$split$muxcy0$PACKED_CARRY4$.S0
Info:      logic  0.49  2.58 Source $flatten\controller.\parser.$ge$/workspace/arty-frame-studio/firmware/rtl/packet_rx.v:118$2375.genblk1.slice[0].genblk1.carry4$split$muxcy0$PACKED_CARRY4$.CO3
Info:    routing  0.06  2.64 Net $abc$36427$aiger36426$1631 (10,34) -> (10,33)
Info:                          Sink $flatten\controller.\parser.$ge$/workspace/arty-frame-studio/firmware/rtl/packet_rx.v:118$2375.genblk1.slice[1].genblk1.carry4$split$muxcy0$PACKED_CARRY4$.CIN
Info:      logic  0.32  2.96 Source $flatten\controller.\parser.$ge$/workspace/arty-frame-studio/firmware/rtl/packet_rx.v:118$2375.genblk1.slice[1].genblk1.carry4$split$muxcy0$PACKED_CARRY4$.O1
Info:    routing  0.65  3.61 Net $techmap37342$abc$36427$lut$aiger36426$1948.A[4] (10,33) -> (10,42)
Info:                          Sink $abc$36427$lut$aiger36426$1948.A5
Info:                          Defined in:
Info:                               /workspace/arty-frame-studio/scratch/ci-tools/oss-cad-suite/lib/../share/yosys/xilinx/lut_map.v:30.21-30.22
Info:      logic  0.12  3.73 Source $abc$36427$lut$aiger36426$1948.O6
Info:    routing  0.20  3.93 Net $techmap37355$abc$36427$lut$auto$opt_dff.cc:251:make_patterns_logic$5991.A[3] (10,42) -> (10,42)
Info:                          Sink $abc$36427$lut$auto$opt_dff.cc:251:make_patterns_logic$5991.A1
Info:                          Defined in:
Info:                               /workspace/arty-frame-studio/scratch/ci-tools/oss-cad-suite/lib/../share/yosys/xilinx/lut_map.v:30.21-30.22
Info:      logic  0.15  4.08 Source $abc$36427$lut$auto$opt_dff.cc:251:make_patterns_logic$5991.O5
Info:    routing  0.57  4.65 Net $abc$36427$auto$opt_dff.cc:251:make_patterns_logic$5991 (10,42) -> (10,42)
Info:                          Sink $auto$ff.cc:337:slice$9240.CE
Info:      setup  0.10  4.75 Source $auto$ff.cc:337:slice$9240.CE
Info: 2.35 ns logic, 2.41 ns routing

Info: Max frequency for clock 'core_clock': 210.44 MHz (PASS at 200.00 MHz)

Info: Slack histogram:
Info:  legend: * represents 5 endpoint(s)
Info:          + represents [1,5) endpoint(s)
Info: [   248,    451) |**+
Info: [   451,    654) |********+
Info: [   654,    857) |*******+
Info: [   857,   1060) |*************+
Info: [  1060,   1263) |*****************+
Info: [  1263,   1466) |*************************+
Info: [  1466,   1669) |***********************************+
Info: [  1669,   1872) |***************************************+
Info: [  1872,   2075) |*****************************+
Info: [  2075,   2278) |*********************************+
Info: [  2278,   2481) |******************************** 
Info: [  2481,   2684) |*****************************************+
Info: [  2684,   2887) |*******************************************+
Info: [  2887,   3090) |************************************************************ 
Info: [  3090,   3293) |******************************************+
Info: [  3293,   3496) |**************** 
Info: [  3496,   3699) |*****************+
Info: [  3699,   3902) |*****************************************+
Info: [  3902,   4105) |*******************************************+
Info: [  4105,   4308) |*******************+

Info: Critical path report for clock 'core_clock' (posedge -> posedge):
Info:       type curr  total name
Info:   clk-to-q  0.35  0.35 Source $auto$ff.cc:337:slice$9304.Q
Info:    routing  0.47  0.82 Net controller.parser.timeout_count[1] (10,35) -> (10,37)
Info:                          Sink controller.parser.timeout_count[1]$LUT$$auto$alumacc.cc:512:replace_alu$7139.genblk1.slice[0].genblk1.carry4$split$muxcy0$PACKED_CARRY4$$S[1].A1
Info:                          Defined in:
Info:                               /workspace/arty-frame-studio/firmware/rtl/packet_rx.v:22.29-22.42
Info:      logic  0.12  0.94 Source controller.parser.timeout_count[1]$LUT$$auto$alumacc.cc:512:replace_alu$7139.genblk1.slice[0].genblk1.carry4$split$muxcy0$PACKED_CARRY4$$S[1].O6
Info:    routing  0.00  0.94 Net controller.parser.timeout_count[1]$legal$$auto$alumacc.cc:512:replace_alu$7139.genblk1.slice[0].genblk1.carry4$split$muxcy0$PACKED_CARRY4$$S[1] (10,37) -> (10,37)
Info:                          Sink $auto$alumacc.cc:512:replace_alu$7139.genblk1.slice[0].genblk1.carry4$split$muxcy0$PACKED_CARRY4$.S1
Info:      logic  0.56  1.50 Source $auto$alumacc.cc:512:replace_alu$7139.genblk1.slice[0].genblk1.carry4$split$muxcy0$PACKED_CARRY4$.O2
Info:    routing  0.46  1.96 Net $abc$36427$aiger36426$1468 (10,37) -> (10,34)
Info:                          Sink $abc$36427$aiger36426$1468$LUT$$flatten\controller.\parser.$ge$/workspace/arty-frame-studio/firmware/rtl/packet_rx.v:118$2375.genblk1.slice[0].genblk1.carry4$split$muxcy0$PACKED_CARRY4$$S[0].A1
Info:      logic  0.12  2.09 Source $abc$36427$aiger36426$1468$LUT$$flatten\controller.\parser.$ge$/workspace/arty-frame-studio/firmware/rtl/packet_rx.v:118$2375.genblk1.slice[0].genblk1.carry4$split$muxcy0$PACKED_CARRY4$$S[0].O6
Info:    routing  0.00  2.09 Net $abc$36427$aiger36426$1468$legal$$flatten\controller.\parser.$ge$/workspace/arty-frame-studio/firmware/rtl/packet_rx.v:118$2375.genblk1.slice[0].genblk1.carry4$split$muxcy0$PACKED_CARRY4$$S[0] (10,34) -> (10,34)
Info:                          Sink $flatten\controller.\parser.$ge$/workspace/arty-frame-studio/firmware/rtl/packet_rx.v:118$2375.genblk1.slice[0].genblk1.carry4$split$muxcy0$PACKED_CARRY4$.S0
Info:      logic  0.49  2.58 Source $flatten\controller.\parser.$ge$/workspace/arty-frame-studio/firmware/rtl/packet_rx.v:118$2375.genblk1.slice[0].genblk1.carry4$split$muxcy0$PACKED_CARRY4$.CO3
Info:    routing  0.06  2.64 Net $abc$36427$aiger36426$1631 (10,34) -> (10,33)
Info:                          Sink $flatten\controller.\parser.$ge$/workspace/arty-frame-studio/firmware/rtl/packet_rx.v:118$2375.genblk1.slice[1].genblk1.carry4$split$muxcy0$PACKED_CARRY4$.CIN
Info:      logic  0.32  2.96 Source $flatten\controller.\parser.$ge$/workspace/arty-frame-studio/firmware/rtl/packet_rx.v:118$2375.genblk1.slice[1].genblk1.carry4$split$muxcy0$PACKED_CARRY4$.O1
Info:    routing  0.65  3.61 Net $techmap37342$abc$36427$lut$aiger36426$1948.A[4] (10,33) -> (10,42)
Info:                          Sink $abc$36427$lut$aiger36426$1948.A5
Info:                          Defined in:
Info:                               /workspace/arty-frame-studio/scratch/ci-tools/oss-cad-suite/lib/../share/yosys/xilinx/lut_map.v:30.21-30.22
Info:      logic  0.12  3.73 Source $abc$36427$lut$aiger36426$1948.O6
Info:    routing  0.20  3.93 Net $techmap37355$abc$36427$lut$auto$opt_dff.cc:251:make_patterns_logic$5991.A[3] (10,42) -> (10,42)
Info:                          Sink $abc$36427$lut$auto$opt_dff.cc:251:make_patterns_logic$5991.A1
Info:                          Defined in:
Info:                               /workspace/arty-frame-studio/scratch/ci-tools/oss-cad-suite/lib/../share/yosys/xilinx/lut_map.v:30.21-30.22
Info:      logic  0.15  4.08 Source $abc$36427$lut$auto$opt_dff.cc:251:make_patterns_logic$5991.O5
Info:    routing  0.57  4.65 Net $abc$36427$auto$opt_dff.cc:251:make_patterns_logic$5991 (10,42) -> (10,42)
Info:                          Sink $auto$ff.cc:337:slice$9240.CE
Info:      setup  0.10  4.75 Source $auto$ff.cc:337:slice$9240.CE
Info: 2.35 ns logic, 2.41 ns routing

Info: Max frequency for clock 'core_clock': 210.44 MHz (PASS at 200.00 MHz)

Info: Slack histogram:
Info:  legend: * represents 5 endpoint(s)
Info:          + represents [1,5) endpoint(s)
Info: [   248,    451) |**+
Info: [   451,    654) |********+
Info: [   654,    857) |*******+
Info: [   857,   1060) |*************+
Info: [  1060,   1263) |*****************+
Info: [  1263,   1466) |*************************+
Info: [  1466,   1669) |***********************************+
Info: [  1669,   1872) |***************************************+
Info: [  1872,   2075) |*****************************+
Info: [  2075,   2278) |*********************************+
Info: [  2278,   2481) |******************************** 
Info: [  2481,   2684) |*****************************************+
Info: [  2684,   2887) |*******************************************+
Info: [  2887,   3090) |************************************************************ 
Info: [  3090,   3293) |******************************************+
Info: [  3293,   3496) |**************** 
Info: [  3496,   3699) |*****************+
Info: [  3699,   3902) |*****************************************+
Info: [  3902,   4105) |*******************************************+
Info: [  4105,   4308) |*******************+
Info: Running post-routing legalisation...

2 warnings, 0 errors

Info: Program finished normally.
[exit 0]
[ODDR himbaechel] Reset R→SR vérifié sur DATA/CLK/LATCH.
$ /workspace/arty-frame-studio/scratch/ci-tools/openxc7/bin/fasm2frames --db-root /workspace/arty-frame-studio/scratch/ci-tools/openxc7/share/nextpnr/external/prjxray-db/artix7 --part xc7a100tcsg324-1 /workspace/arty-frame-studio/build/runs/461cbd33135942a5bf11e9cc76c90e68/arty_frame.fasm
[exit 0]
$ /workspace/arty-frame-studio/scratch/ci-tools/openxc7/bin/xc7frames2bit --part_file /workspace/arty-frame-studio/scratch/ci-tools/openxc7/share/nextpnr/external/prjxray-db/artix7/xc7a100tcsg324-1/part.yaml --part_name xc7a100tcsg324-1 --frm_file /workspace/arty-frame-studio/build/runs/461cbd33135942a5bf11e9cc76c90e68/arty_frame.frames --output_file /workspace/arty-frame-studio/build/runs/461cbd33135942a5bf11e9cc76c90e68/arty_frame.bit
[exit 0]
